ISO-10303-21;
HEADER;
FILE_DESCRIPTION(('FreeCAD Model'),'2;1');
FILE_NAME('Open CASCADE Shape Model','2026-08-14T16:15:39',('FreeCAD'),(
    'FreeCAD'),'Open CASCADE STEP processor 7.8','FreeCAD','Unknown');
FILE_SCHEMA(('AUTOMOTIVE_DESIGN { 1 0 10303 214 1 1 1 1 }'));
ENDSEC;
DATA;
#1 = APPLICATION_PROTOCOL_DEFINITION('international standard',
  'automotive_design',2000,#2);
#2 = APPLICATION_CONTEXT(
  'core data for automotive mechanical design processes');
#3 = SHAPE_DEFINITION_REPRESENTATION(#4,#10);
#4 = PRODUCT_DEFINITION_SHAPE('','',#5);
#5 = PRODUCT_DEFINITION('design','',#6,#9);
#6 = PRODUCT_DEFINITION_FORMATION('','',#7);
#7 = PRODUCT('Open CASCADE STEP translator 7.8 1',
  'Open CASCADE STEP translator 7.8 1','',(#8));
#8 = PRODUCT_CONTEXT('',#2,'mechanical');
#9 = PRODUCT_DEFINITION_CONTEXT('part definition',#2,'design');
#10 = ADVANCED_BREP_SHAPE_REPRESENTATION('',(#11,#15),#5933);
#11 = AXIS2_PLACEMENT_3D('',#12,#13,#14);
#12 = CARTESIAN_POINT('',(0.,0.,0.));
#13 = DIRECTION('',(0.,0.,1.));
#14 = DIRECTION('',(1.,0.,-0.));
#15 = MANIFOLD_SOLID_BREP('',#16);
#16 = CLOSED_SHELL('',(#17,#57,#1510,#1534,#2980,#2997,#3014,#3031,#3048
    ,#3065,#3082,#3099,#3116,#3133,#3150,#3167,#3184,#3201,#3218,#3235,
    #3252,#3269,#3286,#3303,#3320,#3337,#3354,#3371,#3388,#3405,#3422,
    #3439,#3456,#3473,#3490,#3507,#3524,#3541,#3558,#3575,#3592,#3609,
    #3626,#3643,#3660,#3677,#3694,#3711,#3728,#3745,#3762,#3779,#3796,
    #3813,#3830,#3847,#3864,#3881,#3898,#3915,#3932,#3949,#3966,#3983,
    #4000,#4017,#4034,#4051,#4068,#4085,#4102,#4119,#4131,#4153,#4170,
    #4187,#4204,#4221,#4233,#4255,#4272,#4289,#4306,#4323,#4335,#4352,
    #4374,#4391,#4408,#4425,#4442,#4454,#4476,#4493,#4510,#4527,#4544,
    #4556,#4573,#4595,#4612,#4629,#4646,#4663,#4675,#4697,#4714,#4731,
    #4748,#4765,#4777,#4799,#4816,#4833,#4850,#4867,#4879,#4901,#4918,
    #4935,#4952,#4969,#4981,#5003,#5020,#5037,#5054,#5071,#5083,#5105,
    #5122,#5139,#5156,#5173,#5185,#5202,#5224,#5241,#5258,#5275,#5292,
    #5304,#5326,#5343,#5360,#5377,#5394,#5406,#5428,#5445,#5462,#5479,
    #5496,#5508,#5530,#5547,#5564,#5581,#5598,#5610,#5627,#5649,#5666,
    #5683,#5700,#5717,#5729,#5751,#5768,#5785,#5802,#5819,#5831,#5853,
    #5870,#5887,#5904,#5921));
#17 = ADVANCED_FACE('',(#18),#52,.F.);
#18 = FACE_BOUND('',#19,.F.);
#19 = EDGE_LOOP('',(#20,#30,#38,#46));
#20 = ORIENTED_EDGE('',*,*,#21,.F.);
#21 = EDGE_CURVE('',#22,#24,#26,.T.);
#22 = VERTEX_POINT('',#23);
#23 = CARTESIAN_POINT('',(64.803847577293,9.,0.));
#24 = VERTEX_POINT('',#25);
#25 = CARTESIAN_POINT('',(60.77980021921,15.969854476264,0.));
#26 = LINE('',#27,#28);
#27 = CARTESIAN_POINT('',(70.,0.,0.));
#28 = VECTOR('',#29,1.);
#29 = DIRECTION('',(-0.5,0.866025403784,0.));
#30 = ORIENTED_EDGE('',*,*,#31,.T.);
#31 = EDGE_CURVE('',#22,#32,#34,.T.);
#32 = VERTEX_POINT('',#33);
#33 = CARTESIAN_POINT('',(64.803847577293,9.,6.));
#34 = LINE('',#35,#36);
#35 = CARTESIAN_POINT('',(64.803847577293,9.,-0.5));
#36 = VECTOR('',#37,1.);
#37 = DIRECTION('',(0.,0.,1.));
#38 = ORIENTED_EDGE('',*,*,#39,.T.);
#39 = EDGE_CURVE('',#32,#40,#42,.T.);
#40 = VERTEX_POINT('',#41);
#41 = CARTESIAN_POINT('',(60.77980021921,15.969854476264,6.));
#42 = LINE('',#43,#44);
#43 = CARTESIAN_POINT('',(70.,0.,6.));
#44 = VECTOR('',#45,1.);
#45 = DIRECTION('',(-0.5,0.866025403784,0.));
#46 = ORIENTED_EDGE('',*,*,#47,.T.);
#47 = EDGE_CURVE('',#40,#24,#48,.T.);
#48 = LINE('',#49,#50);
#49 = CARTESIAN_POINT('',(60.77980021921,15.969854476264,-0.5));
#50 = VECTOR('',#51,1.);
#51 = DIRECTION('',(0.,0.,-1.));
#52 = PLANE('',#53);
#53 = AXIS2_PLACEMENT_3D('',#54,#55,#56);
#54 = CARTESIAN_POINT('',(70.,0.,0.));
#55 = DIRECTION('',(-0.866025403784,-0.5,0.));
#56 = DIRECTION('',(-0.5,0.866025403784,0.));
#57 = ADVANCED_FACE('',(#58,#611,#661,#711,#722,#772,#822,#833,#883,#933
    ,#983,#1033,#1083,#1133,#1144,#1194,#1244,#1294,#1344,#1355,#1405,
    #1455),#1505,.F.);
#58 = FACE_BOUND('',#59,.F.);
#59 = EDGE_LOOP('',(#60,#68,#69,#77,#85,#93,#101,#109,#117,#125,#133,
    #141,#149,#157,#165,#173,#181,#189,#197,#205,#213,#221,#229,#237,
    #245,#253,#261,#269,#277,#285,#293,#301,#309,#317,#325,#333,#341,
    #349,#357,#365,#373,#381,#389,#397,#405,#413,#421,#429,#437,#445,
    #453,#461,#469,#477,#485,#493,#501,#509,#517,#525,#533,#541,#549,
    #557,#565,#573,#581,#589,#597,#605));
#60 = ORIENTED_EDGE('',*,*,#61,.T.);
#61 = EDGE_CURVE('',#62,#22,#64,.T.);
#62 = VERTEX_POINT('',#63);
#63 = CARTESIAN_POINT('',(48.,9.,0.));
#64 = LINE('',#65,#66);
#65 = CARTESIAN_POINT('',(36.,9.,0.));
#66 = VECTOR('',#67,1.);
#67 = DIRECTION('',(1.,0.,0.));
#68 = ORIENTED_EDGE('',*,*,#21,.T.);
#69 = ORIENTED_EDGE('',*,*,#70,.T.);
#70 = EDGE_CURVE('',#24,#71,#73,.T.);
#71 = VERTEX_POINT('',#72);
#72 = CARTESIAN_POINT('',(58.557023050348,14.686533479473,0.));
#73 = LINE('',#74,#75);
#74 = CARTESIAN_POINT('',(33.418411634779,0.172749411641,0.));
#75 = VECTOR('',#76,1.);
#76 = DIRECTION('',(-0.866025403784,-0.5,0.));
#77 = ORIENTED_EDGE('',*,*,#78,.T.);
#78 = EDGE_CURVE('',#71,#79,#81,.T.);
#79 = VERTEX_POINT('',#80);
#80 = CARTESIAN_POINT('',(52.494845223857,18.186533479473,0.));
#81 = LINE('',#82,#83);
#82 = CARTESIAN_POINT('',(36.746778264911,27.278684177437,
    1.110223024625E-16));
#83 = VECTOR('',#84,1.);
#84 = DIRECTION('',(-0.866025403784,0.5,0.));
#85 = ORIENTED_EDGE('',*,*,#86,.T.);
#86 = EDGE_CURVE('',#79,#87,#89,.T.);
#87 = VERTEX_POINT('',#88);
#88 = CARTESIAN_POINT('',(52.494845223857,25.186533479473,0.));
#89 = LINE('',#90,#91);
#90 = CARTESIAN_POINT('',(52.494845223857,12.593266739737,0.));
#91 = VECTOR('',#92,1.);
#92 = DIRECTION('',(0.,1.,0.));
#93 = ORIENTED_EDGE('',*,*,#94,.T.);
#94 = EDGE_CURVE('',#87,#95,#97,.T.);
#95 = VERTEX_POINT('',#96);
#96 = CARTESIAN_POINT('',(54.717622392719,26.469854476264,0.));
#97 = LINE('',#98,#99);
#98 = CARTESIAN_POINT('',(30.387322721533,12.422749411641,
    1.110223024625E-16));
#99 = VECTOR('',#100,1.);
#100 = DIRECTION('',(0.866025403784,0.5,0.));
#101 = ORIENTED_EDGE('',*,*,#102,.T.);
#102 = EDGE_CURVE('',#95,#103,#105,.T.);
#103 = VERTEX_POINT('',#104);
#104 = CARTESIAN_POINT('',(53.217622392719,29.067930687617,0.));
#105 = LINE('',#106,#107);
#106 = CARTESIAN_POINT('',(70.,0.,0.));
#107 = VECTOR('',#108,1.);
#108 = DIRECTION('',(-0.5,0.866025403784,0.));
#109 = ORIENTED_EDGE('',*,*,#110,.T.);
#110 = EDGE_CURVE('',#103,#111,#113,.T.);
#111 = VERTEX_POINT('',#112);
#112 = CARTESIAN_POINT('',(50.994845223857,27.784609690827,0.));
#113 = LINE('',#114,#115);
#114 = CARTESIAN_POINT('',(25.856233808288,13.270825622994,0.));
#115 = VECTOR('',#116,1.);
#116 = DIRECTION('',(-0.866025403784,-0.5,0.));
#117 = ORIENTED_EDGE('',*,*,#118,.T.);
#118 = EDGE_CURVE('',#111,#119,#121,.T.);
#119 = VERTEX_POINT('',#120);
#120 = CARTESIAN_POINT('',(44.932667397366,31.284609690827,0.));
#121 = LINE('',#122,#123);
#122 = CARTESIAN_POINT('',(34.856233808288,37.102241335952,
    1.110223024625E-16));
#123 = VECTOR('',#124,1.);
#124 = DIRECTION('',(-0.866025403784,0.5,0.));
#125 = ORIENTED_EDGE('',*,*,#126,.T.);
#126 = EDGE_CURVE('',#119,#127,#129,.T.);
#127 = VERTEX_POINT('',#128);
#128 = CARTESIAN_POINT('',(44.932667397366,38.284609690827,0.));
#129 = LINE('',#130,#131);
#130 = CARTESIAN_POINT('',(44.932667397366,19.142304845413,0.));
#131 = VECTOR('',#132,1.);
#132 = DIRECTION('',(0.,1.,0.));
#133 = ORIENTED_EDGE('',*,*,#134,.T.);
#134 = EDGE_CURVE('',#127,#135,#137,.T.);
#135 = VERTEX_POINT('',#136);
#136 = CARTESIAN_POINT('',(47.155444566228,39.567930687617,0.));
#137 = LINE('',#138,#139);
#138 = CARTESIAN_POINT('',(22.825144895042,25.520825622994,
    1.110223024625E-16));
#139 = VECTOR('',#140,1.);
#140 = DIRECTION('',(0.866025403784,0.5,0.));
#141 = ORIENTED_EDGE('',*,*,#142,.T.);
#142 = EDGE_CURVE('',#135,#143,#145,.T.);
#143 = VERTEX_POINT('',#144);
#144 = CARTESIAN_POINT('',(40.196152422707,51.621778264911,0.));
#145 = LINE('',#146,#147);
#146 = CARTESIAN_POINT('',(70.,0.,0.));
#147 = VECTOR('',#148,1.);
#148 = DIRECTION('',(-0.5,0.866025403784,0.));
#149 = ORIENTED_EDGE('',*,*,#150,.T.);
#150 = EDGE_CURVE('',#143,#151,#153,.T.);
#151 = VERTEX_POINT('',#152);
#152 = CARTESIAN_POINT('',(31.79422863406,37.069219381653,0.));
#153 = LINE('',#154,#155);
#154 = CARTESIAN_POINT('',(19.79422863406,16.284609690827,0.));
#155 = VECTOR('',#156,1.);
#156 = DIRECTION('',(-0.5,-0.866025403784,0.));
#157 = ORIENTED_EDGE('',*,*,#158,.T.);
#158 = EDGE_CURVE('',#151,#159,#161,.T.);
#159 = VERTEX_POINT('',#160);
#160 = CARTESIAN_POINT('',(16.20577136594,46.069219381653,0.));
#161 = LINE('',#162,#163);
#162 = CARTESIAN_POINT('',(20.10288568297,43.819219381653,0.));
#163 = VECTOR('',#164,1.);
#164 = DIRECTION('',(-0.866025403784,0.5,0.));
#165 = ORIENTED_EDGE('',*,*,#166,.T.);
#166 = EDGE_CURVE('',#159,#167,#169,.T.);
#167 = VERTEX_POINT('',#168);
#168 = CARTESIAN_POINT('',(24.607695154587,60.621778264911,0.));
#169 = LINE('',#170,#171);
#170 = CARTESIAN_POINT('',(10.20577136594,35.67691453624,0.));
#171 = VECTOR('',#172,1.);
#172 = DIRECTION('',(0.5,0.866025403784,0.));
#173 = ORIENTED_EDGE('',*,*,#174,.T.);
#174 = EDGE_CURVE('',#167,#175,#177,.T.);
#175 = VERTEX_POINT('',#176);
#176 = CARTESIAN_POINT('',(11.683956091402,60.621778264911,0.));
#177 = LINE('',#178,#179);
#178 = CARTESIAN_POINT('',(35.,60.621778264911,0.));
#179 = VECTOR('',#180,1.);
#180 = DIRECTION('',(-1.,1.015061051086E-16,0.));
#181 = ORIENTED_EDGE('',*,*,#182,.T.);
#182 = EDGE_CURVE('',#175,#183,#185,.T.);
#183 = VERTEX_POINT('',#184);
#184 = CARTESIAN_POINT('',(11.683956091402,57.480762113533,0.));
#185 = LINE('',#186,#187);
#186 = CARTESIAN_POINT('',(11.683956091402,28.740381056767,0.));
#187 = VECTOR('',#188,1.);
#188 = DIRECTION('',(0.,-1.,0.));
#189 = ORIENTED_EDGE('',*,*,#190,.T.);
#190 = EDGE_CURVE('',#183,#191,#193,.T.);
#191 = VERTEX_POINT('',#192);
#192 = CARTESIAN_POINT('',(5.621778264911,53.980762113533,0.));
#193 = LINE('',#194,#195);
#194 = CARTESIAN_POINT('',(-8.173566410922,46.016016151378,
    1.110223024625E-16));
#195 = VECTOR('',#196,1.);
#196 = DIRECTION('',(-0.866025403784,-0.5,0.));
#197 = ORIENTED_EDGE('',*,*,#198,.T.);
#198 = EDGE_CURVE('',#191,#199,#201,.T.);
#199 = VERTEX_POINT('',#200);
#200 = CARTESIAN_POINT('',(-0.44039956158,57.480762113533,0.));
#201 = LINE('',#202,#203);
#202 = CARTESIAN_POINT('',(12.169700328815,50.200317547305,0.));
#203 = VECTOR('',#204,1.);
#204 = DIRECTION('',(-0.866025403784,0.5,0.));
#205 = ORIENTED_EDGE('',*,*,#206,.T.);
#206 = EDGE_CURVE('',#199,#207,#209,.T.);
#207 = VERTEX_POINT('',#208);
#208 = CARTESIAN_POINT('',(-0.44039956158,60.621778264911,0.));
#209 = LINE('',#210,#211);
#210 = CARTESIAN_POINT('',(-0.44039956158,32.240381056767,0.));
#211 = VECTOR('',#212,1.);
#212 = DIRECTION('',(-1.268826313857E-16,1.,0.));
#213 = ORIENTED_EDGE('',*,*,#214,.T.);
#214 = EDGE_CURVE('',#207,#215,#217,.T.);
#215 = VERTEX_POINT('',#216);
#216 = CARTESIAN_POINT('',(-3.44039956158,60.621778264911,0.));
#217 = LINE('',#218,#219);
#218 = CARTESIAN_POINT('',(35.,60.621778264911,0.));
#219 = VECTOR('',#220,1.);
#220 = DIRECTION('',(-1.,1.015061051086E-16,0.));
#221 = ORIENTED_EDGE('',*,*,#222,.T.);
#222 = EDGE_CURVE('',#215,#223,#225,.T.);
#223 = VERTEX_POINT('',#224);
#224 = CARTESIAN_POINT('',(-3.44039956158,57.480762113533,0.));
#225 = LINE('',#226,#227);
#226 = CARTESIAN_POINT('',(-3.44039956158,28.740381056767,0.));
#227 = VECTOR('',#228,1.);
#228 = DIRECTION('',(-2.537652627715E-16,-1.,0.));
#229 = ORIENTED_EDGE('',*,*,#230,.T.);
#230 = EDGE_CURVE('',#223,#231,#233,.T.);
#231 = VERTEX_POINT('',#232);
#232 = CARTESIAN_POINT('',(-9.502577388071,53.980762113533,0.));
#233 = LINE('',#234,#235);
#234 = CARTESIAN_POINT('',(-17.62628869403,49.290535204216,
    1.110223024625E-16));
#235 = VECTOR('',#236,1.);
#236 = DIRECTION('',(-0.866025403784,-0.5,0.));
#237 = ORIENTED_EDGE('',*,*,#238,.T.);
#238 = EDGE_CURVE('',#231,#239,#241,.T.);
#239 = VERTEX_POINT('',#240);
#240 = CARTESIAN_POINT('',(-15.56475521456,57.480762113533,0.));
#241 = LINE('',#242,#243);
#242 = CARTESIAN_POINT('',(2.716978045701,46.925798494467,0.));
#243 = VECTOR('',#244,1.);
#244 = DIRECTION('',(-0.866025403784,0.5,0.));
#245 = ORIENTED_EDGE('',*,*,#246,.T.);
#246 = EDGE_CURVE('',#239,#247,#249,.T.);
#247 = VERTEX_POINT('',#248);
#248 = CARTESIAN_POINT('',(-15.56475521456,60.621778264911,0.));
#249 = LINE('',#250,#251);
#250 = CARTESIAN_POINT('',(-15.56475521456,32.240381056767,0.));
#251 = VECTOR('',#252,1.);
#252 = DIRECTION('',(0.,1.,0.));
#253 = ORIENTED_EDGE('',*,*,#254,.T.);
#254 = EDGE_CURVE('',#247,#255,#257,.T.);
#255 = VERTEX_POINT('',#256);
#256 = CARTESIAN_POINT('',(-24.60769515458,60.621778264911,0.));
#257 = LINE('',#258,#259);
#258 = CARTESIAN_POINT('',(35.,60.621778264911,0.));
#259 = VECTOR('',#260,1.);
#260 = DIRECTION('',(-1.,1.015061051086E-16,0.));
#261 = ORIENTED_EDGE('',*,*,#262,.T.);
#262 = EDGE_CURVE('',#255,#263,#265,.T.);
#263 = VERTEX_POINT('',#264);
#264 = CARTESIAN_POINT('',(-16.20577136594,46.069219381653,0.));
#265 = LINE('',#266,#267);
#266 = CARTESIAN_POINT('',(-4.20577136594,25.284609690827,
    1.110223024625E-16));
#267 = VECTOR('',#268,1.);
#268 = DIRECTION('',(0.5,-0.866025403784,0.));
#269 = ORIENTED_EDGE('',*,*,#270,.T.);
#270 = EDGE_CURVE('',#263,#271,#273,.T.);
#271 = VERTEX_POINT('',#272);
#272 = CARTESIAN_POINT('',(-31.79422863406,37.069219381653,0.));
#273 = LINE('',#274,#275);
#274 = CARTESIAN_POINT('',(-27.89711431703,39.319219381653,0.));
#275 = VECTOR('',#276,1.);
#276 = DIRECTION('',(-0.866025403784,-0.5,0.));
#277 = ORIENTED_EDGE('',*,*,#278,.T.);
#278 = EDGE_CURVE('',#271,#279,#281,.T.);
#279 = VERTEX_POINT('',#280);
#280 = CARTESIAN_POINT('',(-40.1961524227,51.621778264911,0.));
#281 = LINE('',#282,#283);
#282 = CARTESIAN_POINT('',(-25.79422863406,26.67691453624,
    1.110223024625E-16));
#283 = VECTOR('',#284,1.);
#284 = DIRECTION('',(-0.5,0.866025403784,0.));
#285 = ORIENTED_EDGE('',*,*,#286,.T.);
#286 = EDGE_CURVE('',#279,#287,#289,.T.);
#287 = VERTEX_POINT('',#288);
#288 = CARTESIAN_POINT('',(-48.81346652052,36.696152422707,0.));
#289 = LINE('',#290,#291);
#290 = CARTESIAN_POINT('',(-35.,60.621778264911,0.));
#291 = VECTOR('',#292,1.);
#292 = DIRECTION('',(-0.5,-0.866025403784,0.));
#293 = ORIENTED_EDGE('',*,*,#294,.T.);
#294 = EDGE_CURVE('',#287,#295,#297,.T.);
#295 = VERTEX_POINT('',#296);
#296 = CARTESIAN_POINT('',(-48.81346652052,31.284609690827,0.));
#297 = LINE('',#298,#299);
#298 = CARTESIAN_POINT('',(-48.81346652052,15.642304845413,0.));
#299 = VECTOR('',#300,1.);
#300 = DIRECTION('',(-1.015061051086E-15,-1.,0.));
#301 = ORIENTED_EDGE('',*,*,#302,.T.);
#302 = EDGE_CURVE('',#295,#303,#305,.T.);
#303 = VERTEX_POINT('',#304);
#304 = CARTESIAN_POINT('',(-53.5,28.578838324886,0.));
#305 = LINE('',#306,#307);
#306 = CARTESIAN_POINT('',(-40.3128221735,36.192458992863,0.));
#307 = VECTOR('',#308,1.);
#308 = DIRECTION('',(-0.866025403784,-0.5,0.));
#309 = ORIENTED_EDGE('',*,*,#310,.T.);
#310 = EDGE_CURVE('',#303,#311,#313,.T.);
#311 = VERTEX_POINT('',#312);
#312 = CARTESIAN_POINT('',(-56.37564434701,23.598076211353,0.));
#313 = LINE('',#314,#315);
#314 = CARTESIAN_POINT('',(-35.,60.621778264911,0.));
#315 = VECTOR('',#316,1.);
#316 = DIRECTION('',(-0.5,-0.866025403784,0.));
#317 = ORIENTED_EDGE('',*,*,#318,.T.);
#318 = EDGE_CURVE('',#311,#319,#321,.T.);
#319 = VERTEX_POINT('',#320);
#320 = CARTESIAN_POINT('',(-56.37564434701,18.186533479473,0.));
#321 = LINE('',#322,#323);
#322 = CARTESIAN_POINT('',(-56.37564434701,9.093266739737,0.));
#323 = VECTOR('',#324,1.);
#324 = DIRECTION('',(-1.015061051086E-15,-1.,0.));
#325 = ORIENTED_EDGE('',*,*,#326,.T.);
#326 = EDGE_CURVE('',#319,#327,#329,.T.);
#327 = VERTEX_POINT('',#328);
#328 = CARTESIAN_POINT('',(-61.06217782649,15.480762113533,0.));
#329 = LINE('',#330,#331);
#330 = CARTESIAN_POINT('',(-42.20336663013,26.368901834348,0.));
#331 = VECTOR('',#332,1.);
#332 = DIRECTION('',(-0.866025403784,-0.5,0.));
#333 = ORIENTED_EDGE('',*,*,#334,.T.);
#334 = EDGE_CURVE('',#327,#335,#337,.T.);
#335 = VERTEX_POINT('',#336);
#336 = CARTESIAN_POINT('',(-64.80384757729,9.,0.));
#337 = LINE('',#338,#339);
#338 = CARTESIAN_POINT('',(-35.,60.621778264911,0.));
#339 = VECTOR('',#340,1.);
#340 = DIRECTION('',(-0.5,-0.866025403784,0.));
#341 = ORIENTED_EDGE('',*,*,#342,.T.);
#342 = EDGE_CURVE('',#335,#343,#345,.T.);
#343 = VERTEX_POINT('',#344);
#344 = CARTESIAN_POINT('',(-48.,9.,0.));
#345 = LINE('',#346,#347);
#346 = CARTESIAN_POINT('',(-24.,9.,0.));
#347 = VECTOR('',#348,1.);
#348 = DIRECTION('',(1.,-1.480297366167E-16,0.));
#349 = ORIENTED_EDGE('',*,*,#350,.T.);
#350 = EDGE_CURVE('',#343,#351,#353,.T.);
#351 = VERTEX_POINT('',#352);
#352 = CARTESIAN_POINT('',(-48.,-9.,0.));
#353 = LINE('',#354,#355);
#354 = CARTESIAN_POINT('',(-48.,-4.5,0.));
#355 = VECTOR('',#356,1.);
#356 = DIRECTION('',(0.,-1.,0.));
#357 = ORIENTED_EDGE('',*,*,#358,.T.);
#358 = EDGE_CURVE('',#351,#359,#361,.T.);
#359 = VERTEX_POINT('',#360);
#360 = CARTESIAN_POINT('',(-64.80384757729,-9.,0.));
#361 = LINE('',#362,#363);
#362 = CARTESIAN_POINT('',(-36.,-9.,0.));
#363 = VECTOR('',#364,1.);
#364 = DIRECTION('',(-1.,1.480297366167E-16,0.));
#365 = ORIENTED_EDGE('',*,*,#366,.T.);
#366 = EDGE_CURVE('',#359,#367,#369,.T.);
#367 = VERTEX_POINT('',#368);
#368 = CARTESIAN_POINT('',(-53.37564434701,-28.79422863406,0.));
#369 = LINE('',#370,#371);
#370 = CARTESIAN_POINT('',(-70.,8.572527594031E-15,0.));
#371 = VECTOR('',#372,1.);
#372 = DIRECTION('',(0.5,-0.866025403784,0.));
#373 = ORIENTED_EDGE('',*,*,#374,.T.);
#374 = EDGE_CURVE('',#367,#375,#377,.T.);
#375 = VERTEX_POINT('',#376);
#376 = CARTESIAN_POINT('',(-53.37564434701,-27.20577136594,0.));
#377 = LINE('',#378,#379);
#378 = CARTESIAN_POINT('',(-53.37564434701,-13.60288568297,0.));
#379 = VECTOR('',#380,1.);
#380 = DIRECTION('',(0.,1.,0.));
#381 = ORIENTED_EDGE('',*,*,#382,.T.);
#382 = EDGE_CURVE('',#375,#383,#385,.T.);
#383 = VERTEX_POINT('',#384);
#384 = CARTESIAN_POINT('',(-47.31346652052,-23.70577136594,0.));
#385 = LINE('',#386,#387);
#386 = CARTESIAN_POINT('',(-24.43846652052,-10.49888395822,
    1.110223024625E-16));
#387 = VECTOR('',#388,1.);
#388 = DIRECTION('',(0.866025403784,0.5,0.));
#389 = ORIENTED_EDGE('',*,*,#390,.T.);
#390 = EDGE_CURVE('',#383,#391,#393,.T.);
#391 = VERTEX_POINT('',#392);
#392 = CARTESIAN_POINT('',(-41.25128869403,-27.20577136594,0.));
#393 = LINE('',#394,#395);
#394 = CARTESIAN_POINT('',(-31.67227771688,-32.73621593216,
    1.110223024625E-16));
#395 = VECTOR('',#396,1.);
#396 = DIRECTION('',(0.866025403784,-0.5,0.));
#397 = ORIENTED_EDGE('',*,*,#398,.T.);
#398 = EDGE_CURVE('',#391,#399,#401,.T.);
#399 = VERTEX_POINT('',#400);
#400 = CARTESIAN_POINT('',(-41.25128869403,-34.20577136594,0.));
#401 = LINE('',#402,#403);
#402 = CARTESIAN_POINT('',(-41.25128869403,-17.10288568297,0.));
#403 = VECTOR('',#404,1.);
#404 = DIRECTION('',(-1.015061051086E-15,-1.,0.));
#405 = ORIENTED_EDGE('',*,*,#406,.T.);
#406 = EDGE_CURVE('',#399,#407,#409,.T.);
#407 = VERTEX_POINT('',#408);
#408 = CARTESIAN_POINT('',(-47.31346652052,-37.70577136594,0.));
#409 = LINE('',#410,#411);
#410 = CARTESIAN_POINT('',(-21.40737760728,-22.74888395822,
    1.110223024625E-16));
#411 = VECTOR('',#412,1.);
#412 = DIRECTION('',(-0.866025403784,-0.5,0.));
#413 = ORIENTED_EDGE('',*,*,#414,.T.);
#414 = EDGE_CURVE('',#407,#415,#417,.T.);
#415 = VERTEX_POINT('',#416);
#416 = CARTESIAN_POINT('',(-48.68911086754,-36.91154273188,0.));
#417 = LINE('',#418,#419);
#418 = CARTESIAN_POINT('',(-40.76554445662,-41.48621593216,
    1.110223024625E-16));
#419 = VECTOR('',#420,1.);
#420 = DIRECTION('',(-0.866025403784,0.5,0.));
#421 = ORIENTED_EDGE('',*,*,#422,.T.);
#422 = EDGE_CURVE('',#415,#423,#425,.T.);
#423 = VERTEX_POINT('',#424);
#424 = CARTESIAN_POINT('',(-40.1961524227,-51.62177826491,0.));
#425 = LINE('',#426,#427);
#426 = CARTESIAN_POINT('',(-70.,8.572527594031E-15,0.));
#427 = VECTOR('',#428,1.);
#428 = DIRECTION('',(0.5,-0.866025403784,0.));
#429 = ORIENTED_EDGE('',*,*,#430,.T.);
#430 = EDGE_CURVE('',#423,#431,#433,.T.);
#431 = VERTEX_POINT('',#432);
#432 = CARTESIAN_POINT('',(-31.79422863406,-37.06921938165,0.));
#433 = LINE('',#434,#435);
#434 = CARTESIAN_POINT('',(-19.79422863406,-16.28460969082,0.));
#435 = VECTOR('',#436,1.);
#436 = DIRECTION('',(0.5,0.866025403784,0.));
#437 = ORIENTED_EDGE('',*,*,#438,.T.);
#438 = EDGE_CURVE('',#431,#439,#441,.T.);
#439 = VERTEX_POINT('',#440);
#440 = CARTESIAN_POINT('',(-16.20577136594,-46.06921938165,0.));
#441 = LINE('',#442,#443);
#442 = CARTESIAN_POINT('',(-20.10288568297,-43.81921938165,0.));
#443 = VECTOR('',#444,1.);
#444 = DIRECTION('',(0.866025403784,-0.5,0.));
#445 = ORIENTED_EDGE('',*,*,#446,.T.);
#446 = EDGE_CURVE('',#439,#447,#449,.T.);
#447 = VERTEX_POINT('',#448);
#448 = CARTESIAN_POINT('',(-24.60769515458,-60.62177826491,0.));
#449 = LINE('',#450,#451);
#450 = CARTESIAN_POINT('',(-10.20577136594,-35.67691453624,0.));
#451 = VECTOR('',#452,1.);
#452 = DIRECTION('',(-0.5,-0.866025403784,0.));
#453 = ORIENTED_EDGE('',*,*,#454,.T.);
#454 = EDGE_CURVE('',#447,#455,#457,.T.);
#455 = VERTEX_POINT('',#456);
#456 = CARTESIAN_POINT('',(-7.621778264911,-60.62177826491,0.));
#457 = LINE('',#458,#459);
#458 = CARTESIAN_POINT('',(-35.,-60.62177826491,0.));
#459 = VECTOR('',#460,1.);
#460 = DIRECTION('',(1.,-2.030122102172E-16,0.));
#461 = ORIENTED_EDGE('',*,*,#462,.T.);
#462 = EDGE_CURVE('',#455,#463,#465,.T.);
#463 = VERTEX_POINT('',#464);
#464 = CARTESIAN_POINT('',(-8.002577388071,-60.40192378864,0.));
#465 = LINE('',#466,#467);
#466 = CARTESIAN_POINT('',(-18.07901097715,-54.58429214352,0.));
#467 = VECTOR('',#468,1.);
#468 = DIRECTION('',(-0.866025403784,0.5,0.));
#469 = ORIENTED_EDGE('',*,*,#470,.T.);
#470 = EDGE_CURVE('',#463,#471,#473,.T.);
#471 = VERTEX_POINT('',#472);
#472 = CARTESIAN_POINT('',(-8.002577388071,-53.40192378864,0.));
#473 = LINE('',#474,#475);
#474 = CARTESIAN_POINT('',(-8.002577388071,-26.70096189432,0.));
#475 = VECTOR('',#476,1.);
#476 = DIRECTION('',(0.,1.,0.));
#477 = ORIENTED_EDGE('',*,*,#478,.T.);
#478 = EDGE_CURVE('',#471,#479,#481,.T.);
#479 = VERTEX_POINT('',#480);
#480 = CARTESIAN_POINT('',(-1.94039956158,-49.90192378864,0.));
#481 = LINE('',#482,#483);
#482 = CARTESIAN_POINT('',(9.591333698683,-43.24407448661,0.));
#483 = VECTOR('',#484,1.);
#484 = DIRECTION('',(0.866025403784,0.5,0.));
#485 = ORIENTED_EDGE('',*,*,#486,.T.);
#486 = EDGE_CURVE('',#479,#487,#489,.T.);
#487 = VERTEX_POINT('',#488);
#488 = CARTESIAN_POINT('',(4.121778264911,-53.40192378864,0.));
#489 = LINE('',#490,#491);
#490 = CARTESIAN_POINT('',(-8.985744237413,-45.83429214352,0.));
#491 = VECTOR('',#492,1.);
#492 = DIRECTION('',(0.866025403784,-0.5,0.));
#493 = ORIENTED_EDGE('',*,*,#494,.T.);
#494 = EDGE_CURVE('',#487,#495,#497,.T.);
#495 = VERTEX_POINT('',#496);
#496 = CARTESIAN_POINT('',(4.121778264911,-60.40192378864,0.));
#497 = LINE('',#498,#499);
#498 = CARTESIAN_POINT('',(4.121778264911,-30.20096189432,0.));
#499 = VECTOR('',#500,1.);
#500 = DIRECTION('',(-2.537652627715E-16,-1.,0.));
#501 = ORIENTED_EDGE('',*,*,#502,.T.);
#502 = EDGE_CURVE('',#495,#503,#505,.T.);
#503 = VERTEX_POINT('',#504);
#504 = CARTESIAN_POINT('',(3.74097914175,-60.62177826491,0.));
#505 = LINE('',#506,#507);
#506 = CARTESIAN_POINT('',(12.622422611929,-55.49407448661,0.));
#507 = VECTOR('',#508,1.);
#508 = DIRECTION('',(-0.866025403784,-0.5,0.));
#509 = ORIENTED_EDGE('',*,*,#510,.T.);
#510 = EDGE_CURVE('',#503,#511,#513,.T.);
#511 = VERTEX_POINT('',#512);
#512 = CARTESIAN_POINT('',(24.607695154587,-60.62177826491,0.));
#513 = LINE('',#514,#515);
#514 = CARTESIAN_POINT('',(-35.,-60.62177826491,0.));
#515 = VECTOR('',#516,1.);
#516 = DIRECTION('',(1.,-2.030122102172E-16,0.));
#517 = ORIENTED_EDGE('',*,*,#518,.T.);
#518 = EDGE_CURVE('',#511,#519,#521,.T.);
#519 = VERTEX_POINT('',#520);
#520 = CARTESIAN_POINT('',(16.20577136594,-46.06921938165,0.));
#521 = LINE('',#522,#523);
#522 = CARTESIAN_POINT('',(4.20577136594,-25.28460969082,0.));
#523 = VECTOR('',#524,1.);
#524 = DIRECTION('',(-0.5,0.866025403784,0.));
#525 = ORIENTED_EDGE('',*,*,#526,.T.);
#526 = EDGE_CURVE('',#519,#527,#529,.T.);
#527 = VERTEX_POINT('',#528);
#528 = CARTESIAN_POINT('',(31.79422863406,-37.06921938165,0.));
#529 = LINE('',#530,#531);
#530 = CARTESIAN_POINT('',(27.89711431703,-39.31921938165,0.));
#531 = VECTOR('',#532,1.);
#532 = DIRECTION('',(0.866025403784,0.5,0.));
#533 = ORIENTED_EDGE('',*,*,#534,.T.);
#534 = EDGE_CURVE('',#527,#535,#537,.T.);
#535 = VERTEX_POINT('',#536);
#536 = CARTESIAN_POINT('',(40.196152422707,-51.62177826491,0.));
#537 = LINE('',#538,#539);
#538 = CARTESIAN_POINT('',(25.79422863406,-26.67691453624,0.));
#539 = VECTOR('',#540,1.);
#540 = DIRECTION('',(0.5,-0.866025403784,0.));
#541 = ORIENTED_EDGE('',*,*,#542,.T.);
#542 = EDGE_CURVE('',#535,#543,#545,.T.);
#543 = VERTEX_POINT('',#544);
#544 = CARTESIAN_POINT('',(44.932667397366,-43.41789367799,0.));
#545 = LINE('',#546,#547);
#546 = CARTESIAN_POINT('',(35.,-60.62177826491,0.));
#547 = VECTOR('',#548,1.);
#548 = DIRECTION('',(0.5,0.866025403784,0.));
#549 = ORIENTED_EDGE('',*,*,#550,.T.);
#550 = EDGE_CURVE('',#543,#551,#553,.T.);
#551 = VERTEX_POINT('',#552);
#552 = CARTESIAN_POINT('',(44.932667397366,-40.30384757729,0.));
#553 = LINE('',#554,#555);
#554 = CARTESIAN_POINT('',(44.932667397366,-20.15192378864,0.));
#555 = VECTOR('',#556,1.);
#556 = DIRECTION('',(0.,1.,0.));
#557 = ORIENTED_EDGE('',*,*,#558,.T.);
#558 = EDGE_CURVE('',#551,#559,#561,.T.);
#559 = VERTEX_POINT('',#560);
#560 = CARTESIAN_POINT('',(47.629510429125,-38.74682452694,0.));
#561 = LINE('',#562,#563);
#562 = CARTESIAN_POINT('',(39.840045004647,-43.24407448661,
    1.110223024625E-16));
#563 = VECTOR('',#564,1.);
#564 = DIRECTION('',(0.866025403784,0.5,0.));
#565 = ORIENTED_EDGE('',*,*,#566,.T.);
#566 = EDGE_CURVE('',#559,#567,#569,.T.);
#567 = VERTEX_POINT('',#568);
#568 = CARTESIAN_POINT('',(52.494845223857,-30.31981746663,0.));
#569 = LINE('',#570,#571);
#570 = CARTESIAN_POINT('',(35.,-60.62177826491,0.));
#571 = VECTOR('',#572,1.);
#572 = DIRECTION('',(0.5,0.866025403784,0.));
#573 = ORIENTED_EDGE('',*,*,#574,.T.);
#574 = EDGE_CURVE('',#567,#575,#577,.T.);
#575 = VERTEX_POINT('',#576);
#576 = CARTESIAN_POINT('',(52.494845223857,-27.20577136594,0.));
#577 = LINE('',#578,#579);
#578 = CARTESIAN_POINT('',(52.494845223857,-13.60288568297,0.));
#579 = VECTOR('',#580,1.);
#580 = DIRECTION('',(0.,1.,0.));
#581 = ORIENTED_EDGE('',*,*,#582,.T.);
#582 = EDGE_CURVE('',#575,#583,#585,.T.);
#583 = VERTEX_POINT('',#584);
#584 = CARTESIAN_POINT('',(55.191688255616,-25.64874831559,0.));
#585 = LINE('',#586,#587);
#586 = CARTESIAN_POINT('',(41.73058946127,-33.42051732809,
    1.110223024625E-16));
#587 = VECTOR('',#588,1.);
#588 = DIRECTION('',(0.866025403784,0.5,0.));
#589 = ORIENTED_EDGE('',*,*,#590,.T.);
#590 = EDGE_CURVE('',#583,#591,#593,.T.);
#591 = VERTEX_POINT('',#592);
#592 = CARTESIAN_POINT('',(64.803847577293,-9.,0.));
#593 = LINE('',#594,#595);
#594 = CARTESIAN_POINT('',(35.,-60.62177826491,0.));
#595 = VECTOR('',#596,1.);
#596 = DIRECTION('',(0.5,0.866025403784,0.));
#597 = ORIENTED_EDGE('',*,*,#598,.T.);
#598 = EDGE_CURVE('',#591,#599,#601,.T.);
#599 = VERTEX_POINT('',#600);
#600 = CARTESIAN_POINT('',(48.,-9.,0.));
#601 = LINE('',#602,#603);
#602 = CARTESIAN_POINT('',(24.,-9.,0.));
#603 = VECTOR('',#604,1.);
#604 = DIRECTION('',(-1.,0.,0.));
#605 = ORIENTED_EDGE('',*,*,#606,.T.);
#606 = EDGE_CURVE('',#599,#62,#607,.T.);
#607 = LINE('',#608,#609);
#608 = CARTESIAN_POINT('',(48.,4.5,0.));
#609 = VECTOR('',#610,1.);
#610 = DIRECTION('',(0.,1.,0.));
#611 = FACE_BOUND('',#612,.F.);
#612 = EDGE_LOOP('',(#613,#623,#631,#639,#647,#655));
#613 = ORIENTED_EDGE('',*,*,#614,.T.);
#614 = EDGE_CURVE('',#615,#617,#619,.T.);
#615 = VERTEX_POINT('',#616);
#616 = CARTESIAN_POINT('',(-23.12693304105,-34.20577136594,0.));
#617 = VERTEX_POINT('',#618);
#618 = CARTESIAN_POINT('',(-23.12693304105,-27.20577136594,0.));
#619 = LINE('',#620,#621);
#620 = CARTESIAN_POINT('',(-23.12693304105,-13.60288568297,0.));
#621 = VECTOR('',#622,1.);
#622 = DIRECTION('',(-5.075305255429E-16,1.,0.));
#623 = ORIENTED_EDGE('',*,*,#624,.T.);
#624 = EDGE_CURVE('',#617,#625,#627,.T.);
#625 = VERTEX_POINT('',#626);
#626 = CARTESIAN_POINT('',(-17.06475521456,-23.70577136594,0.));
#627 = LINE('',#628,#629);
#628 = CARTESIAN_POINT('',(-5.533021954299,-17.0479220639,
    1.110223024625E-16));
#629 = VECTOR('',#630,1.);
#630 = DIRECTION('',(0.866025403784,0.5,0.));
#631 = ORIENTED_EDGE('',*,*,#632,.T.);
#632 = EDGE_CURVE('',#625,#633,#635,.T.);
#633 = VERTEX_POINT('',#634);
#634 = CARTESIAN_POINT('',(-11.00257738807,-27.20577136594,0.));
#635 = LINE('',#636,#637);
#636 = CARTESIAN_POINT('',(-12.76683315065,-26.18717782649,0.));
#637 = VECTOR('',#638,1.);
#638 = DIRECTION('',(0.866025403784,-0.5,0.));
#639 = ORIENTED_EDGE('',*,*,#640,.T.);
#640 = EDGE_CURVE('',#633,#641,#643,.T.);
#641 = VERTEX_POINT('',#642);
#642 = CARTESIAN_POINT('',(-11.00257738807,-34.20577136594,0.));
#643 = LINE('',#644,#645);
#644 = CARTESIAN_POINT('',(-11.00257738807,-17.10288568297,0.));
#645 = VECTOR('',#646,1.);
#646 = DIRECTION('',(0.,-1.,0.));
#647 = ORIENTED_EDGE('',*,*,#648,.T.);
#648 = EDGE_CURVE('',#641,#649,#651,.T.);
#649 = VERTEX_POINT('',#650);
#650 = CARTESIAN_POINT('',(-17.06475521456,-37.70577136594,0.));
#651 = LINE('',#652,#653);
#652 = CARTESIAN_POINT('',(-2.501933041054,-29.2979220639,0.));
#653 = VECTOR('',#654,1.);
#654 = DIRECTION('',(-0.866025403784,-0.5,0.));
#655 = ORIENTED_EDGE('',*,*,#656,.T.);
#656 = EDGE_CURVE('',#649,#615,#657,.T.);
#657 = LINE('',#658,#659);
#658 = CARTESIAN_POINT('',(-21.86009989039,-34.93717782649,0.));
#659 = VECTOR('',#660,1.);
#660 = DIRECTION('',(-0.866025403784,0.5,0.));
#661 = FACE_BOUND('',#662,.F.);
#662 = EDGE_LOOP('',(#663,#673,#681,#689,#697,#705));
#663 = ORIENTED_EDGE('',*,*,#664,.T.);
#664 = EDGE_CURVE('',#665,#667,#669,.T.);
#665 = VERTEX_POINT('',#666);
#666 = CARTESIAN_POINT('',(-8.002577388071,-34.20577136594,0.));
#667 = VERTEX_POINT('',#668);
#668 = CARTESIAN_POINT('',(-8.002577388071,-27.20577136594,0.));
#669 = LINE('',#670,#671);
#670 = CARTESIAN_POINT('',(-8.002577388071,-13.60288568297,0.));
#671 = VECTOR('',#672,1.);
#672 = DIRECTION('',(0.,1.,0.));
#673 = ORIENTED_EDGE('',*,*,#674,.T.);
#674 = EDGE_CURVE('',#667,#675,#677,.T.);
#675 = VERTEX_POINT('',#676);
#676 = CARTESIAN_POINT('',(-1.94039956158,-23.70577136594,0.));
#677 = LINE('',#678,#679);
#678 = CARTESIAN_POINT('',(3.919700328815,-20.32244111674,0.));
#679 = VECTOR('',#680,1.);
#680 = DIRECTION('',(0.866025403784,0.5,0.));
#681 = ORIENTED_EDGE('',*,*,#682,.T.);
#682 = EDGE_CURVE('',#675,#683,#685,.T.);
#683 = VERTEX_POINT('',#684);
#684 = CARTESIAN_POINT('',(4.121778264911,-27.20577136594,0.));
#685 = LINE('',#686,#687);
#686 = CARTESIAN_POINT('',(-3.314110867545,-22.91265877365,0.));
#687 = VECTOR('',#688,1.);
#688 = DIRECTION('',(0.866025403784,-0.5,0.));
#689 = ORIENTED_EDGE('',*,*,#690,.T.);
#690 = EDGE_CURVE('',#683,#691,#693,.T.);
#691 = VERTEX_POINT('',#692);
#692 = CARTESIAN_POINT('',(4.121778264911,-34.20577136594,0.));
#693 = LINE('',#694,#695);
#694 = CARTESIAN_POINT('',(4.121778264911,-17.10288568297,0.));
#695 = VECTOR('',#696,1.);
#696 = DIRECTION('',(-2.537652627715E-16,-1.,0.));
#697 = ORIENTED_EDGE('',*,*,#698,.T.);
#698 = EDGE_CURVE('',#691,#699,#701,.T.);
#699 = VERTEX_POINT('',#700);
#700 = CARTESIAN_POINT('',(-1.94039956158,-37.70577136594,0.));
#701 = LINE('',#702,#703);
#702 = CARTESIAN_POINT('',(6.95078924206,-32.57244111674,0.));
#703 = VECTOR('',#704,1.);
#704 = DIRECTION('',(-0.866025403784,-0.5,0.));
#705 = ORIENTED_EDGE('',*,*,#706,.T.);
#706 = EDGE_CURVE('',#699,#665,#707,.T.);
#707 = LINE('',#708,#709);
#708 = CARTESIAN_POINT('',(-12.40737760728,-31.66265877365,0.));
#709 = VECTOR('',#710,1.);
#710 = DIRECTION('',(-0.866025403784,0.5,0.));
#711 = FACE_BOUND('',#712,.F.);
#712 = EDGE_LOOP('',(#713));
#713 = ORIENTED_EDGE('',*,*,#714,.F.);
#714 = EDGE_CURVE('',#715,#715,#717,.T.);
#715 = VERTEX_POINT('',#716);
#716 = CARTESIAN_POINT('',(-20.92741699797,-22.62741699797,0.));
#717 = CIRCLE('',#718,1.7);
#718 = AXIS2_PLACEMENT_3D('',#719,#720,#721);
#719 = CARTESIAN_POINT('',(-22.62741699797,-22.62741699797,0.));
#720 = DIRECTION('',(0.,0.,1.));
#721 = DIRECTION('',(1.,0.,0.));
#722 = FACE_BOUND('',#723,.F.);
#723 = EDGE_LOOP('',(#724,#734,#742,#750,#758,#766));
#724 = ORIENTED_EDGE('',*,*,#725,.T.);
#725 = EDGE_CURVE('',#726,#728,#730,.T.);
#726 = VERTEX_POINT('',#727);
#727 = CARTESIAN_POINT('',(-38.25128869403,-8.009618943233,0.));
#728 = VERTEX_POINT('',#729);
#729 = CARTESIAN_POINT('',(-38.25128869403,-1.009618943233,0.));
#730 = LINE('',#731,#732);
#731 = CARTESIAN_POINT('',(-38.25128869403,-0.504809471617,0.));
#732 = VECTOR('',#733,1.);
#733 = DIRECTION('',(0.,1.,0.));
#734 = ORIENTED_EDGE('',*,*,#735,.T.);
#735 = EDGE_CURVE('',#728,#736,#738,.T.);
#736 = VERTEX_POINT('',#737);
#737 = CARTESIAN_POINT('',(-32.18911086754,2.490381056767,0.));
#738 = LINE('',#739,#740);
#739 = CARTESIAN_POINT('',(-20.65737760728,9.148230358803,
    1.110223024625E-16));
#740 = VECTOR('',#741,1.);
#741 = DIRECTION('',(0.866025403784,0.5,0.));
#742 = ORIENTED_EDGE('',*,*,#743,.T.);
#743 = EDGE_CURVE('',#736,#744,#746,.T.);
#744 = VERTEX_POINT('',#745);
#745 = CARTESIAN_POINT('',(-26.12693304105,-1.009618943233,0.));
#746 = LINE('',#747,#748);
#747 = CARTESIAN_POINT('',(-16.5479220639,-6.540063509461,0.));
#748 = VECTOR('',#749,1.);
#749 = DIRECTION('',(0.866025403784,-0.5,0.));
#750 = ORIENTED_EDGE('',*,*,#751,.T.);
#751 = EDGE_CURVE('',#744,#752,#754,.T.);
#752 = VERTEX_POINT('',#753);
#753 = CARTESIAN_POINT('',(-26.12693304105,-8.009618943233,0.));
#754 = LINE('',#755,#756);
#755 = CARTESIAN_POINT('',(-26.12693304105,-4.004809471617,0.));
#756 = VECTOR('',#757,1.);
#757 = DIRECTION('',(0.,-1.,0.));
#758 = ORIENTED_EDGE('',*,*,#759,.T.);
#759 = EDGE_CURVE('',#752,#760,#762,.T.);
#760 = VERTEX_POINT('',#761);
#761 = CARTESIAN_POINT('',(-32.18911086754,-11.50961894323,0.));
#762 = LINE('',#763,#764);
#763 = CARTESIAN_POINT('',(-17.62628869403,-3.101769641197,0.));
#764 = VECTOR('',#765,1.);
#765 = DIRECTION('',(-0.866025403784,-0.5,0.));
#766 = ORIENTED_EDGE('',*,*,#767,.T.);
#767 = EDGE_CURVE('',#760,#726,#768,.T.);
#768 = LINE('',#769,#770);
#769 = CARTESIAN_POINT('',(-25.64118880364,-15.29006350946,
    1.110223024625E-16));
#770 = VECTOR('',#771,1.);
#771 = DIRECTION('',(-0.866025403784,0.5,0.));
#772 = FACE_BOUND('',#773,.F.);
#773 = EDGE_LOOP('',(#774,#784,#792,#800,#808,#816));
#774 = ORIENTED_EDGE('',*,*,#775,.T.);
#775 = EDGE_CURVE('',#776,#778,#780,.T.);
#776 = VERTEX_POINT('',#777);
#777 = CARTESIAN_POINT('',(7.121778264911,-34.20577136594,0.));
#778 = VERTEX_POINT('',#779);
#779 = CARTESIAN_POINT('',(7.121778264911,-27.20577136594,0.));
#780 = LINE('',#781,#782);
#781 = CARTESIAN_POINT('',(7.121778264911,-13.60288568297,0.));
#782 = VECTOR('',#783,1.);
#783 = DIRECTION('',(-1.268826313857E-16,1.,0.));
#784 = ORIENTED_EDGE('',*,*,#785,.T.);
#785 = EDGE_CURVE('',#778,#786,#788,.T.);
#786 = VERTEX_POINT('',#787);
#787 = CARTESIAN_POINT('',(13.183956091402,-23.70577136594,0.));
#788 = LINE('',#789,#790);
#789 = CARTESIAN_POINT('',(13.372422611929,-23.59696016958,0.));
#790 = VECTOR('',#791,1.);
#791 = DIRECTION('',(0.866025403784,0.5,0.));
#792 = ORIENTED_EDGE('',*,*,#793,.T.);
#793 = EDGE_CURVE('',#786,#794,#796,.T.);
#794 = VERTEX_POINT('',#795);
#795 = CARTESIAN_POINT('',(19.246133917893,-27.20577136594,0.));
#796 = LINE('',#797,#798);
#797 = CARTESIAN_POINT('',(6.138611415569,-19.63813972081,0.));
#798 = VECTOR('',#799,1.);
#799 = DIRECTION('',(0.866025403784,-0.5,0.));
#800 = ORIENTED_EDGE('',*,*,#801,.T.);
#801 = EDGE_CURVE('',#794,#802,#804,.T.);
#802 = VERTEX_POINT('',#803);
#803 = CARTESIAN_POINT('',(19.246133917893,-34.20577136594,0.));
#804 = LINE('',#805,#806);
#805 = CARTESIAN_POINT('',(19.246133917893,-17.10288568297,0.));
#806 = VECTOR('',#807,1.);
#807 = DIRECTION('',(0.,-1.,0.));
#808 = ORIENTED_EDGE('',*,*,#809,.T.);
#809 = EDGE_CURVE('',#802,#810,#812,.T.);
#810 = VERTEX_POINT('',#811);
#811 = CARTESIAN_POINT('',(13.183956091402,-37.70577136594,0.));
#812 = LINE('',#813,#814);
#813 = CARTESIAN_POINT('',(16.403511525174,-35.84696016958,0.));
#814 = VECTOR('',#815,1.);
#815 = DIRECTION('',(-0.866025403784,-0.5,0.));
#816 = ORIENTED_EDGE('',*,*,#817,.T.);
#817 = EDGE_CURVE('',#810,#776,#818,.T.);
#818 = LINE('',#819,#820);
#819 = CARTESIAN_POINT('',(-2.954655324167,-28.38813972081,0.));
#820 = VECTOR('',#821,1.);
#821 = DIRECTION('',(-0.866025403784,0.5,0.));
#822 = FACE_BOUND('',#823,.F.);
#823 = EDGE_LOOP('',(#824));
#824 = ORIENTED_EDGE('',*,*,#825,.F.);
#825 = EDGE_CURVE('',#826,#826,#828,.T.);
#826 = VERTEX_POINT('',#827);
#827 = CARTESIAN_POINT('',(24.32741699797,-22.62741699797,0.));
#828 = CIRCLE('',#829,1.7);
#829 = AXIS2_PLACEMENT_3D('',#830,#831,#832);
#830 = CARTESIAN_POINT('',(22.62741699797,-22.62741699797,0.));
#831 = DIRECTION('',(0.,0.,1.));
#832 = DIRECTION('',(1.,0.,0.));
#833 = FACE_BOUND('',#834,.F.);
#834 = EDGE_LOOP('',(#835,#845,#853,#861,#869,#877));
#835 = ORIENTED_EDGE('',*,*,#836,.T.);
#836 = EDGE_CURVE('',#837,#839,#841,.T.);
#837 = VERTEX_POINT('',#838);
#838 = CARTESIAN_POINT('',(37.370489570875,-34.20577136594,0.));
#839 = VERTEX_POINT('',#840);
#840 = CARTESIAN_POINT('',(37.370489570875,-27.20577136594,0.));
#841 = LINE('',#842,#843);
#842 = CARTESIAN_POINT('',(37.370489570875,-13.60288568297,0.));
#843 = VECTOR('',#844,1.);
#844 = DIRECTION('',(0.,1.,0.));
#845 = ORIENTED_EDGE('',*,*,#846,.T.);
#846 = EDGE_CURVE('',#839,#847,#849,.T.);
#847 = VERTEX_POINT('',#848);
#848 = CARTESIAN_POINT('',(43.432667397366,-23.70577136594,0.));
#849 = LINE('',#850,#851);
#850 = CARTESIAN_POINT('',(32.277867178156,-30.14599827525,
    1.110223024625E-16));
#851 = VECTOR('',#852,1.);
#852 = DIRECTION('',(0.866025403784,0.5,0.));
#853 = ORIENTED_EDGE('',*,*,#854,.T.);
#854 = EDGE_CURVE('',#847,#855,#857,.T.);
#855 = VERTEX_POINT('',#856);
#856 = CARTESIAN_POINT('',(49.494845223857,-27.20577136594,0.));
#857 = LINE('',#858,#859);
#858 = CARTESIAN_POINT('',(25.044055981797,-13.08910161513,
    1.110223024625E-16));
#859 = VECTOR('',#860,1.);
#860 = DIRECTION('',(0.866025403784,-0.5,0.));
#861 = ORIENTED_EDGE('',*,*,#862,.T.);
#862 = EDGE_CURVE('',#855,#863,#865,.T.);
#863 = VERTEX_POINT('',#864);
#864 = CARTESIAN_POINT('',(49.494845223857,-34.20577136594,0.));
#865 = LINE('',#866,#867);
#866 = CARTESIAN_POINT('',(49.494845223857,-17.10288568297,0.));
#867 = VECTOR('',#868,1.);
#868 = DIRECTION('',(-1.015061051086E-15,-1.,0.));
#869 = ORIENTED_EDGE('',*,*,#870,.T.);
#870 = EDGE_CURVE('',#863,#871,#873,.T.);
#871 = VERTEX_POINT('',#872);
#872 = CARTESIAN_POINT('',(43.432667397366,-37.70577136594,0.));
#873 = LINE('',#874,#875);
#874 = CARTESIAN_POINT('',(35.308956091402,-42.39599827525,
    1.110223024625E-16));
#875 = VECTOR('',#876,1.);
#876 = DIRECTION('',(-0.866025403784,-0.5,0.));
#877 = ORIENTED_EDGE('',*,*,#878,.T.);
#878 = EDGE_CURVE('',#871,#837,#879,.T.);
#879 = LINE('',#880,#881);
#880 = CARTESIAN_POINT('',(15.95078924206,-21.83910161513,
    1.110223024625E-16));
#881 = VECTOR('',#882,1.);
#882 = DIRECTION('',(-0.866025403784,0.5,0.));
#883 = FACE_BOUND('',#884,.F.);
#884 = EDGE_LOOP('',(#885,#895,#903,#911,#919,#927));
#885 = ORIENTED_EDGE('',*,*,#886,.T.);
#886 = EDGE_CURVE('',#887,#889,#891,.T.);
#887 = VERTEX_POINT('',#888);
#888 = CARTESIAN_POINT('',(29.808311744384,-21.10769515458,0.));
#889 = VERTEX_POINT('',#890);
#890 = CARTESIAN_POINT('',(29.808311744384,-14.10769515458,0.));
#891 = LINE('',#892,#893);
#892 = CARTESIAN_POINT('',(29.808311744384,-7.053847577293,0.));
#893 = VECTOR('',#894,1.);
#894 = DIRECTION('',(-5.075305255429E-16,1.,0.));
#895 = ORIENTED_EDGE('',*,*,#896,.T.);
#896 = EDGE_CURVE('',#889,#897,#899,.T.);
#897 = VERTEX_POINT('',#898);
#898 = CARTESIAN_POINT('',(35.870489570875,-10.60769515458,0.));
#899 = LINE('',#900,#901);
#900 = CARTESIAN_POINT('',(24.715689351665,-17.0479220639,
    1.110223024625E-16));
#901 = VECTOR('',#902,1.);
#902 = DIRECTION('',(0.866025403784,0.5,0.));
#903 = ORIENTED_EDGE('',*,*,#904,.T.);
#904 = EDGE_CURVE('',#897,#905,#907,.T.);
#905 = VERTEX_POINT('',#906);
#906 = CARTESIAN_POINT('',(41.932667397366,-14.10769515458,0.));
#907 = LINE('',#908,#909);
#908 = CARTESIAN_POINT('',(23.153511525174,-3.265544456623,
    1.110223024625E-16));
#909 = VECTOR('',#910,1.);
#910 = DIRECTION('',(0.866025403784,-0.5,0.));
#911 = ORIENTED_EDGE('',*,*,#912,.T.);
#912 = EDGE_CURVE('',#905,#913,#915,.T.);
#913 = VERTEX_POINT('',#914);
#914 = CARTESIAN_POINT('',(41.932667397366,-21.10769515458,0.));
#915 = LINE('',#916,#917);
#916 = CARTESIAN_POINT('',(41.932667397366,-10.55384757729,0.));
#917 = VECTOR('',#918,1.);
#918 = DIRECTION('',(-1.015061051086E-15,-1.,0.));
#919 = ORIENTED_EDGE('',*,*,#920,.T.);
#920 = EDGE_CURVE('',#913,#921,#923,.T.);
#921 = VERTEX_POINT('',#922);
#922 = CARTESIAN_POINT('',(35.870489570875,-24.60769515458,0.));
#923 = LINE('',#924,#925);
#924 = CARTESIAN_POINT('',(27.746778264911,-29.2979220639,0.));
#925 = VECTOR('',#926,1.);
#926 = DIRECTION('',(-0.866025403784,-0.5,0.));
#927 = ORIENTED_EDGE('',*,*,#928,.T.);
#928 = EDGE_CURVE('',#921,#887,#929,.T.);
#929 = LINE('',#930,#931);
#930 = CARTESIAN_POINT('',(14.060244785437,-12.01554445662,0.));
#931 = VECTOR('',#932,1.);
#932 = DIRECTION('',(-0.866025403784,0.5,0.));
#933 = FACE_BOUND('',#934,.F.);
#934 = EDGE_LOOP('',(#935,#945,#953,#961,#969,#977));
#935 = ORIENTED_EDGE('',*,*,#936,.T.);
#936 = EDGE_CURVE('',#937,#939,#941,.T.);
#937 = VERTEX_POINT('',#938);
#938 = CARTESIAN_POINT('',(22.246133917893,-8.009618943233,0.));
#939 = VERTEX_POINT('',#940);
#940 = CARTESIAN_POINT('',(22.246133917893,-1.009618943233,0.));
#941 = LINE('',#942,#943);
#942 = CARTESIAN_POINT('',(22.246133917893,-0.504809471617,0.));
#943 = VECTOR('',#944,1.);
#944 = DIRECTION('',(-5.075305255429E-16,1.,0.));
#945 = ORIENTED_EDGE('',*,*,#946,.T.);
#946 = EDGE_CURVE('',#939,#947,#949,.T.);
#947 = VERTEX_POINT('',#948);
#948 = CARTESIAN_POINT('',(28.308311744384,2.490381056767,0.));
#949 = LINE('',#950,#951);
#950 = CARTESIAN_POINT('',(17.153511525174,-3.949845852551,
    1.110223024625E-16));
#951 = VECTOR('',#952,1.);
#952 = DIRECTION('',(0.866025403784,0.5,0.));
#953 = ORIENTED_EDGE('',*,*,#954,.T.);
#954 = EDGE_CURVE('',#947,#955,#957,.T.);
#955 = VERTEX_POINT('',#956);
#956 = CARTESIAN_POINT('',(34.370489570875,-1.009618943233,0.));
#957 = LINE('',#958,#959);
#958 = CARTESIAN_POINT('',(21.262967068551,6.558012701892,
    1.110223024625E-16));
#959 = VECTOR('',#960,1.);
#960 = DIRECTION('',(0.866025403784,-0.5,0.));
#961 = ORIENTED_EDGE('',*,*,#962,.T.);
#962 = EDGE_CURVE('',#955,#963,#965,.T.);
#963 = VERTEX_POINT('',#964);
#964 = CARTESIAN_POINT('',(34.370489570875,-8.009618943233,0.));
#965 = LINE('',#966,#967);
#966 = CARTESIAN_POINT('',(34.370489570875,-4.004809471617,0.));
#967 = VECTOR('',#968,1.);
#968 = DIRECTION('',(-1.015061051086E-15,-1.,0.));
#969 = ORIENTED_EDGE('',*,*,#970,.T.);
#970 = EDGE_CURVE('',#963,#971,#973,.T.);
#971 = VERTEX_POINT('',#972);
#972 = CARTESIAN_POINT('',(28.308311744384,-11.50961894323,0.));
#973 = LINE('',#974,#975);
#974 = CARTESIAN_POINT('',(20.18460043842,-16.19984585255,0.));
#975 = VECTOR('',#976,1.);
#976 = DIRECTION('',(-0.866025403784,-0.5,0.));
#977 = ORIENTED_EDGE('',*,*,#978,.T.);
#978 = EDGE_CURVE('',#971,#937,#979,.T.);
#979 = LINE('',#980,#981);
#980 = CARTESIAN_POINT('',(12.169700328815,-2.191987298108,0.));
#981 = VECTOR('',#982,1.);
#982 = DIRECTION('',(-0.866025403784,0.5,0.));
#983 = FACE_BOUND('',#984,.F.);
#984 = EDGE_LOOP('',(#985,#995,#1003,#1011,#1019,#1027));
#985 = ORIENTED_EDGE('',*,*,#986,.T.);
#986 = EDGE_CURVE('',#987,#989,#991,.T.);
#987 = VERTEX_POINT('',#988);
#988 = CARTESIAN_POINT('',(-53.37564434701,18.186533479473,0.));
#989 = VERTEX_POINT('',#990);
#990 = CARTESIAN_POINT('',(-53.37564434701,25.186533479473,0.));
#991 = LINE('',#992,#993);
#992 = CARTESIAN_POINT('',(-53.37564434701,12.593266739737,0.));
#993 = VECTOR('',#994,1.);
#994 = DIRECTION('',(0.,1.,0.));
#995 = ORIENTED_EDGE('',*,*,#996,.T.);
#996 = EDGE_CURVE('',#989,#997,#999,.T.);
#997 = VERTEX_POINT('',#998);
#998 = CARTESIAN_POINT('',(-47.31346652052,28.686533479473,0.));
#999 = LINE('',#1000,#1001);
#1000 = CARTESIAN_POINT('',(-35.78173326026,35.344382781509,
    1.110223024625E-16));
#1001 = VECTOR('',#1002,1.);
#1002 = DIRECTION('',(0.866025403784,0.5,0.));
#1003 = ORIENTED_EDGE('',*,*,#1004,.T.);
#1004 = EDGE_CURVE('',#997,#1005,#1007,.T.);
#1005 = VERTEX_POINT('',#1006);
#1006 = CARTESIAN_POINT('',(-41.25128869403,25.186533479473,0.));
#1007 = LINE('',#1008,#1009);
#1008 = CARTESIAN_POINT('',(-20.32901097715,13.107050807569,
    1.110223024625E-16));
#1009 = VECTOR('',#1010,1.);
#1010 = DIRECTION('',(0.866025403784,-0.5,0.));
#1011 = ORIENTED_EDGE('',*,*,#1012,.T.);
#1012 = EDGE_CURVE('',#1005,#1013,#1015,.T.);
#1013 = VERTEX_POINT('',#1014);
#1014 = CARTESIAN_POINT('',(-41.25128869403,18.186533479473,0.));
#1015 = LINE('',#1016,#1017);
#1016 = CARTESIAN_POINT('',(-41.25128869403,9.093266739737,0.));
#1017 = VECTOR('',#1018,1.);
#1018 = DIRECTION('',(-1.015061051086E-15,-1.,0.));
#1019 = ORIENTED_EDGE('',*,*,#1020,.T.);
#1020 = EDGE_CURVE('',#1013,#1021,#1023,.T.);
#1021 = VERTEX_POINT('',#1022);
#1022 = CARTESIAN_POINT('',(-47.31346652052,14.686533479473,0.));
#1023 = LINE('',#1024,#1025);
#1024 = CARTESIAN_POINT('',(-32.75064434701,23.094382781509,0.));
#1025 = VECTOR('',#1026,1.);
#1026 = DIRECTION('',(-0.866025403784,-0.5,0.));
#1027 = ORIENTED_EDGE('',*,*,#1028,.T.);
#1028 = EDGE_CURVE('',#1021,#987,#1029,.T.);
#1029 = LINE('',#1030,#1031);
#1030 = CARTESIAN_POINT('',(-29.42227771688,4.357050807569,
    1.110223024625E-16));
#1031 = VECTOR('',#1032,1.);
#1032 = DIRECTION('',(-0.866025403784,0.5,0.));
#1033 = FACE_BOUND('',#1034,.F.);
#1034 = EDGE_LOOP('',(#1035,#1045,#1053,#1061,#1069,#1077));
#1035 = ORIENTED_EDGE('',*,*,#1036,.T.);
#1036 = EDGE_CURVE('',#1037,#1039,#1041,.T.);
#1037 = VERTEX_POINT('',#1038);
#1038 = CARTESIAN_POINT('',(-38.25128869403,18.186533479473,0.));
#1039 = VERTEX_POINT('',#1040);
#1040 = CARTESIAN_POINT('',(-38.25128869403,25.186533479473,0.));
#1041 = LINE('',#1042,#1043);
#1042 = CARTESIAN_POINT('',(-38.25128869403,12.593266739737,0.));
#1043 = VECTOR('',#1044,1.);
#1044 = DIRECTION('',(0.,1.,0.));
#1045 = ORIENTED_EDGE('',*,*,#1046,.T.);
#1046 = EDGE_CURVE('',#1039,#1047,#1049,.T.);
#1047 = VERTEX_POINT('',#1048);
#1048 = CARTESIAN_POINT('',(-32.18911086754,28.686533479473,0.));
#1049 = LINE('',#1050,#1051);
#1050 = CARTESIAN_POINT('',(-26.32901097715,32.069863728671,
    1.110223024625E-16));
#1051 = VECTOR('',#1052,1.);
#1052 = DIRECTION('',(0.866025403784,0.5,0.));
#1053 = ORIENTED_EDGE('',*,*,#1054,.T.);
#1054 = EDGE_CURVE('',#1047,#1055,#1057,.T.);
#1055 = VERTEX_POINT('',#1056);
#1056 = CARTESIAN_POINT('',(-26.12693304105,25.186533479473,0.));
#1057 = LINE('',#1058,#1059);
#1058 = CARTESIAN_POINT('',(-10.87628869403,16.381569860407,0.));
#1059 = VECTOR('',#1060,1.);
#1060 = DIRECTION('',(0.866025403784,-0.5,0.));
#1061 = ORIENTED_EDGE('',*,*,#1062,.T.);
#1062 = EDGE_CURVE('',#1055,#1063,#1065,.T.);
#1063 = VERTEX_POINT('',#1064);
#1064 = CARTESIAN_POINT('',(-26.12693304105,18.186533479473,0.));
#1065 = LINE('',#1066,#1067);
#1066 = CARTESIAN_POINT('',(-26.12693304105,9.093266739737,0.));
#1067 = VECTOR('',#1068,1.);
#1068 = DIRECTION('',(0.,-1.,0.));
#1069 = ORIENTED_EDGE('',*,*,#1070,.T.);
#1070 = EDGE_CURVE('',#1063,#1071,#1073,.T.);
#1071 = VERTEX_POINT('',#1072);
#1072 = CARTESIAN_POINT('',(-32.18911086754,14.686533479473,0.));
#1073 = LINE('',#1074,#1075);
#1074 = CARTESIAN_POINT('',(-23.2979220639,19.819863728671,0.));
#1075 = VECTOR('',#1076,1.);
#1076 = DIRECTION('',(-0.866025403784,-0.5,0.));
#1077 = ORIENTED_EDGE('',*,*,#1078,.T.);
#1078 = EDGE_CURVE('',#1071,#1037,#1079,.T.);
#1079 = LINE('',#1080,#1081);
#1080 = CARTESIAN_POINT('',(-19.96955543377,7.631569860407,
    1.110223024625E-16));
#1081 = VECTOR('',#1082,1.);
#1082 = DIRECTION('',(-0.866025403784,0.5,0.));
#1083 = FACE_BOUND('',#1084,.F.);
#1084 = EDGE_LOOP('',(#1085,#1095,#1103,#1111,#1119,#1127));
#1085 = ORIENTED_EDGE('',*,*,#1086,.T.);
#1086 = EDGE_CURVE('',#1087,#1089,#1091,.T.);
#1087 = VERTEX_POINT('',#1088);
#1088 = CARTESIAN_POINT('',(-30.68911086754,5.08845726812,0.));
#1089 = VERTEX_POINT('',#1090);
#1090 = CARTESIAN_POINT('',(-30.68911086754,12.08845726812,0.));
#1091 = LINE('',#1092,#1093);
#1092 = CARTESIAN_POINT('',(-30.68911086754,6.04422863406,0.));
#1093 = VECTOR('',#1094,1.);
#1094 = DIRECTION('',(-5.075305255429E-16,1.,0.));
#1095 = ORIENTED_EDGE('',*,*,#1096,.T.);
#1096 = EDGE_CURVE('',#1089,#1097,#1099,.T.);
#1097 = VERTEX_POINT('',#1098);
#1098 = CARTESIAN_POINT('',(-24.62693304105,15.58845726812,0.));
#1099 = LINE('',#1100,#1101);
#1100 = CARTESIAN_POINT('',(-18.76683315065,18.971787517318,
    1.110223024625E-16));
#1101 = VECTOR('',#1102,1.);
#1102 = DIRECTION('',(0.866025403784,0.5,0.));
#1103 = ORIENTED_EDGE('',*,*,#1104,.T.);
#1104 = EDGE_CURVE('',#1097,#1105,#1107,.T.);
#1105 = VERTEX_POINT('',#1106);
#1106 = CARTESIAN_POINT('',(-18.56475521456,12.08845726812,0.));
#1107 = LINE('',#1108,#1109);
#1108 = CARTESIAN_POINT('',(-8.985744237413,6.558012701892,0.));
#1109 = VECTOR('',#1110,1.);
#1110 = DIRECTION('',(0.866025403784,-0.5,0.));
#1111 = ORIENTED_EDGE('',*,*,#1112,.T.);
#1112 = EDGE_CURVE('',#1105,#1113,#1115,.T.);
#1113 = VERTEX_POINT('',#1114);
#1114 = CARTESIAN_POINT('',(-18.56475521456,5.08845726812,0.));
#1115 = LINE('',#1116,#1117);
#1116 = CARTESIAN_POINT('',(-18.56475521456,2.54422863406,0.));
#1117 = VECTOR('',#1118,1.);
#1118 = DIRECTION('',(0.,-1.,0.));
#1119 = ORIENTED_EDGE('',*,*,#1120,.T.);
#1120 = EDGE_CURVE('',#1113,#1121,#1123,.T.);
#1121 = VERTEX_POINT('',#1122);
#1122 = CARTESIAN_POINT('',(-24.62693304105,1.58845726812,0.));
#1123 = LINE('',#1124,#1125);
#1124 = CARTESIAN_POINT('',(-15.73574423741,6.721787517318,0.));
#1125 = VECTOR('',#1126,1.);
#1126 = DIRECTION('',(-0.866025403784,-0.5,0.));
#1127 = ORIENTED_EDGE('',*,*,#1128,.T.);
#1128 = EDGE_CURVE('',#1121,#1087,#1129,.T.);
#1129 = LINE('',#1130,#1131);
#1130 = CARTESIAN_POINT('',(-18.07901097715,-2.191987298108,0.));
#1131 = VECTOR('',#1132,1.);
#1132 = DIRECTION('',(-0.866025403784,0.5,0.));
#1133 = FACE_BOUND('',#1134,.F.);
#1134 = EDGE_LOOP('',(#1135));
#1135 = ORIENTED_EDGE('',*,*,#1136,.F.);
#1136 = EDGE_CURVE('',#1137,#1137,#1139,.T.);
#1137 = VERTEX_POINT('',#1138);
#1138 = CARTESIAN_POINT('',(-20.92741699797,22.62741699797,0.));
#1139 = CIRCLE('',#1140,1.7);
#1140 = AXIS2_PLACEMENT_3D('',#1141,#1142,#1143);
#1141 = CARTESIAN_POINT('',(-22.62741699797,22.62741699797,0.));
#1142 = DIRECTION('',(0.,0.,1.));
#1143 = DIRECTION('',(1.,0.,0.));
#1144 = FACE_BOUND('',#1145,.F.);
#1145 = EDGE_LOOP('',(#1146,#1156,#1164,#1172,#1180,#1188));
#1146 = ORIENTED_EDGE('',*,*,#1147,.T.);
#1147 = EDGE_CURVE('',#1148,#1150,#1152,.T.);
#1148 = VERTEX_POINT('',#1149);
#1149 = CARTESIAN_POINT('',(-15.56475521456,31.284609690827,0.));
#1150 = VERTEX_POINT('',#1151);
#1151 = CARTESIAN_POINT('',(-15.56475521456,38.284609690827,0.));
#1152 = LINE('',#1153,#1154);
#1153 = CARTESIAN_POINT('',(-15.56475521456,19.142304845413,0.));
#1154 = VECTOR('',#1155,1.);
#1155 = DIRECTION('',(0.,1.,0.));
#1156 = ORIENTED_EDGE('',*,*,#1157,.T.);
#1157 = EDGE_CURVE('',#1150,#1158,#1160,.T.);
#1158 = VERTEX_POINT('',#1159);
#1159 = CARTESIAN_POINT('',(-9.502577388071,41.784609690827,0.));
#1160 = LINE('',#1161,#1162);
#1161 = CARTESIAN_POINT('',(-14.98574423741,38.618901834348,0.));
#1162 = VECTOR('',#1163,1.);
#1163 = DIRECTION('',(0.866025403784,0.5,0.));
#1164 = ORIENTED_EDGE('',*,*,#1165,.T.);
#1165 = EDGE_CURVE('',#1158,#1166,#1168,.T.);
#1166 = VERTEX_POINT('',#1167);
#1167 = CARTESIAN_POINT('',(-3.44039956158,38.284609690827,0.));
#1168 = LINE('',#1169,#1170);
#1169 = CARTESIAN_POINT('',(6.138611415569,32.754165124599,
    1.110223024625E-16));
#1170 = VECTOR('',#1171,1.);
#1171 = DIRECTION('',(0.866025403784,-0.5,0.));
#1172 = ORIENTED_EDGE('',*,*,#1173,.T.);
#1173 = EDGE_CURVE('',#1166,#1174,#1176,.T.);
#1174 = VERTEX_POINT('',#1175);
#1175 = CARTESIAN_POINT('',(-3.44039956158,31.284609690827,0.));
#1176 = LINE('',#1177,#1178);
#1177 = CARTESIAN_POINT('',(-3.44039956158,15.642304845413,0.));
#1178 = VECTOR('',#1179,1.);
#1179 = DIRECTION('',(-2.537652627715E-16,-1.,0.));
#1180 = ORIENTED_EDGE('',*,*,#1181,.T.);
#1181 = EDGE_CURVE('',#1174,#1182,#1184,.T.);
#1182 = VERTEX_POINT('',#1183);
#1183 = CARTESIAN_POINT('',(-9.502577388071,27.784609690827,0.));
#1184 = LINE('',#1185,#1186);
#1185 = CARTESIAN_POINT('',(-11.95465532416,26.368901834348,0.));
#1186 = VECTOR('',#1187,1.);
#1187 = DIRECTION('',(-0.866025403784,-0.5,0.));
#1188 = ORIENTED_EDGE('',*,*,#1189,.T.);
#1189 = EDGE_CURVE('',#1182,#1148,#1190,.T.);
#1190 = LINE('',#1191,#1192);
#1191 = CARTESIAN_POINT('',(-2.954655324167,24.004165124599,0.));
#1192 = VECTOR('',#1193,1.);
#1193 = DIRECTION('',(-0.866025403784,0.5,0.));
#1194 = FACE_BOUND('',#1195,.F.);
#1195 = EDGE_LOOP('',(#1196,#1206,#1214,#1222,#1230,#1238));
#1196 = ORIENTED_EDGE('',*,*,#1197,.T.);
#1197 = EDGE_CURVE('',#1198,#1200,#1202,.T.);
#1198 = VERTEX_POINT('',#1199);
#1199 = CARTESIAN_POINT('',(-8.002577388071,44.38268590218,0.));
#1200 = VERTEX_POINT('',#1201);
#1201 = CARTESIAN_POINT('',(-8.002577388071,51.38268590218,0.));
#1202 = LINE('',#1203,#1204);
#1203 = CARTESIAN_POINT('',(-8.002577388071,25.69134295109,0.));
#1204 = VECTOR('',#1205,1.);
#1205 = DIRECTION('',(0.,1.,0.));
#1206 = ORIENTED_EDGE('',*,*,#1207,.T.);
#1207 = EDGE_CURVE('',#1200,#1208,#1210,.T.);
#1208 = VERTEX_POINT('',#1209);
#1209 = CARTESIAN_POINT('',(-1.94039956158,54.88268590218,0.));
#1210 = LINE('',#1211,#1212);
#1211 = CARTESIAN_POINT('',(-13.09519978079,48.442458992863,0.));
#1212 = VECTOR('',#1213,1.);
#1213 = DIRECTION('',(0.866025403784,0.5,0.));
#1214 = ORIENTED_EDGE('',*,*,#1215,.T.);
#1215 = EDGE_CURVE('',#1208,#1216,#1218,.T.);
#1216 = VERTEX_POINT('',#1217);
#1217 = CARTESIAN_POINT('',(4.121778264911,51.38268590218,0.));
#1218 = LINE('',#1219,#1220);
#1219 = CARTESIAN_POINT('',(13.70078924206,45.852241335952,0.));
#1220 = VECTOR('',#1221,1.);
#1221 = DIRECTION('',(0.866025403784,-0.5,0.));
#1222 = ORIENTED_EDGE('',*,*,#1223,.T.);
#1223 = EDGE_CURVE('',#1216,#1224,#1226,.T.);
#1224 = VERTEX_POINT('',#1225);
#1225 = CARTESIAN_POINT('',(4.121778264911,44.38268590218,0.));
#1226 = LINE('',#1227,#1228);
#1227 = CARTESIAN_POINT('',(4.121778264911,22.19134295109,0.));
#1228 = VECTOR('',#1229,1.);
#1229 = DIRECTION('',(-2.537652627715E-16,-1.,0.));
#1230 = ORIENTED_EDGE('',*,*,#1231,.T.);
#1231 = EDGE_CURVE('',#1224,#1232,#1234,.T.);
#1232 = VERTEX_POINT('',#1233);
#1233 = CARTESIAN_POINT('',(-1.94039956158,40.88268590218,0.));
#1234 = LINE('',#1235,#1236);
#1235 = CARTESIAN_POINT('',(-10.06411086754,36.192458992863,0.));
#1236 = VECTOR('',#1237,1.);
#1237 = DIRECTION('',(-0.866025403784,-0.5,0.));
#1238 = ORIENTED_EDGE('',*,*,#1239,.T.);
#1239 = EDGE_CURVE('',#1232,#1198,#1240,.T.);
#1240 = LINE('',#1241,#1242);
#1241 = CARTESIAN_POINT('',(4.607522502324,37.102241335952,0.));
#1242 = VECTOR('',#1243,1.);
#1243 = DIRECTION('',(-0.866025403784,0.5,0.));
#1244 = FACE_BOUND('',#1245,.F.);
#1245 = EDGE_LOOP('',(#1246,#1256,#1264,#1272,#1280,#1288));
#1246 = ORIENTED_EDGE('',*,*,#1247,.T.);
#1247 = EDGE_CURVE('',#1248,#1250,#1252,.T.);
#1248 = VERTEX_POINT('',#1249);
#1249 = CARTESIAN_POINT('',(14.683956091402,5.08845726812,0.));
#1250 = VERTEX_POINT('',#1251);
#1251 = CARTESIAN_POINT('',(14.683956091402,12.08845726812,0.));
#1252 = LINE('',#1253,#1254);
#1253 = CARTESIAN_POINT('',(14.683956091402,6.04422863406,0.));
#1254 = VECTOR('',#1255,1.);
#1255 = DIRECTION('',(-2.537652627715E-16,1.,0.));
#1256 = ORIENTED_EDGE('',*,*,#1257,.T.);
#1257 = EDGE_CURVE('',#1250,#1258,#1260,.T.);
#1258 = VERTEX_POINT('',#1259);
#1259 = CARTESIAN_POINT('',(20.746133917893,15.58845726812,0.));
#1260 = LINE('',#1261,#1262);
#1261 = CARTESIAN_POINT('',(9.591333698683,9.148230358803,0.));
#1262 = VECTOR('',#1263,1.);
#1263 = DIRECTION('',(0.866025403784,0.5,0.));
#1264 = ORIENTED_EDGE('',*,*,#1265,.T.);
#1265 = EDGE_CURVE('',#1258,#1266,#1268,.T.);
#1266 = VERTEX_POINT('',#1267);
#1267 = CARTESIAN_POINT('',(26.808311744384,12.08845726812,0.));
#1268 = LINE('',#1269,#1270);
#1269 = CARTESIAN_POINT('',(19.372422611929,16.381569860407,0.));
#1270 = VECTOR('',#1271,1.);
#1271 = DIRECTION('',(0.866025403784,-0.5,0.));
#1272 = ORIENTED_EDGE('',*,*,#1273,.T.);
#1273 = EDGE_CURVE('',#1266,#1274,#1276,.T.);
#1274 = VERTEX_POINT('',#1275);
#1275 = CARTESIAN_POINT('',(26.808311744384,5.08845726812,0.));
#1276 = LINE('',#1277,#1278);
#1277 = CARTESIAN_POINT('',(26.808311744384,2.54422863406,0.));
#1278 = VECTOR('',#1279,1.);
#1279 = DIRECTION('',(0.,-1.,0.));
#1280 = ORIENTED_EDGE('',*,*,#1281,.T.);
#1281 = EDGE_CURVE('',#1274,#1282,#1284,.T.);
#1282 = VERTEX_POINT('',#1283);
#1283 = CARTESIAN_POINT('',(20.746133917893,1.58845726812,0.));
#1284 = LINE('',#1285,#1286);
#1285 = CARTESIAN_POINT('',(12.622422611929,-3.101769641197,0.));
#1286 = VECTOR('',#1287,1.);
#1287 = DIRECTION('',(-0.866025403784,-0.5,0.));
#1288 = ORIENTED_EDGE('',*,*,#1289,.T.);
#1289 = EDGE_CURVE('',#1282,#1248,#1290,.T.);
#1290 = LINE('',#1291,#1292);
#1291 = CARTESIAN_POINT('',(10.279155872192,7.631569860407,0.));
#1292 = VECTOR('',#1293,1.);
#1293 = DIRECTION('',(-0.866025403784,0.5,0.));
#1294 = FACE_BOUND('',#1295,.F.);
#1295 = EDGE_LOOP('',(#1296,#1306,#1314,#1322,#1330,#1338));
#1296 = ORIENTED_EDGE('',*,*,#1297,.T.);
#1297 = EDGE_CURVE('',#1298,#1300,#1302,.T.);
#1298 = VERTEX_POINT('',#1299);
#1299 = CARTESIAN_POINT('',(7.121778264911,18.186533479473,0.));
#1300 = VERTEX_POINT('',#1301);
#1301 = CARTESIAN_POINT('',(7.121778264911,25.186533479473,0.));
#1302 = LINE('',#1303,#1304);
#1303 = CARTESIAN_POINT('',(7.121778264911,12.593266739737,0.));
#1304 = VECTOR('',#1305,1.);
#1305 = DIRECTION('',(-1.268826313857E-16,1.,0.));
#1306 = ORIENTED_EDGE('',*,*,#1307,.T.);
#1307 = EDGE_CURVE('',#1300,#1308,#1310,.T.);
#1308 = VERTEX_POINT('',#1309);
#1309 = CARTESIAN_POINT('',(13.183956091402,28.686533479473,0.));
#1310 = LINE('',#1311,#1312);
#1311 = CARTESIAN_POINT('',(2.029155872192,22.246306570156,0.));
#1312 = VECTOR('',#1313,1.);
#1313 = DIRECTION('',(0.866025403784,0.5,0.));
#1314 = ORIENTED_EDGE('',*,*,#1315,.T.);
#1315 = EDGE_CURVE('',#1308,#1316,#1318,.T.);
#1316 = VERTEX_POINT('',#1317);
#1317 = CARTESIAN_POINT('',(19.246133917893,25.186533479473,0.));
#1318 = LINE('',#1319,#1320);
#1319 = CARTESIAN_POINT('',(17.481878155306,26.205127018922,0.));
#1320 = VECTOR('',#1321,1.);
#1321 = DIRECTION('',(0.866025403784,-0.5,0.));
#1322 = ORIENTED_EDGE('',*,*,#1323,.T.);
#1323 = EDGE_CURVE('',#1316,#1324,#1326,.T.);
#1324 = VERTEX_POINT('',#1325);
#1325 = CARTESIAN_POINT('',(19.246133917893,18.186533479473,0.));
#1326 = LINE('',#1327,#1328);
#1327 = CARTESIAN_POINT('',(19.246133917893,9.093266739737,0.));
#1328 = VECTOR('',#1329,1.);
#1329 = DIRECTION('',(0.,-1.,0.));
#1330 = ORIENTED_EDGE('',*,*,#1331,.T.);
#1331 = EDGE_CURVE('',#1324,#1332,#1334,.T.);
#1332 = VERTEX_POINT('',#1333);
#1333 = CARTESIAN_POINT('',(13.183956091402,14.686533479473,0.));
#1334 = LINE('',#1335,#1336);
#1335 = CARTESIAN_POINT('',(5.060244785437,9.996306570156,0.));
#1336 = VECTOR('',#1337,1.);
#1337 = DIRECTION('',(-0.866025403784,-0.5,0.));
#1338 = ORIENTED_EDGE('',*,*,#1339,.T.);
#1339 = EDGE_CURVE('',#1332,#1298,#1340,.T.);
#1340 = LINE('',#1341,#1342);
#1341 = CARTESIAN_POINT('',(8.388611415569,17.455127018922,0.));
#1342 = VECTOR('',#1343,1.);
#1343 = DIRECTION('',(-0.866025403784,0.5,0.));
#1344 = FACE_BOUND('',#1345,.F.);
#1345 = EDGE_LOOP('',(#1346));
#1346 = ORIENTED_EDGE('',*,*,#1347,.F.);
#1347 = EDGE_CURVE('',#1348,#1348,#1350,.T.);
#1348 = VERTEX_POINT('',#1349);
#1349 = CARTESIAN_POINT('',(24.32741699797,22.62741699797,0.));
#1350 = CIRCLE('',#1351,1.7);
#1351 = AXIS2_PLACEMENT_3D('',#1352,#1353,#1354);
#1352 = CARTESIAN_POINT('',(22.62741699797,22.62741699797,0.));
#1353 = DIRECTION('',(0.,0.,1.));
#1354 = DIRECTION('',(1.,0.,0.));
#1355 = FACE_BOUND('',#1356,.F.);
#1356 = EDGE_LOOP('',(#1357,#1367,#1375,#1383,#1391,#1399));
#1357 = ORIENTED_EDGE('',*,*,#1358,.T.);
#1358 = EDGE_CURVE('',#1359,#1361,#1363,.T.);
#1359 = VERTEX_POINT('',#1360);
#1360 = CARTESIAN_POINT('',(29.808311744384,5.08845726812,0.));
#1361 = VERTEX_POINT('',#1362);
#1362 = CARTESIAN_POINT('',(29.808311744384,12.08845726812,0.));
#1363 = LINE('',#1364,#1365);
#1364 = CARTESIAN_POINT('',(29.808311744384,6.04422863406,0.));
#1365 = VECTOR('',#1366,1.);
#1366 = DIRECTION('',(-5.075305255429E-16,1.,0.));
#1367 = ORIENTED_EDGE('',*,*,#1368,.T.);
#1368 = EDGE_CURVE('',#1361,#1369,#1371,.T.);
#1369 = VERTEX_POINT('',#1370);
#1370 = CARTESIAN_POINT('',(35.870489570875,15.58845726812,0.));
#1371 = LINE('',#1372,#1373);
#1372 = CARTESIAN_POINT('',(19.044055981797,5.873711305964,
    1.110223024625E-16));
#1373 = VECTOR('',#1374,1.);
#1374 = DIRECTION('',(0.866025403784,0.5,0.));
#1375 = ORIENTED_EDGE('',*,*,#1376,.T.);
#1376 = EDGE_CURVE('',#1369,#1377,#1379,.T.);
#1377 = VERTEX_POINT('',#1378);
#1378 = CARTESIAN_POINT('',(41.932667397366,12.08845726812,0.));
#1379 = LINE('',#1380,#1381);
#1380 = CARTESIAN_POINT('',(28.825144895042,19.656088913246,
    1.110223024625E-16));
#1381 = VECTOR('',#1382,1.);
#1382 = DIRECTION('',(0.866025403784,-0.5,0.));
#1383 = ORIENTED_EDGE('',*,*,#1384,.T.);
#1384 = EDGE_CURVE('',#1377,#1385,#1387,.T.);
#1385 = VERTEX_POINT('',#1386);
#1386 = CARTESIAN_POINT('',(41.932667397366,5.08845726812,0.));
#1387 = LINE('',#1388,#1389);
#1388 = CARTESIAN_POINT('',(41.932667397366,2.54422863406,0.));
#1389 = VECTOR('',#1390,1.);
#1390 = DIRECTION('',(-1.015061051086E-15,-1.,0.));
#1391 = ORIENTED_EDGE('',*,*,#1392,.T.);
#1392 = EDGE_CURVE('',#1385,#1393,#1395,.T.);
#1393 = VERTEX_POINT('',#1394);
#1394 = CARTESIAN_POINT('',(35.870489570875,1.58845726812,0.));
#1395 = LINE('',#1396,#1397);
#1396 = CARTESIAN_POINT('',(22.075144895042,-6.376288694036,0.));
#1397 = VECTOR('',#1398,1.);
#1398 = DIRECTION('',(-0.866025403784,-0.5,0.));
#1399 = ORIENTED_EDGE('',*,*,#1400,.T.);
#1400 = EDGE_CURVE('',#1393,#1359,#1401,.T.);
#1401 = LINE('',#1402,#1403);
#1402 = CARTESIAN_POINT('',(19.731878155306,10.906088913246,0.));
#1403 = VECTOR('',#1404,1.);
#1404 = DIRECTION('',(-0.866025403784,0.5,0.));
#1405 = FACE_BOUND('',#1406,.F.);
#1406 = EDGE_LOOP('',(#1407,#1417,#1425,#1433,#1441,#1449));
#1407 = ORIENTED_EDGE('',*,*,#1408,.T.);
#1408 = EDGE_CURVE('',#1409,#1411,#1413,.T.);
#1409 = VERTEX_POINT('',#1410);
#1410 = CARTESIAN_POINT('',(37.370489570875,18.186533479473,0.));
#1411 = VERTEX_POINT('',#1412);
#1412 = CARTESIAN_POINT('',(37.370489570875,25.186533479473,0.));
#1413 = LINE('',#1414,#1415);
#1414 = CARTESIAN_POINT('',(37.370489570875,12.593266739737,0.));
#1415 = VECTOR('',#1416,1.);
#1416 = DIRECTION('',(0.,1.,0.));
#1417 = ORIENTED_EDGE('',*,*,#1418,.T.);
#1418 = EDGE_CURVE('',#1411,#1419,#1421,.T.);
#1419 = VERTEX_POINT('',#1420);
#1420 = CARTESIAN_POINT('',(43.432667397366,28.686533479473,0.));
#1421 = LINE('',#1422,#1423);
#1422 = CARTESIAN_POINT('',(20.93460043842,15.697268464479,
    1.110223024625E-16));
#1423 = VECTOR('',#1424,1.);
#1424 = DIRECTION('',(0.866025403784,0.5,0.));
#1425 = ORIENTED_EDGE('',*,*,#1426,.T.);
#1426 = EDGE_CURVE('',#1419,#1427,#1429,.T.);
#1427 = VERTEX_POINT('',#1428);
#1428 = CARTESIAN_POINT('',(49.494845223857,25.186533479473,0.));
#1429 = LINE('',#1430,#1431);
#1430 = CARTESIAN_POINT('',(36.387322721533,32.754165124599,
    1.110223024625E-16));
#1431 = VECTOR('',#1432,1.);
#1432 = DIRECTION('',(0.866025403784,-0.5,0.));
#1433 = ORIENTED_EDGE('',*,*,#1434,.T.);
#1434 = EDGE_CURVE('',#1427,#1435,#1437,.T.);
#1435 = VERTEX_POINT('',#1436);
#1436 = CARTESIAN_POINT('',(49.494845223857,18.186533479473,0.));
#1437 = LINE('',#1438,#1439);
#1438 = CARTESIAN_POINT('',(49.494845223857,9.093266739737,0.));
#1439 = VECTOR('',#1440,1.);
#1440 = DIRECTION('',(-1.015061051086E-15,-1.,0.));
#1441 = ORIENTED_EDGE('',*,*,#1442,.T.);
#1442 = EDGE_CURVE('',#1435,#1443,#1445,.T.);
#1443 = VERTEX_POINT('',#1444);
#1444 = CARTESIAN_POINT('',(43.432667397366,14.686533479473,0.));
#1445 = LINE('',#1446,#1447);
#1446 = CARTESIAN_POINT('',(23.965689351665,3.447268464479,0.));
#1447 = VECTOR('',#1448,1.);
#1448 = DIRECTION('',(-0.866025403784,-0.5,0.));
#1449 = ORIENTED_EDGE('',*,*,#1450,.T.);
#1450 = EDGE_CURVE('',#1443,#1409,#1451,.T.);
#1451 = LINE('',#1452,#1453);
#1452 = CARTESIAN_POINT('',(27.294055981797,24.004165124599,
    1.110223024625E-16));
#1453 = VECTOR('',#1454,1.);
#1454 = DIRECTION('',(-0.866025403784,0.5,0.));
#1455 = FACE_BOUND('',#1456,.F.);
#1456 = EDGE_LOOP('',(#1457,#1467,#1475,#1483,#1491,#1499));
#1457 = ORIENTED_EDGE('',*,*,#1458,.T.);
#1458 = EDGE_CURVE('',#1459,#1461,#1463,.T.);
#1459 = VERTEX_POINT('',#1460);
#1460 = CARTESIAN_POINT('',(-0.44039956158,31.284609690827,0.));
#1461 = VERTEX_POINT('',#1462);
#1462 = CARTESIAN_POINT('',(-0.44039956158,38.284609690827,0.));
#1463 = LINE('',#1464,#1465);
#1464 = CARTESIAN_POINT('',(-0.44039956158,19.142304845413,0.));
#1465 = VECTOR('',#1466,1.);
#1466 = DIRECTION('',(-1.268826313857E-16,1.,0.));
#1467 = ORIENTED_EDGE('',*,*,#1468,.T.);
#1468 = EDGE_CURVE('',#1461,#1469,#1471,.T.);
#1469 = VERTEX_POINT('',#1470);
#1470 = CARTESIAN_POINT('',(5.621778264911,41.784609690827,0.));
#1471 = LINE('',#1472,#1473);
#1472 = CARTESIAN_POINT('',(-5.533021954299,35.344382781509,0.));
#1473 = VECTOR('',#1474,1.);
#1474 = DIRECTION('',(0.866025403784,0.5,0.));
#1475 = ORIENTED_EDGE('',*,*,#1476,.T.);
#1476 = EDGE_CURVE('',#1469,#1477,#1479,.T.);
#1477 = VERTEX_POINT('',#1478);
#1478 = CARTESIAN_POINT('',(11.683956091402,38.284609690827,0.));
#1479 = LINE('',#1480,#1481);
#1480 = CARTESIAN_POINT('',(15.591333698683,36.028684177437,0.));
#1481 = VECTOR('',#1482,1.);
#1482 = DIRECTION('',(0.866025403784,-0.5,0.));
#1483 = ORIENTED_EDGE('',*,*,#1484,.T.);
#1484 = EDGE_CURVE('',#1477,#1485,#1487,.T.);
#1485 = VERTEX_POINT('',#1486);
#1486 = CARTESIAN_POINT('',(11.683956091402,31.284609690827,0.));
#1487 = LINE('',#1488,#1489);
#1488 = CARTESIAN_POINT('',(11.683956091402,15.642304845413,0.));
#1489 = VECTOR('',#1490,1.);
#1490 = DIRECTION('',(0.,-1.,0.));
#1491 = ORIENTED_EDGE('',*,*,#1492,.T.);
#1492 = EDGE_CURVE('',#1485,#1493,#1495,.T.);
#1493 = VERTEX_POINT('',#1494);
#1494 = CARTESIAN_POINT('',(5.621778264911,27.784609690827,0.));
#1495 = LINE('',#1496,#1497);
#1496 = CARTESIAN_POINT('',(-2.501933041054,23.094382781509,0.));
#1497 = VECTOR('',#1498,1.);
#1498 = DIRECTION('',(-0.866025403784,-0.5,0.));
#1499 = ORIENTED_EDGE('',*,*,#1500,.T.);
#1500 = EDGE_CURVE('',#1493,#1459,#1501,.T.);
#1501 = LINE('',#1502,#1503);
#1502 = CARTESIAN_POINT('',(6.498066958946,27.278684177437,0.));
#1503 = VECTOR('',#1504,1.);
#1504 = DIRECTION('',(-0.866025403784,0.5,0.));
#1505 = PLANE('',#1506);
#1506 = AXIS2_PLACEMENT_3D('',#1507,#1508,#1509);
#1507 = CARTESIAN_POINT('',(0.,4.3309271513E-15,0.));
#1508 = DIRECTION('',(0.,0.,1.));
#1509 = DIRECTION('',(1.,0.,0.));
#1510 = ADVANCED_FACE('',(#1511),#1529,.T.);
#1511 = FACE_BOUND('',#1512,.T.);
#1512 = EDGE_LOOP('',(#1513,#1514,#1522,#1528));
#1513 = ORIENTED_EDGE('',*,*,#70,.T.);
#1514 = ORIENTED_EDGE('',*,*,#1515,.T.);
#1515 = EDGE_CURVE('',#71,#1516,#1518,.T.);
#1516 = VERTEX_POINT('',#1517);
#1517 = CARTESIAN_POINT('',(58.557023050348,14.686533479473,6.));
#1518 = LINE('',#1519,#1520);
#1519 = CARTESIAN_POINT('',(58.557023050348,14.686533479473,-1.));
#1520 = VECTOR('',#1521,1.);
#1521 = DIRECTION('',(0.,0.,1.));
#1522 = ORIENTED_EDGE('',*,*,#1523,.F.);
#1523 = EDGE_CURVE('',#40,#1516,#1524,.T.);
#1524 = LINE('',#1525,#1526);
#1525 = CARTESIAN_POINT('',(33.418411634779,0.172749411641,6.));
#1526 = VECTOR('',#1527,1.);
#1527 = DIRECTION('',(-0.866025403784,-0.5,0.));
#1528 = ORIENTED_EDGE('',*,*,#47,.T.);
#1529 = PLANE('',#1530);
#1530 = AXIS2_PLACEMENT_3D('',#1531,#1532,#1533);
#1531 = CARTESIAN_POINT('',(58.557023050348,14.686533479473,-1.));
#1532 = DIRECTION('',(-0.5,0.866025403784,0.));
#1533 = DIRECTION('',(0.866025403784,0.5,0.));
#1534 = ADVANCED_FACE('',(#1535,#2081,#2131,#2181,#2192,#2242,#2292,
    #2303,#2353,#2403,#2453,#2503,#2553,#2603,#2614,#2664,#2714,#2764,
    #2814,#2825,#2875,#2925),#2975,.T.);
#1535 = FACE_BOUND('',#1536,.T.);
#1536 = EDGE_LOOP('',(#1537,#1545,#1546,#1547,#1555,#1563,#1571,#1579,
    #1587,#1595,#1603,#1611,#1619,#1627,#1635,#1643,#1651,#1659,#1667,
    #1675,#1683,#1691,#1699,#1707,#1715,#1723,#1731,#1739,#1747,#1755,
    #1763,#1771,#1779,#1787,#1795,#1803,#1811,#1819,#1827,#1835,#1843,
    #1851,#1859,#1867,#1875,#1883,#1891,#1899,#1907,#1915,#1923,#1931,
    #1939,#1947,#1955,#1963,#1971,#1979,#1987,#1995,#2003,#2011,#2019,
    #2027,#2035,#2043,#2051,#2059,#2067,#2075));
#1537 = ORIENTED_EDGE('',*,*,#1538,.T.);
#1538 = EDGE_CURVE('',#1539,#32,#1541,.T.);
#1539 = VERTEX_POINT('',#1540);
#1540 = CARTESIAN_POINT('',(48.,9.,6.));
#1541 = LINE('',#1542,#1543);
#1542 = CARTESIAN_POINT('',(36.,9.,6.));
#1543 = VECTOR('',#1544,1.);
#1544 = DIRECTION('',(1.,0.,0.));
#1545 = ORIENTED_EDGE('',*,*,#39,.T.);
#1546 = ORIENTED_EDGE('',*,*,#1523,.T.);
#1547 = ORIENTED_EDGE('',*,*,#1548,.T.);
#1548 = EDGE_CURVE('',#1516,#1549,#1551,.T.);
#1549 = VERTEX_POINT('',#1550);
#1550 = CARTESIAN_POINT('',(52.494845223857,18.186533479473,6.));
#1551 = LINE('',#1552,#1553);
#1552 = CARTESIAN_POINT('',(36.746778264911,27.278684177437,6.));
#1553 = VECTOR('',#1554,1.);
#1554 = DIRECTION('',(-0.866025403784,0.5,0.));
#1555 = ORIENTED_EDGE('',*,*,#1556,.T.);
#1556 = EDGE_CURVE('',#1549,#1557,#1559,.T.);
#1557 = VERTEX_POINT('',#1558);
#1558 = CARTESIAN_POINT('',(52.494845223857,25.186533479473,6.));
#1559 = LINE('',#1560,#1561);
#1560 = CARTESIAN_POINT('',(52.494845223857,12.593266739737,6.));
#1561 = VECTOR('',#1562,1.);
#1562 = DIRECTION('',(0.,1.,0.));
#1563 = ORIENTED_EDGE('',*,*,#1564,.T.);
#1564 = EDGE_CURVE('',#1557,#1565,#1567,.T.);
#1565 = VERTEX_POINT('',#1566);
#1566 = CARTESIAN_POINT('',(54.717622392719,26.469854476264,6.));
#1567 = LINE('',#1568,#1569);
#1568 = CARTESIAN_POINT('',(30.387322721533,12.422749411641,6.));
#1569 = VECTOR('',#1570,1.);
#1570 = DIRECTION('',(0.866025403784,0.5,0.));
#1571 = ORIENTED_EDGE('',*,*,#1572,.T.);
#1572 = EDGE_CURVE('',#1565,#1573,#1575,.T.);
#1573 = VERTEX_POINT('',#1574);
#1574 = CARTESIAN_POINT('',(53.217622392719,29.067930687617,6.));
#1575 = LINE('',#1576,#1577);
#1576 = CARTESIAN_POINT('',(70.,0.,6.));
#1577 = VECTOR('',#1578,1.);
#1578 = DIRECTION('',(-0.5,0.866025403784,0.));
#1579 = ORIENTED_EDGE('',*,*,#1580,.T.);
#1580 = EDGE_CURVE('',#1573,#1581,#1583,.T.);
#1581 = VERTEX_POINT('',#1582);
#1582 = CARTESIAN_POINT('',(50.994845223857,27.784609690827,6.));
#1583 = LINE('',#1584,#1585);
#1584 = CARTESIAN_POINT('',(25.856233808288,13.270825622994,6.));
#1585 = VECTOR('',#1586,1.);
#1586 = DIRECTION('',(-0.866025403784,-0.5,0.));
#1587 = ORIENTED_EDGE('',*,*,#1588,.T.);
#1588 = EDGE_CURVE('',#1581,#1589,#1591,.T.);
#1589 = VERTEX_POINT('',#1590);
#1590 = CARTESIAN_POINT('',(44.932667397366,31.284609690827,6.));
#1591 = LINE('',#1592,#1593);
#1592 = CARTESIAN_POINT('',(34.856233808288,37.102241335952,6.));
#1593 = VECTOR('',#1594,1.);
#1594 = DIRECTION('',(-0.866025403784,0.5,0.));
#1595 = ORIENTED_EDGE('',*,*,#1596,.T.);
#1596 = EDGE_CURVE('',#1589,#1597,#1599,.T.);
#1597 = VERTEX_POINT('',#1598);
#1598 = CARTESIAN_POINT('',(44.932667397366,38.284609690827,6.));
#1599 = LINE('',#1600,#1601);
#1600 = CARTESIAN_POINT('',(44.932667397366,19.142304845413,6.));
#1601 = VECTOR('',#1602,1.);
#1602 = DIRECTION('',(0.,1.,0.));
#1603 = ORIENTED_EDGE('',*,*,#1604,.T.);
#1604 = EDGE_CURVE('',#1597,#1605,#1607,.T.);
#1605 = VERTEX_POINT('',#1606);
#1606 = CARTESIAN_POINT('',(47.155444566228,39.567930687617,6.));
#1607 = LINE('',#1608,#1609);
#1608 = CARTESIAN_POINT('',(22.825144895042,25.520825622994,6.));
#1609 = VECTOR('',#1610,1.);
#1610 = DIRECTION('',(0.866025403784,0.5,0.));
#1611 = ORIENTED_EDGE('',*,*,#1612,.T.);
#1612 = EDGE_CURVE('',#1605,#1613,#1615,.T.);
#1613 = VERTEX_POINT('',#1614);
#1614 = CARTESIAN_POINT('',(40.196152422707,51.621778264911,6.));
#1615 = LINE('',#1616,#1617);
#1616 = CARTESIAN_POINT('',(70.,0.,6.));
#1617 = VECTOR('',#1618,1.);
#1618 = DIRECTION('',(-0.5,0.866025403784,0.));
#1619 = ORIENTED_EDGE('',*,*,#1620,.T.);
#1620 = EDGE_CURVE('',#1613,#1621,#1623,.T.);
#1621 = VERTEX_POINT('',#1622);
#1622 = CARTESIAN_POINT('',(31.79422863406,37.069219381653,6.));
#1623 = LINE('',#1624,#1625);
#1624 = CARTESIAN_POINT('',(19.79422863406,16.284609690827,6.));
#1625 = VECTOR('',#1626,1.);
#1626 = DIRECTION('',(-0.5,-0.866025403784,0.));
#1627 = ORIENTED_EDGE('',*,*,#1628,.T.);
#1628 = EDGE_CURVE('',#1621,#1629,#1631,.T.);
#1629 = VERTEX_POINT('',#1630);
#1630 = CARTESIAN_POINT('',(16.20577136594,46.069219381653,6.));
#1631 = LINE('',#1632,#1633);
#1632 = CARTESIAN_POINT('',(20.10288568297,43.819219381653,6.));
#1633 = VECTOR('',#1634,1.);
#1634 = DIRECTION('',(-0.866025403784,0.5,0.));
#1635 = ORIENTED_EDGE('',*,*,#1636,.T.);
#1636 = EDGE_CURVE('',#1629,#1637,#1639,.T.);
#1637 = VERTEX_POINT('',#1638);
#1638 = CARTESIAN_POINT('',(24.607695154587,60.621778264911,6.));
#1639 = LINE('',#1640,#1641);
#1640 = CARTESIAN_POINT('',(10.20577136594,35.67691453624,6.));
#1641 = VECTOR('',#1642,1.);
#1642 = DIRECTION('',(0.5,0.866025403784,0.));
#1643 = ORIENTED_EDGE('',*,*,#1644,.T.);
#1644 = EDGE_CURVE('',#1637,#1645,#1647,.T.);
#1645 = VERTEX_POINT('',#1646);
#1646 = CARTESIAN_POINT('',(11.683956091402,60.621778264911,6.));
#1647 = LINE('',#1648,#1649);
#1648 = CARTESIAN_POINT('',(35.,60.621778264911,6.));
#1649 = VECTOR('',#1650,1.);
#1650 = DIRECTION('',(-1.,1.015061051086E-16,0.));
#1651 = ORIENTED_EDGE('',*,*,#1652,.T.);
#1652 = EDGE_CURVE('',#1645,#1653,#1655,.T.);
#1653 = VERTEX_POINT('',#1654);
#1654 = CARTESIAN_POINT('',(11.683956091402,57.480762113533,6.));
#1655 = LINE('',#1656,#1657);
#1656 = CARTESIAN_POINT('',(11.683956091402,28.740381056767,6.));
#1657 = VECTOR('',#1658,1.);
#1658 = DIRECTION('',(0.,-1.,0.));
#1659 = ORIENTED_EDGE('',*,*,#1660,.T.);
#1660 = EDGE_CURVE('',#1653,#1661,#1663,.T.);
#1661 = VERTEX_POINT('',#1662);
#1662 = CARTESIAN_POINT('',(5.621778264911,53.980762113533,6.));
#1663 = LINE('',#1664,#1665);
#1664 = CARTESIAN_POINT('',(-8.173566410922,46.016016151378,6.));
#1665 = VECTOR('',#1666,1.);
#1666 = DIRECTION('',(-0.866025403784,-0.5,0.));
#1667 = ORIENTED_EDGE('',*,*,#1668,.T.);
#1668 = EDGE_CURVE('',#1661,#1669,#1671,.T.);
#1669 = VERTEX_POINT('',#1670);
#1670 = CARTESIAN_POINT('',(-0.44039956158,57.480762113533,6.));
#1671 = LINE('',#1672,#1673);
#1672 = CARTESIAN_POINT('',(12.169700328815,50.200317547305,6.));
#1673 = VECTOR('',#1674,1.);
#1674 = DIRECTION('',(-0.866025403784,0.5,0.));
#1675 = ORIENTED_EDGE('',*,*,#1676,.T.);
#1676 = EDGE_CURVE('',#1669,#1677,#1679,.T.);
#1677 = VERTEX_POINT('',#1678);
#1678 = CARTESIAN_POINT('',(-0.44039956158,60.621778264911,6.));
#1679 = LINE('',#1680,#1681);
#1680 = CARTESIAN_POINT('',(-0.44039956158,32.240381056767,6.));
#1681 = VECTOR('',#1682,1.);
#1682 = DIRECTION('',(-1.268826313857E-16,1.,0.));
#1683 = ORIENTED_EDGE('',*,*,#1684,.T.);
#1684 = EDGE_CURVE('',#1677,#1685,#1687,.T.);
#1685 = VERTEX_POINT('',#1686);
#1686 = CARTESIAN_POINT('',(-3.44039956158,60.621778264911,6.));
#1687 = LINE('',#1688,#1689);
#1688 = CARTESIAN_POINT('',(35.,60.621778264911,6.));
#1689 = VECTOR('',#1690,1.);
#1690 = DIRECTION('',(-1.,1.015061051086E-16,0.));
#1691 = ORIENTED_EDGE('',*,*,#1692,.T.);
#1692 = EDGE_CURVE('',#1685,#1693,#1695,.T.);
#1693 = VERTEX_POINT('',#1694);
#1694 = CARTESIAN_POINT('',(-3.44039956158,57.480762113533,6.));
#1695 = LINE('',#1696,#1697);
#1696 = CARTESIAN_POINT('',(-3.44039956158,28.740381056767,6.));
#1697 = VECTOR('',#1698,1.);
#1698 = DIRECTION('',(-2.537652627715E-16,-1.,0.));
#1699 = ORIENTED_EDGE('',*,*,#1700,.T.);
#1700 = EDGE_CURVE('',#1693,#1701,#1703,.T.);
#1701 = VERTEX_POINT('',#1702);
#1702 = CARTESIAN_POINT('',(-9.502577388071,53.980762113533,6.));
#1703 = LINE('',#1704,#1705);
#1704 = CARTESIAN_POINT('',(-17.62628869403,49.290535204216,6.));
#1705 = VECTOR('',#1706,1.);
#1706 = DIRECTION('',(-0.866025403784,-0.5,0.));
#1707 = ORIENTED_EDGE('',*,*,#1708,.T.);
#1708 = EDGE_CURVE('',#1701,#1709,#1711,.T.);
#1709 = VERTEX_POINT('',#1710);
#1710 = CARTESIAN_POINT('',(-15.56475521456,57.480762113533,6.));
#1711 = LINE('',#1712,#1713);
#1712 = CARTESIAN_POINT('',(2.716978045701,46.925798494467,6.));
#1713 = VECTOR('',#1714,1.);
#1714 = DIRECTION('',(-0.866025403784,0.5,0.));
#1715 = ORIENTED_EDGE('',*,*,#1716,.T.);
#1716 = EDGE_CURVE('',#1709,#1717,#1719,.T.);
#1717 = VERTEX_POINT('',#1718);
#1718 = CARTESIAN_POINT('',(-15.56475521456,60.621778264911,6.));
#1719 = LINE('',#1720,#1721);
#1720 = CARTESIAN_POINT('',(-15.56475521456,32.240381056767,6.));
#1721 = VECTOR('',#1722,1.);
#1722 = DIRECTION('',(0.,1.,0.));
#1723 = ORIENTED_EDGE('',*,*,#1724,.T.);
#1724 = EDGE_CURVE('',#1717,#1725,#1727,.T.);
#1725 = VERTEX_POINT('',#1726);
#1726 = CARTESIAN_POINT('',(-24.60769515458,60.621778264911,6.));
#1727 = LINE('',#1728,#1729);
#1728 = CARTESIAN_POINT('',(35.,60.621778264911,6.));
#1729 = VECTOR('',#1730,1.);
#1730 = DIRECTION('',(-1.,1.015061051086E-16,0.));
#1731 = ORIENTED_EDGE('',*,*,#1732,.T.);
#1732 = EDGE_CURVE('',#1725,#1733,#1735,.T.);
#1733 = VERTEX_POINT('',#1734);
#1734 = CARTESIAN_POINT('',(-16.20577136594,46.069219381653,6.));
#1735 = LINE('',#1736,#1737);
#1736 = CARTESIAN_POINT('',(-4.20577136594,25.284609690827,6.));
#1737 = VECTOR('',#1738,1.);
#1738 = DIRECTION('',(0.5,-0.866025403784,0.));
#1739 = ORIENTED_EDGE('',*,*,#1740,.T.);
#1740 = EDGE_CURVE('',#1733,#1741,#1743,.T.);
#1741 = VERTEX_POINT('',#1742);
#1742 = CARTESIAN_POINT('',(-31.79422863406,37.069219381653,6.));
#1743 = LINE('',#1744,#1745);
#1744 = CARTESIAN_POINT('',(-27.89711431703,39.319219381653,6.));
#1745 = VECTOR('',#1746,1.);
#1746 = DIRECTION('',(-0.866025403784,-0.5,0.));
#1747 = ORIENTED_EDGE('',*,*,#1748,.T.);
#1748 = EDGE_CURVE('',#1741,#1749,#1751,.T.);
#1749 = VERTEX_POINT('',#1750);
#1750 = CARTESIAN_POINT('',(-40.1961524227,51.621778264911,6.));
#1751 = LINE('',#1752,#1753);
#1752 = CARTESIAN_POINT('',(-25.79422863406,26.67691453624,6.));
#1753 = VECTOR('',#1754,1.);
#1754 = DIRECTION('',(-0.5,0.866025403784,0.));
#1755 = ORIENTED_EDGE('',*,*,#1756,.T.);
#1756 = EDGE_CURVE('',#1749,#1757,#1759,.T.);
#1757 = VERTEX_POINT('',#1758);
#1758 = CARTESIAN_POINT('',(-48.81346652052,36.696152422707,6.));
#1759 = LINE('',#1760,#1761);
#1760 = CARTESIAN_POINT('',(-35.,60.621778264911,6.));
#1761 = VECTOR('',#1762,1.);
#1762 = DIRECTION('',(-0.5,-0.866025403784,0.));
#1763 = ORIENTED_EDGE('',*,*,#1764,.T.);
#1764 = EDGE_CURVE('',#1757,#1765,#1767,.T.);
#1765 = VERTEX_POINT('',#1766);
#1766 = CARTESIAN_POINT('',(-48.81346652052,31.284609690827,6.));
#1767 = LINE('',#1768,#1769);
#1768 = CARTESIAN_POINT('',(-48.81346652052,15.642304845413,6.));
#1769 = VECTOR('',#1770,1.);
#1770 = DIRECTION('',(-1.015061051086E-15,-1.,0.));
#1771 = ORIENTED_EDGE('',*,*,#1772,.T.);
#1772 = EDGE_CURVE('',#1765,#1773,#1775,.T.);
#1773 = VERTEX_POINT('',#1774);
#1774 = CARTESIAN_POINT('',(-53.5,28.578838324886,6.));
#1775 = LINE('',#1776,#1777);
#1776 = CARTESIAN_POINT('',(-40.3128221735,36.192458992863,6.));
#1777 = VECTOR('',#1778,1.);
#1778 = DIRECTION('',(-0.866025403784,-0.5,0.));
#1779 = ORIENTED_EDGE('',*,*,#1780,.T.);
#1780 = EDGE_CURVE('',#1773,#1781,#1783,.T.);
#1781 = VERTEX_POINT('',#1782);
#1782 = CARTESIAN_POINT('',(-56.37564434701,23.598076211353,6.));
#1783 = LINE('',#1784,#1785);
#1784 = CARTESIAN_POINT('',(-35.,60.621778264911,6.));
#1785 = VECTOR('',#1786,1.);
#1786 = DIRECTION('',(-0.5,-0.866025403784,0.));
#1787 = ORIENTED_EDGE('',*,*,#1788,.T.);
#1788 = EDGE_CURVE('',#1781,#1789,#1791,.T.);
#1789 = VERTEX_POINT('',#1790);
#1790 = CARTESIAN_POINT('',(-56.37564434701,18.186533479473,6.));
#1791 = LINE('',#1792,#1793);
#1792 = CARTESIAN_POINT('',(-56.37564434701,9.093266739737,6.));
#1793 = VECTOR('',#1794,1.);
#1794 = DIRECTION('',(-1.015061051086E-15,-1.,0.));
#1795 = ORIENTED_EDGE('',*,*,#1796,.T.);
#1796 = EDGE_CURVE('',#1789,#1797,#1799,.T.);
#1797 = VERTEX_POINT('',#1798);
#1798 = CARTESIAN_POINT('',(-61.06217782649,15.480762113533,6.));
#1799 = LINE('',#1800,#1801);
#1800 = CARTESIAN_POINT('',(-42.20336663013,26.368901834348,6.));
#1801 = VECTOR('',#1802,1.);
#1802 = DIRECTION('',(-0.866025403784,-0.5,0.));
#1803 = ORIENTED_EDGE('',*,*,#1804,.T.);
#1804 = EDGE_CURVE('',#1797,#1805,#1807,.T.);
#1805 = VERTEX_POINT('',#1806);
#1806 = CARTESIAN_POINT('',(-64.80384757729,9.,6.));
#1807 = LINE('',#1808,#1809);
#1808 = CARTESIAN_POINT('',(-35.,60.621778264911,6.));
#1809 = VECTOR('',#1810,1.);
#1810 = DIRECTION('',(-0.5,-0.866025403784,0.));
#1811 = ORIENTED_EDGE('',*,*,#1812,.T.);
#1812 = EDGE_CURVE('',#1805,#1813,#1815,.T.);
#1813 = VERTEX_POINT('',#1814);
#1814 = CARTESIAN_POINT('',(-48.,9.,6.));
#1815 = LINE('',#1816,#1817);
#1816 = CARTESIAN_POINT('',(-24.,9.,6.));
#1817 = VECTOR('',#1818,1.);
#1818 = DIRECTION('',(1.,-1.480297366167E-16,0.));
#1819 = ORIENTED_EDGE('',*,*,#1820,.T.);
#1820 = EDGE_CURVE('',#1813,#1821,#1823,.T.);
#1821 = VERTEX_POINT('',#1822);
#1822 = CARTESIAN_POINT('',(-48.,-9.,6.));
#1823 = LINE('',#1824,#1825);
#1824 = CARTESIAN_POINT('',(-48.,-4.5,6.));
#1825 = VECTOR('',#1826,1.);
#1826 = DIRECTION('',(0.,-1.,0.));
#1827 = ORIENTED_EDGE('',*,*,#1828,.T.);
#1828 = EDGE_CURVE('',#1821,#1829,#1831,.T.);
#1829 = VERTEX_POINT('',#1830);
#1830 = CARTESIAN_POINT('',(-64.80384757729,-9.,6.));
#1831 = LINE('',#1832,#1833);
#1832 = CARTESIAN_POINT('',(-36.,-9.,6.));
#1833 = VECTOR('',#1834,1.);
#1834 = DIRECTION('',(-1.,1.480297366167E-16,0.));
#1835 = ORIENTED_EDGE('',*,*,#1836,.T.);
#1836 = EDGE_CURVE('',#1829,#1837,#1839,.T.);
#1837 = VERTEX_POINT('',#1838);
#1838 = CARTESIAN_POINT('',(-53.37564434701,-28.79422863406,6.));
#1839 = LINE('',#1840,#1841);
#1840 = CARTESIAN_POINT('',(-70.,8.572527594031E-15,6.));
#1841 = VECTOR('',#1842,1.);
#1842 = DIRECTION('',(0.5,-0.866025403784,0.));
#1843 = ORIENTED_EDGE('',*,*,#1844,.T.);
#1844 = EDGE_CURVE('',#1837,#1845,#1847,.T.);
#1845 = VERTEX_POINT('',#1846);
#1846 = CARTESIAN_POINT('',(-53.37564434701,-27.20577136594,6.));
#1847 = LINE('',#1848,#1849);
#1848 = CARTESIAN_POINT('',(-53.37564434701,-13.60288568297,6.));
#1849 = VECTOR('',#1850,1.);
#1850 = DIRECTION('',(0.,1.,0.));
#1851 = ORIENTED_EDGE('',*,*,#1852,.T.);
#1852 = EDGE_CURVE('',#1845,#1853,#1855,.T.);
#1853 = VERTEX_POINT('',#1854);
#1854 = CARTESIAN_POINT('',(-47.31346652052,-23.70577136594,6.));
#1855 = LINE('',#1856,#1857);
#1856 = CARTESIAN_POINT('',(-24.43846652052,-10.49888395822,6.));
#1857 = VECTOR('',#1858,1.);
#1858 = DIRECTION('',(0.866025403784,0.5,0.));
#1859 = ORIENTED_EDGE('',*,*,#1860,.T.);
#1860 = EDGE_CURVE('',#1853,#1861,#1863,.T.);
#1861 = VERTEX_POINT('',#1862);
#1862 = CARTESIAN_POINT('',(-41.25128869403,-27.20577136594,6.));
#1863 = LINE('',#1864,#1865);
#1864 = CARTESIAN_POINT('',(-31.67227771688,-32.73621593216,6.));
#1865 = VECTOR('',#1866,1.);
#1866 = DIRECTION('',(0.866025403784,-0.5,0.));
#1867 = ORIENTED_EDGE('',*,*,#1868,.T.);
#1868 = EDGE_CURVE('',#1861,#1869,#1871,.T.);
#1869 = VERTEX_POINT('',#1870);
#1870 = CARTESIAN_POINT('',(-41.25128869403,-34.20577136594,6.));
#1871 = LINE('',#1872,#1873);
#1872 = CARTESIAN_POINT('',(-41.25128869403,-17.10288568297,6.));
#1873 = VECTOR('',#1874,1.);
#1874 = DIRECTION('',(-1.015061051086E-15,-1.,0.));
#1875 = ORIENTED_EDGE('',*,*,#1876,.T.);
#1876 = EDGE_CURVE('',#1869,#1877,#1879,.T.);
#1877 = VERTEX_POINT('',#1878);
#1878 = CARTESIAN_POINT('',(-47.31346652052,-37.70577136594,6.));
#1879 = LINE('',#1880,#1881);
#1880 = CARTESIAN_POINT('',(-21.40737760728,-22.74888395822,6.));
#1881 = VECTOR('',#1882,1.);
#1882 = DIRECTION('',(-0.866025403784,-0.5,0.));
#1883 = ORIENTED_EDGE('',*,*,#1884,.T.);
#1884 = EDGE_CURVE('',#1877,#1885,#1887,.T.);
#1885 = VERTEX_POINT('',#1886);
#1886 = CARTESIAN_POINT('',(-48.68911086754,-36.91154273188,6.));
#1887 = LINE('',#1888,#1889);
#1888 = CARTESIAN_POINT('',(-40.76554445662,-41.48621593216,6.));
#1889 = VECTOR('',#1890,1.);
#1890 = DIRECTION('',(-0.866025403784,0.5,0.));
#1891 = ORIENTED_EDGE('',*,*,#1892,.T.);
#1892 = EDGE_CURVE('',#1885,#1893,#1895,.T.);
#1893 = VERTEX_POINT('',#1894);
#1894 = CARTESIAN_POINT('',(-40.1961524227,-51.62177826491,6.));
#1895 = LINE('',#1896,#1897);
#1896 = CARTESIAN_POINT('',(-70.,8.572527594031E-15,6.));
#1897 = VECTOR('',#1898,1.);
#1898 = DIRECTION('',(0.5,-0.866025403784,0.));
#1899 = ORIENTED_EDGE('',*,*,#1900,.T.);
#1900 = EDGE_CURVE('',#1893,#1901,#1903,.T.);
#1901 = VERTEX_POINT('',#1902);
#1902 = CARTESIAN_POINT('',(-31.79422863406,-37.06921938165,6.));
#1903 = LINE('',#1904,#1905);
#1904 = CARTESIAN_POINT('',(-19.79422863406,-16.28460969082,6.));
#1905 = VECTOR('',#1906,1.);
#1906 = DIRECTION('',(0.5,0.866025403784,0.));
#1907 = ORIENTED_EDGE('',*,*,#1908,.T.);
#1908 = EDGE_CURVE('',#1901,#1909,#1911,.T.);
#1909 = VERTEX_POINT('',#1910);
#1910 = CARTESIAN_POINT('',(-16.20577136594,-46.06921938165,6.));
#1911 = LINE('',#1912,#1913);
#1912 = CARTESIAN_POINT('',(-20.10288568297,-43.81921938165,6.));
#1913 = VECTOR('',#1914,1.);
#1914 = DIRECTION('',(0.866025403784,-0.5,0.));
#1915 = ORIENTED_EDGE('',*,*,#1916,.T.);
#1916 = EDGE_CURVE('',#1909,#1917,#1919,.T.);
#1917 = VERTEX_POINT('',#1918);
#1918 = CARTESIAN_POINT('',(-24.60769515458,-60.62177826491,6.));
#1919 = LINE('',#1920,#1921);
#1920 = CARTESIAN_POINT('',(-10.20577136594,-35.67691453624,6.));
#1921 = VECTOR('',#1922,1.);
#1922 = DIRECTION('',(-0.5,-0.866025403784,0.));
#1923 = ORIENTED_EDGE('',*,*,#1924,.T.);
#1924 = EDGE_CURVE('',#1917,#1925,#1927,.T.);
#1925 = VERTEX_POINT('',#1926);
#1926 = CARTESIAN_POINT('',(-7.621778264911,-60.62177826491,6.));
#1927 = LINE('',#1928,#1929);
#1928 = CARTESIAN_POINT('',(-35.,-60.62177826491,6.));
#1929 = VECTOR('',#1930,1.);
#1930 = DIRECTION('',(1.,-2.030122102172E-16,0.));
#1931 = ORIENTED_EDGE('',*,*,#1932,.T.);
#1932 = EDGE_CURVE('',#1925,#1933,#1935,.T.);
#1933 = VERTEX_POINT('',#1934);
#1934 = CARTESIAN_POINT('',(-8.002577388071,-60.40192378864,6.));
#1935 = LINE('',#1936,#1937);
#1936 = CARTESIAN_POINT('',(-18.07901097715,-54.58429214352,6.));
#1937 = VECTOR('',#1938,1.);
#1938 = DIRECTION('',(-0.866025403784,0.5,0.));
#1939 = ORIENTED_EDGE('',*,*,#1940,.T.);
#1940 = EDGE_CURVE('',#1933,#1941,#1943,.T.);
#1941 = VERTEX_POINT('',#1942);
#1942 = CARTESIAN_POINT('',(-8.002577388071,-53.40192378864,6.));
#1943 = LINE('',#1944,#1945);
#1944 = CARTESIAN_POINT('',(-8.002577388071,-26.70096189432,6.));
#1945 = VECTOR('',#1946,1.);
#1946 = DIRECTION('',(0.,1.,0.));
#1947 = ORIENTED_EDGE('',*,*,#1948,.T.);
#1948 = EDGE_CURVE('',#1941,#1949,#1951,.T.);
#1949 = VERTEX_POINT('',#1950);
#1950 = CARTESIAN_POINT('',(-1.94039956158,-49.90192378864,6.));
#1951 = LINE('',#1952,#1953);
#1952 = CARTESIAN_POINT('',(9.591333698683,-43.24407448661,6.));
#1953 = VECTOR('',#1954,1.);
#1954 = DIRECTION('',(0.866025403784,0.5,0.));
#1955 = ORIENTED_EDGE('',*,*,#1956,.T.);
#1956 = EDGE_CURVE('',#1949,#1957,#1959,.T.);
#1957 = VERTEX_POINT('',#1958);
#1958 = CARTESIAN_POINT('',(4.121778264911,-53.40192378864,6.));
#1959 = LINE('',#1960,#1961);
#1960 = CARTESIAN_POINT('',(-8.985744237413,-45.83429214352,6.));
#1961 = VECTOR('',#1962,1.);
#1962 = DIRECTION('',(0.866025403784,-0.5,0.));
#1963 = ORIENTED_EDGE('',*,*,#1964,.T.);
#1964 = EDGE_CURVE('',#1957,#1965,#1967,.T.);
#1965 = VERTEX_POINT('',#1966);
#1966 = CARTESIAN_POINT('',(4.121778264911,-60.40192378864,6.));
#1967 = LINE('',#1968,#1969);
#1968 = CARTESIAN_POINT('',(4.121778264911,-30.20096189432,6.));
#1969 = VECTOR('',#1970,1.);
#1970 = DIRECTION('',(-2.537652627715E-16,-1.,0.));
#1971 = ORIENTED_EDGE('',*,*,#1972,.T.);
#1972 = EDGE_CURVE('',#1965,#1973,#1975,.T.);
#1973 = VERTEX_POINT('',#1974);
#1974 = CARTESIAN_POINT('',(3.74097914175,-60.62177826491,6.));
#1975 = LINE('',#1976,#1977);
#1976 = CARTESIAN_POINT('',(12.622422611929,-55.49407448661,6.));
#1977 = VECTOR('',#1978,1.);
#1978 = DIRECTION('',(-0.866025403784,-0.5,0.));
#1979 = ORIENTED_EDGE('',*,*,#1980,.T.);
#1980 = EDGE_CURVE('',#1973,#1981,#1983,.T.);
#1981 = VERTEX_POINT('',#1982);
#1982 = CARTESIAN_POINT('',(24.607695154587,-60.62177826491,6.));
#1983 = LINE('',#1984,#1985);
#1984 = CARTESIAN_POINT('',(-35.,-60.62177826491,6.));
#1985 = VECTOR('',#1986,1.);
#1986 = DIRECTION('',(1.,-2.030122102172E-16,0.));
#1987 = ORIENTED_EDGE('',*,*,#1988,.T.);
#1988 = EDGE_CURVE('',#1981,#1989,#1991,.T.);
#1989 = VERTEX_POINT('',#1990);
#1990 = CARTESIAN_POINT('',(16.20577136594,-46.06921938165,6.));
#1991 = LINE('',#1992,#1993);
#1992 = CARTESIAN_POINT('',(4.20577136594,-25.28460969082,6.));
#1993 = VECTOR('',#1994,1.);
#1994 = DIRECTION('',(-0.5,0.866025403784,0.));
#1995 = ORIENTED_EDGE('',*,*,#1996,.T.);
#1996 = EDGE_CURVE('',#1989,#1997,#1999,.T.);
#1997 = VERTEX_POINT('',#1998);
#1998 = CARTESIAN_POINT('',(31.79422863406,-37.06921938165,6.));
#1999 = LINE('',#2000,#2001);
#2000 = CARTESIAN_POINT('',(27.89711431703,-39.31921938165,6.));
#2001 = VECTOR('',#2002,1.);
#2002 = DIRECTION('',(0.866025403784,0.5,0.));
#2003 = ORIENTED_EDGE('',*,*,#2004,.T.);
#2004 = EDGE_CURVE('',#1997,#2005,#2007,.T.);
#2005 = VERTEX_POINT('',#2006);
#2006 = CARTESIAN_POINT('',(40.196152422707,-51.62177826491,6.));
#2007 = LINE('',#2008,#2009);
#2008 = CARTESIAN_POINT('',(25.79422863406,-26.67691453624,6.));
#2009 = VECTOR('',#2010,1.);
#2010 = DIRECTION('',(0.5,-0.866025403784,0.));
#2011 = ORIENTED_EDGE('',*,*,#2012,.T.);
#2012 = EDGE_CURVE('',#2005,#2013,#2015,.T.);
#2013 = VERTEX_POINT('',#2014);
#2014 = CARTESIAN_POINT('',(44.932667397366,-43.41789367799,6.));
#2015 = LINE('',#2016,#2017);
#2016 = CARTESIAN_POINT('',(35.,-60.62177826491,6.));
#2017 = VECTOR('',#2018,1.);
#2018 = DIRECTION('',(0.5,0.866025403784,0.));
#2019 = ORIENTED_EDGE('',*,*,#2020,.T.);
#2020 = EDGE_CURVE('',#2013,#2021,#2023,.T.);
#2021 = VERTEX_POINT('',#2022);
#2022 = CARTESIAN_POINT('',(44.932667397366,-40.30384757729,6.));
#2023 = LINE('',#2024,#2025);
#2024 = CARTESIAN_POINT('',(44.932667397366,-20.15192378864,6.));
#2025 = VECTOR('',#2026,1.);
#2026 = DIRECTION('',(0.,1.,0.));
#2027 = ORIENTED_EDGE('',*,*,#2028,.T.);
#2028 = EDGE_CURVE('',#2021,#2029,#2031,.T.);
#2029 = VERTEX_POINT('',#2030);
#2030 = CARTESIAN_POINT('',(47.629510429125,-38.74682452694,6.));
#2031 = LINE('',#2032,#2033);
#2032 = CARTESIAN_POINT('',(39.840045004647,-43.24407448661,6.));
#2033 = VECTOR('',#2034,1.);
#2034 = DIRECTION('',(0.866025403784,0.5,0.));
#2035 = ORIENTED_EDGE('',*,*,#2036,.T.);
#2036 = EDGE_CURVE('',#2029,#2037,#2039,.T.);
#2037 = VERTEX_POINT('',#2038);
#2038 = CARTESIAN_POINT('',(52.494845223857,-30.31981746663,6.));
#2039 = LINE('',#2040,#2041);
#2040 = CARTESIAN_POINT('',(35.,-60.62177826491,6.));
#2041 = VECTOR('',#2042,1.);
#2042 = DIRECTION('',(0.5,0.866025403784,0.));
#2043 = ORIENTED_EDGE('',*,*,#2044,.T.);
#2044 = EDGE_CURVE('',#2037,#2045,#2047,.T.);
#2045 = VERTEX_POINT('',#2046);
#2046 = CARTESIAN_POINT('',(52.494845223857,-27.20577136594,6.));
#2047 = LINE('',#2048,#2049);
#2048 = CARTESIAN_POINT('',(52.494845223857,-13.60288568297,6.));
#2049 = VECTOR('',#2050,1.);
#2050 = DIRECTION('',(0.,1.,0.));
#2051 = ORIENTED_EDGE('',*,*,#2052,.T.);
#2052 = EDGE_CURVE('',#2045,#2053,#2055,.T.);
#2053 = VERTEX_POINT('',#2054);
#2054 = CARTESIAN_POINT('',(55.191688255616,-25.64874831559,6.));
#2055 = LINE('',#2056,#2057);
#2056 = CARTESIAN_POINT('',(41.73058946127,-33.42051732809,6.));
#2057 = VECTOR('',#2058,1.);
#2058 = DIRECTION('',(0.866025403784,0.5,0.));
#2059 = ORIENTED_EDGE('',*,*,#2060,.T.);
#2060 = EDGE_CURVE('',#2053,#2061,#2063,.T.);
#2061 = VERTEX_POINT('',#2062);
#2062 = CARTESIAN_POINT('',(64.803847577293,-9.,6.));
#2063 = LINE('',#2064,#2065);
#2064 = CARTESIAN_POINT('',(35.,-60.62177826491,6.));
#2065 = VECTOR('',#2066,1.);
#2066 = DIRECTION('',(0.5,0.866025403784,0.));
#2067 = ORIENTED_EDGE('',*,*,#2068,.T.);
#2068 = EDGE_CURVE('',#2061,#2069,#2071,.T.);
#2069 = VERTEX_POINT('',#2070);
#2070 = CARTESIAN_POINT('',(48.,-9.,6.));
#2071 = LINE('',#2072,#2073);
#2072 = CARTESIAN_POINT('',(24.,-9.,6.));
#2073 = VECTOR('',#2074,1.);
#2074 = DIRECTION('',(-1.,0.,0.));
#2075 = ORIENTED_EDGE('',*,*,#2076,.T.);
#2076 = EDGE_CURVE('',#2069,#1539,#2077,.T.);
#2077 = LINE('',#2078,#2079);
#2078 = CARTESIAN_POINT('',(48.,4.5,6.));
#2079 = VECTOR('',#2080,1.);
#2080 = DIRECTION('',(0.,1.,0.));
#2081 = FACE_BOUND('',#2082,.T.);
#2082 = EDGE_LOOP('',(#2083,#2093,#2101,#2109,#2117,#2125));
#2083 = ORIENTED_EDGE('',*,*,#2084,.T.);
#2084 = EDGE_CURVE('',#2085,#2087,#2089,.T.);
#2085 = VERTEX_POINT('',#2086);
#2086 = CARTESIAN_POINT('',(-23.12693304105,-34.20577136594,6.));
#2087 = VERTEX_POINT('',#2088);
#2088 = CARTESIAN_POINT('',(-23.12693304105,-27.20577136594,6.));
#2089 = LINE('',#2090,#2091);
#2090 = CARTESIAN_POINT('',(-23.12693304105,-13.60288568297,6.));
#2091 = VECTOR('',#2092,1.);
#2092 = DIRECTION('',(-5.075305255429E-16,1.,0.));
#2093 = ORIENTED_EDGE('',*,*,#2094,.T.);
#2094 = EDGE_CURVE('',#2087,#2095,#2097,.T.);
#2095 = VERTEX_POINT('',#2096);
#2096 = CARTESIAN_POINT('',(-17.06475521456,-23.70577136594,6.));
#2097 = LINE('',#2098,#2099);
#2098 = CARTESIAN_POINT('',(-5.533021954299,-17.0479220639,6.));
#2099 = VECTOR('',#2100,1.);
#2100 = DIRECTION('',(0.866025403784,0.5,0.));
#2101 = ORIENTED_EDGE('',*,*,#2102,.T.);
#2102 = EDGE_CURVE('',#2095,#2103,#2105,.T.);
#2103 = VERTEX_POINT('',#2104);
#2104 = CARTESIAN_POINT('',(-11.00257738807,-27.20577136594,6.));
#2105 = LINE('',#2106,#2107);
#2106 = CARTESIAN_POINT('',(-12.76683315065,-26.18717782649,6.));
#2107 = VECTOR('',#2108,1.);
#2108 = DIRECTION('',(0.866025403784,-0.5,0.));
#2109 = ORIENTED_EDGE('',*,*,#2110,.T.);
#2110 = EDGE_CURVE('',#2103,#2111,#2113,.T.);
#2111 = VERTEX_POINT('',#2112);
#2112 = CARTESIAN_POINT('',(-11.00257738807,-34.20577136594,6.));
#2113 = LINE('',#2114,#2115);
#2114 = CARTESIAN_POINT('',(-11.00257738807,-17.10288568297,6.));
#2115 = VECTOR('',#2116,1.);
#2116 = DIRECTION('',(0.,-1.,0.));
#2117 = ORIENTED_EDGE('',*,*,#2118,.T.);
#2118 = EDGE_CURVE('',#2111,#2119,#2121,.T.);
#2119 = VERTEX_POINT('',#2120);
#2120 = CARTESIAN_POINT('',(-17.06475521456,-37.70577136594,6.));
#2121 = LINE('',#2122,#2123);
#2122 = CARTESIAN_POINT('',(-2.501933041054,-29.2979220639,6.));
#2123 = VECTOR('',#2124,1.);
#2124 = DIRECTION('',(-0.866025403784,-0.5,0.));
#2125 = ORIENTED_EDGE('',*,*,#2126,.T.);
#2126 = EDGE_CURVE('',#2119,#2085,#2127,.T.);
#2127 = LINE('',#2128,#2129);
#2128 = CARTESIAN_POINT('',(-21.86009989039,-34.93717782649,6.));
#2129 = VECTOR('',#2130,1.);
#2130 = DIRECTION('',(-0.866025403784,0.5,0.));
#2131 = FACE_BOUND('',#2132,.T.);
#2132 = EDGE_LOOP('',(#2133,#2143,#2151,#2159,#2167,#2175));
#2133 = ORIENTED_EDGE('',*,*,#2134,.T.);
#2134 = EDGE_CURVE('',#2135,#2137,#2139,.T.);
#2135 = VERTEX_POINT('',#2136);
#2136 = CARTESIAN_POINT('',(-8.002577388071,-34.20577136594,6.));
#2137 = VERTEX_POINT('',#2138);
#2138 = CARTESIAN_POINT('',(-8.002577388071,-27.20577136594,6.));
#2139 = LINE('',#2140,#2141);
#2140 = CARTESIAN_POINT('',(-8.002577388071,-13.60288568297,6.));
#2141 = VECTOR('',#2142,1.);
#2142 = DIRECTION('',(0.,1.,0.));
#2143 = ORIENTED_EDGE('',*,*,#2144,.T.);
#2144 = EDGE_CURVE('',#2137,#2145,#2147,.T.);
#2145 = VERTEX_POINT('',#2146);
#2146 = CARTESIAN_POINT('',(-1.94039956158,-23.70577136594,6.));
#2147 = LINE('',#2148,#2149);
#2148 = CARTESIAN_POINT('',(3.919700328815,-20.32244111674,6.));
#2149 = VECTOR('',#2150,1.);
#2150 = DIRECTION('',(0.866025403784,0.5,0.));
#2151 = ORIENTED_EDGE('',*,*,#2152,.T.);
#2152 = EDGE_CURVE('',#2145,#2153,#2155,.T.);
#2153 = VERTEX_POINT('',#2154);
#2154 = CARTESIAN_POINT('',(4.121778264911,-27.20577136594,6.));
#2155 = LINE('',#2156,#2157);
#2156 = CARTESIAN_POINT('',(-3.314110867545,-22.91265877365,6.));
#2157 = VECTOR('',#2158,1.);
#2158 = DIRECTION('',(0.866025403784,-0.5,0.));
#2159 = ORIENTED_EDGE('',*,*,#2160,.T.);
#2160 = EDGE_CURVE('',#2153,#2161,#2163,.T.);
#2161 = VERTEX_POINT('',#2162);
#2162 = CARTESIAN_POINT('',(4.121778264911,-34.20577136594,6.));
#2163 = LINE('',#2164,#2165);
#2164 = CARTESIAN_POINT('',(4.121778264911,-17.10288568297,6.));
#2165 = VECTOR('',#2166,1.);
#2166 = DIRECTION('',(-2.537652627715E-16,-1.,0.));
#2167 = ORIENTED_EDGE('',*,*,#2168,.T.);
#2168 = EDGE_CURVE('',#2161,#2169,#2171,.T.);
#2169 = VERTEX_POINT('',#2170);
#2170 = CARTESIAN_POINT('',(-1.94039956158,-37.70577136594,6.));
#2171 = LINE('',#2172,#2173);
#2172 = CARTESIAN_POINT('',(6.95078924206,-32.57244111674,6.));
#2173 = VECTOR('',#2174,1.);
#2174 = DIRECTION('',(-0.866025403784,-0.5,0.));
#2175 = ORIENTED_EDGE('',*,*,#2176,.T.);
#2176 = EDGE_CURVE('',#2169,#2135,#2177,.T.);
#2177 = LINE('',#2178,#2179);
#2178 = CARTESIAN_POINT('',(-12.40737760728,-31.66265877365,6.));
#2179 = VECTOR('',#2180,1.);
#2180 = DIRECTION('',(-0.866025403784,0.5,0.));
#2181 = FACE_BOUND('',#2182,.T.);
#2182 = EDGE_LOOP('',(#2183));
#2183 = ORIENTED_EDGE('',*,*,#2184,.F.);
#2184 = EDGE_CURVE('',#2185,#2185,#2187,.T.);
#2185 = VERTEX_POINT('',#2186);
#2186 = CARTESIAN_POINT('',(-20.92741699797,-22.62741699797,6.));
#2187 = CIRCLE('',#2188,1.7);
#2188 = AXIS2_PLACEMENT_3D('',#2189,#2190,#2191);
#2189 = CARTESIAN_POINT('',(-22.62741699797,-22.62741699797,6.));
#2190 = DIRECTION('',(0.,0.,1.));
#2191 = DIRECTION('',(1.,0.,0.));
#2192 = FACE_BOUND('',#2193,.T.);
#2193 = EDGE_LOOP('',(#2194,#2204,#2212,#2220,#2228,#2236));
#2194 = ORIENTED_EDGE('',*,*,#2195,.T.);
#2195 = EDGE_CURVE('',#2196,#2198,#2200,.T.);
#2196 = VERTEX_POINT('',#2197);
#2197 = CARTESIAN_POINT('',(-38.25128869403,-8.009618943233,6.));
#2198 = VERTEX_POINT('',#2199);
#2199 = CARTESIAN_POINT('',(-38.25128869403,-1.009618943233,6.));
#2200 = LINE('',#2201,#2202);
#2201 = CARTESIAN_POINT('',(-38.25128869403,-0.504809471617,6.));
#2202 = VECTOR('',#2203,1.);
#2203 = DIRECTION('',(0.,1.,0.));
#2204 = ORIENTED_EDGE('',*,*,#2205,.T.);
#2205 = EDGE_CURVE('',#2198,#2206,#2208,.T.);
#2206 = VERTEX_POINT('',#2207);
#2207 = CARTESIAN_POINT('',(-32.18911086754,2.490381056767,6.));
#2208 = LINE('',#2209,#2210);
#2209 = CARTESIAN_POINT('',(-20.65737760728,9.148230358803,6.));
#2210 = VECTOR('',#2211,1.);
#2211 = DIRECTION('',(0.866025403784,0.5,0.));
#2212 = ORIENTED_EDGE('',*,*,#2213,.T.);
#2213 = EDGE_CURVE('',#2206,#2214,#2216,.T.);
#2214 = VERTEX_POINT('',#2215);
#2215 = CARTESIAN_POINT('',(-26.12693304105,-1.009618943233,6.));
#2216 = LINE('',#2217,#2218);
#2217 = CARTESIAN_POINT('',(-16.5479220639,-6.540063509461,6.));
#2218 = VECTOR('',#2219,1.);
#2219 = DIRECTION('',(0.866025403784,-0.5,0.));
#2220 = ORIENTED_EDGE('',*,*,#2221,.T.);
#2221 = EDGE_CURVE('',#2214,#2222,#2224,.T.);
#2222 = VERTEX_POINT('',#2223);
#2223 = CARTESIAN_POINT('',(-26.12693304105,-8.009618943233,6.));
#2224 = LINE('',#2225,#2226);
#2225 = CARTESIAN_POINT('',(-26.12693304105,-4.004809471617,6.));
#2226 = VECTOR('',#2227,1.);
#2227 = DIRECTION('',(0.,-1.,0.));
#2228 = ORIENTED_EDGE('',*,*,#2229,.T.);
#2229 = EDGE_CURVE('',#2222,#2230,#2232,.T.);
#2230 = VERTEX_POINT('',#2231);
#2231 = CARTESIAN_POINT('',(-32.18911086754,-11.50961894323,6.));
#2232 = LINE('',#2233,#2234);
#2233 = CARTESIAN_POINT('',(-17.62628869403,-3.101769641197,6.));
#2234 = VECTOR('',#2235,1.);
#2235 = DIRECTION('',(-0.866025403784,-0.5,0.));
#2236 = ORIENTED_EDGE('',*,*,#2237,.T.);
#2237 = EDGE_CURVE('',#2230,#2196,#2238,.T.);
#2238 = LINE('',#2239,#2240);
#2239 = CARTESIAN_POINT('',(-25.64118880364,-15.29006350946,6.));
#2240 = VECTOR('',#2241,1.);
#2241 = DIRECTION('',(-0.866025403784,0.5,0.));
#2242 = FACE_BOUND('',#2243,.T.);
#2243 = EDGE_LOOP('',(#2244,#2254,#2262,#2270,#2278,#2286));
#2244 = ORIENTED_EDGE('',*,*,#2245,.T.);
#2245 = EDGE_CURVE('',#2246,#2248,#2250,.T.);
#2246 = VERTEX_POINT('',#2247);
#2247 = CARTESIAN_POINT('',(7.121778264911,-34.20577136594,6.));
#2248 = VERTEX_POINT('',#2249);
#2249 = CARTESIAN_POINT('',(7.121778264911,-27.20577136594,6.));
#2250 = LINE('',#2251,#2252);
#2251 = CARTESIAN_POINT('',(7.121778264911,-13.60288568297,6.));
#2252 = VECTOR('',#2253,1.);
#2253 = DIRECTION('',(-1.268826313857E-16,1.,0.));
#2254 = ORIENTED_EDGE('',*,*,#2255,.T.);
#2255 = EDGE_CURVE('',#2248,#2256,#2258,.T.);
#2256 = VERTEX_POINT('',#2257);
#2257 = CARTESIAN_POINT('',(13.183956091402,-23.70577136594,6.));
#2258 = LINE('',#2259,#2260);
#2259 = CARTESIAN_POINT('',(13.372422611929,-23.59696016958,6.));
#2260 = VECTOR('',#2261,1.);
#2261 = DIRECTION('',(0.866025403784,0.5,0.));
#2262 = ORIENTED_EDGE('',*,*,#2263,.T.);
#2263 = EDGE_CURVE('',#2256,#2264,#2266,.T.);
#2264 = VERTEX_POINT('',#2265);
#2265 = CARTESIAN_POINT('',(19.246133917893,-27.20577136594,6.));
#2266 = LINE('',#2267,#2268);
#2267 = CARTESIAN_POINT('',(6.138611415569,-19.63813972081,6.));
#2268 = VECTOR('',#2269,1.);
#2269 = DIRECTION('',(0.866025403784,-0.5,0.));
#2270 = ORIENTED_EDGE('',*,*,#2271,.T.);
#2271 = EDGE_CURVE('',#2264,#2272,#2274,.T.);
#2272 = VERTEX_POINT('',#2273);
#2273 = CARTESIAN_POINT('',(19.246133917893,-34.20577136594,6.));
#2274 = LINE('',#2275,#2276);
#2275 = CARTESIAN_POINT('',(19.246133917893,-17.10288568297,6.));
#2276 = VECTOR('',#2277,1.);
#2277 = DIRECTION('',(0.,-1.,0.));
#2278 = ORIENTED_EDGE('',*,*,#2279,.T.);
#2279 = EDGE_CURVE('',#2272,#2280,#2282,.T.);
#2280 = VERTEX_POINT('',#2281);
#2281 = CARTESIAN_POINT('',(13.183956091402,-37.70577136594,6.));
#2282 = LINE('',#2283,#2284);
#2283 = CARTESIAN_POINT('',(16.403511525174,-35.84696016958,6.));
#2284 = VECTOR('',#2285,1.);
#2285 = DIRECTION('',(-0.866025403784,-0.5,0.));
#2286 = ORIENTED_EDGE('',*,*,#2287,.T.);
#2287 = EDGE_CURVE('',#2280,#2246,#2288,.T.);
#2288 = LINE('',#2289,#2290);
#2289 = CARTESIAN_POINT('',(-2.954655324167,-28.38813972081,6.));
#2290 = VECTOR('',#2291,1.);
#2291 = DIRECTION('',(-0.866025403784,0.5,0.));
#2292 = FACE_BOUND('',#2293,.T.);
#2293 = EDGE_LOOP('',(#2294));
#2294 = ORIENTED_EDGE('',*,*,#2295,.F.);
#2295 = EDGE_CURVE('',#2296,#2296,#2298,.T.);
#2296 = VERTEX_POINT('',#2297);
#2297 = CARTESIAN_POINT('',(24.32741699797,-22.62741699797,6.));
#2298 = CIRCLE('',#2299,1.7);
#2299 = AXIS2_PLACEMENT_3D('',#2300,#2301,#2302);
#2300 = CARTESIAN_POINT('',(22.62741699797,-22.62741699797,6.));
#2301 = DIRECTION('',(0.,0.,1.));
#2302 = DIRECTION('',(1.,0.,0.));
#2303 = FACE_BOUND('',#2304,.T.);
#2304 = EDGE_LOOP('',(#2305,#2315,#2323,#2331,#2339,#2347));
#2305 = ORIENTED_EDGE('',*,*,#2306,.T.);
#2306 = EDGE_CURVE('',#2307,#2309,#2311,.T.);
#2307 = VERTEX_POINT('',#2308);
#2308 = CARTESIAN_POINT('',(37.370489570875,-34.20577136594,6.));
#2309 = VERTEX_POINT('',#2310);
#2310 = CARTESIAN_POINT('',(37.370489570875,-27.20577136594,6.));
#2311 = LINE('',#2312,#2313);
#2312 = CARTESIAN_POINT('',(37.370489570875,-13.60288568297,6.));
#2313 = VECTOR('',#2314,1.);
#2314 = DIRECTION('',(0.,1.,0.));
#2315 = ORIENTED_EDGE('',*,*,#2316,.T.);
#2316 = EDGE_CURVE('',#2309,#2317,#2319,.T.);
#2317 = VERTEX_POINT('',#2318);
#2318 = CARTESIAN_POINT('',(43.432667397366,-23.70577136594,6.));
#2319 = LINE('',#2320,#2321);
#2320 = CARTESIAN_POINT('',(32.277867178156,-30.14599827525,6.));
#2321 = VECTOR('',#2322,1.);
#2322 = DIRECTION('',(0.866025403784,0.5,0.));
#2323 = ORIENTED_EDGE('',*,*,#2324,.T.);
#2324 = EDGE_CURVE('',#2317,#2325,#2327,.T.);
#2325 = VERTEX_POINT('',#2326);
#2326 = CARTESIAN_POINT('',(49.494845223857,-27.20577136594,6.));
#2327 = LINE('',#2328,#2329);
#2328 = CARTESIAN_POINT('',(25.044055981797,-13.08910161513,6.));
#2329 = VECTOR('',#2330,1.);
#2330 = DIRECTION('',(0.866025403784,-0.5,0.));
#2331 = ORIENTED_EDGE('',*,*,#2332,.T.);
#2332 = EDGE_CURVE('',#2325,#2333,#2335,.T.);
#2333 = VERTEX_POINT('',#2334);
#2334 = CARTESIAN_POINT('',(49.494845223857,-34.20577136594,6.));
#2335 = LINE('',#2336,#2337);
#2336 = CARTESIAN_POINT('',(49.494845223857,-17.10288568297,6.));
#2337 = VECTOR('',#2338,1.);
#2338 = DIRECTION('',(-1.015061051086E-15,-1.,0.));
#2339 = ORIENTED_EDGE('',*,*,#2340,.T.);
#2340 = EDGE_CURVE('',#2333,#2341,#2343,.T.);
#2341 = VERTEX_POINT('',#2342);
#2342 = CARTESIAN_POINT('',(43.432667397366,-37.70577136594,6.));
#2343 = LINE('',#2344,#2345);
#2344 = CARTESIAN_POINT('',(35.308956091402,-42.39599827525,6.));
#2345 = VECTOR('',#2346,1.);
#2346 = DIRECTION('',(-0.866025403784,-0.5,0.));
#2347 = ORIENTED_EDGE('',*,*,#2348,.T.);
#2348 = EDGE_CURVE('',#2341,#2307,#2349,.T.);
#2349 = LINE('',#2350,#2351);
#2350 = CARTESIAN_POINT('',(15.95078924206,-21.83910161513,6.));
#2351 = VECTOR('',#2352,1.);
#2352 = DIRECTION('',(-0.866025403784,0.5,0.));
#2353 = FACE_BOUND('',#2354,.T.);
#2354 = EDGE_LOOP('',(#2355,#2365,#2373,#2381,#2389,#2397));
#2355 = ORIENTED_EDGE('',*,*,#2356,.T.);
#2356 = EDGE_CURVE('',#2357,#2359,#2361,.T.);
#2357 = VERTEX_POINT('',#2358);
#2358 = CARTESIAN_POINT('',(29.808311744384,-21.10769515458,6.));
#2359 = VERTEX_POINT('',#2360);
#2360 = CARTESIAN_POINT('',(29.808311744384,-14.10769515458,6.));
#2361 = LINE('',#2362,#2363);
#2362 = CARTESIAN_POINT('',(29.808311744384,-7.053847577293,6.));
#2363 = VECTOR('',#2364,1.);
#2364 = DIRECTION('',(-5.075305255429E-16,1.,0.));
#2365 = ORIENTED_EDGE('',*,*,#2366,.T.);
#2366 = EDGE_CURVE('',#2359,#2367,#2369,.T.);
#2367 = VERTEX_POINT('',#2368);
#2368 = CARTESIAN_POINT('',(35.870489570875,-10.60769515458,6.));
#2369 = LINE('',#2370,#2371);
#2370 = CARTESIAN_POINT('',(24.715689351665,-17.0479220639,6.));
#2371 = VECTOR('',#2372,1.);
#2372 = DIRECTION('',(0.866025403784,0.5,0.));
#2373 = ORIENTED_EDGE('',*,*,#2374,.T.);
#2374 = EDGE_CURVE('',#2367,#2375,#2377,.T.);
#2375 = VERTEX_POINT('',#2376);
#2376 = CARTESIAN_POINT('',(41.932667397366,-14.10769515458,6.));
#2377 = LINE('',#2378,#2379);
#2378 = CARTESIAN_POINT('',(23.153511525174,-3.265544456623,6.));
#2379 = VECTOR('',#2380,1.);
#2380 = DIRECTION('',(0.866025403784,-0.5,0.));
#2381 = ORIENTED_EDGE('',*,*,#2382,.T.);
#2382 = EDGE_CURVE('',#2375,#2383,#2385,.T.);
#2383 = VERTEX_POINT('',#2384);
#2384 = CARTESIAN_POINT('',(41.932667397366,-21.10769515458,6.));
#2385 = LINE('',#2386,#2387);
#2386 = CARTESIAN_POINT('',(41.932667397366,-10.55384757729,6.));
#2387 = VECTOR('',#2388,1.);
#2388 = DIRECTION('',(-1.015061051086E-15,-1.,0.));
#2389 = ORIENTED_EDGE('',*,*,#2390,.T.);
#2390 = EDGE_CURVE('',#2383,#2391,#2393,.T.);
#2391 = VERTEX_POINT('',#2392);
#2392 = CARTESIAN_POINT('',(35.870489570875,-24.60769515458,6.));
#2393 = LINE('',#2394,#2395);
#2394 = CARTESIAN_POINT('',(27.746778264911,-29.2979220639,6.));
#2395 = VECTOR('',#2396,1.);
#2396 = DIRECTION('',(-0.866025403784,-0.5,0.));
#2397 = ORIENTED_EDGE('',*,*,#2398,.T.);
#2398 = EDGE_CURVE('',#2391,#2357,#2399,.T.);
#2399 = LINE('',#2400,#2401);
#2400 = CARTESIAN_POINT('',(14.060244785437,-12.01554445662,6.));
#2401 = VECTOR('',#2402,1.);
#2402 = DIRECTION('',(-0.866025403784,0.5,0.));
#2403 = FACE_BOUND('',#2404,.T.);
#2404 = EDGE_LOOP('',(#2405,#2415,#2423,#2431,#2439,#2447));
#2405 = ORIENTED_EDGE('',*,*,#2406,.T.);
#2406 = EDGE_CURVE('',#2407,#2409,#2411,.T.);
#2407 = VERTEX_POINT('',#2408);
#2408 = CARTESIAN_POINT('',(22.246133917893,-8.009618943233,6.));
#2409 = VERTEX_POINT('',#2410);
#2410 = CARTESIAN_POINT('',(22.246133917893,-1.009618943233,6.));
#2411 = LINE('',#2412,#2413);
#2412 = CARTESIAN_POINT('',(22.246133917893,-0.504809471617,6.));
#2413 = VECTOR('',#2414,1.);
#2414 = DIRECTION('',(-5.075305255429E-16,1.,0.));
#2415 = ORIENTED_EDGE('',*,*,#2416,.T.);
#2416 = EDGE_CURVE('',#2409,#2417,#2419,.T.);
#2417 = VERTEX_POINT('',#2418);
#2418 = CARTESIAN_POINT('',(28.308311744384,2.490381056767,6.));
#2419 = LINE('',#2420,#2421);
#2420 = CARTESIAN_POINT('',(17.153511525174,-3.949845852551,6.));
#2421 = VECTOR('',#2422,1.);
#2422 = DIRECTION('',(0.866025403784,0.5,0.));
#2423 = ORIENTED_EDGE('',*,*,#2424,.T.);
#2424 = EDGE_CURVE('',#2417,#2425,#2427,.T.);
#2425 = VERTEX_POINT('',#2426);
#2426 = CARTESIAN_POINT('',(34.370489570875,-1.009618943233,6.));
#2427 = LINE('',#2428,#2429);
#2428 = CARTESIAN_POINT('',(21.262967068551,6.558012701892,6.));
#2429 = VECTOR('',#2430,1.);
#2430 = DIRECTION('',(0.866025403784,-0.5,0.));
#2431 = ORIENTED_EDGE('',*,*,#2432,.T.);
#2432 = EDGE_CURVE('',#2425,#2433,#2435,.T.);
#2433 = VERTEX_POINT('',#2434);
#2434 = CARTESIAN_POINT('',(34.370489570875,-8.009618943233,6.));
#2435 = LINE('',#2436,#2437);
#2436 = CARTESIAN_POINT('',(34.370489570875,-4.004809471617,6.));
#2437 = VECTOR('',#2438,1.);
#2438 = DIRECTION('',(-1.015061051086E-15,-1.,0.));
#2439 = ORIENTED_EDGE('',*,*,#2440,.T.);
#2440 = EDGE_CURVE('',#2433,#2441,#2443,.T.);
#2441 = VERTEX_POINT('',#2442);
#2442 = CARTESIAN_POINT('',(28.308311744384,-11.50961894323,6.));
#2443 = LINE('',#2444,#2445);
#2444 = CARTESIAN_POINT('',(20.18460043842,-16.19984585255,6.));
#2445 = VECTOR('',#2446,1.);
#2446 = DIRECTION('',(-0.866025403784,-0.5,0.));
#2447 = ORIENTED_EDGE('',*,*,#2448,.T.);
#2448 = EDGE_CURVE('',#2441,#2407,#2449,.T.);
#2449 = LINE('',#2450,#2451);
#2450 = CARTESIAN_POINT('',(12.169700328815,-2.191987298108,6.));
#2451 = VECTOR('',#2452,1.);
#2452 = DIRECTION('',(-0.866025403784,0.5,0.));
#2453 = FACE_BOUND('',#2454,.T.);
#2454 = EDGE_LOOP('',(#2455,#2465,#2473,#2481,#2489,#2497));
#2455 = ORIENTED_EDGE('',*,*,#2456,.T.);
#2456 = EDGE_CURVE('',#2457,#2459,#2461,.T.);
#2457 = VERTEX_POINT('',#2458);
#2458 = CARTESIAN_POINT('',(-53.37564434701,18.186533479473,6.));
#2459 = VERTEX_POINT('',#2460);
#2460 = CARTESIAN_POINT('',(-53.37564434701,25.186533479473,6.));
#2461 = LINE('',#2462,#2463);
#2462 = CARTESIAN_POINT('',(-53.37564434701,12.593266739737,6.));
#2463 = VECTOR('',#2464,1.);
#2464 = DIRECTION('',(0.,1.,0.));
#2465 = ORIENTED_EDGE('',*,*,#2466,.T.);
#2466 = EDGE_CURVE('',#2459,#2467,#2469,.T.);
#2467 = VERTEX_POINT('',#2468);
#2468 = CARTESIAN_POINT('',(-47.31346652052,28.686533479473,6.));
#2469 = LINE('',#2470,#2471);
#2470 = CARTESIAN_POINT('',(-35.78173326026,35.344382781509,6.));
#2471 = VECTOR('',#2472,1.);
#2472 = DIRECTION('',(0.866025403784,0.5,0.));
#2473 = ORIENTED_EDGE('',*,*,#2474,.T.);
#2474 = EDGE_CURVE('',#2467,#2475,#2477,.T.);
#2475 = VERTEX_POINT('',#2476);
#2476 = CARTESIAN_POINT('',(-41.25128869403,25.186533479473,6.));
#2477 = LINE('',#2478,#2479);
#2478 = CARTESIAN_POINT('',(-20.32901097715,13.107050807569,6.));
#2479 = VECTOR('',#2480,1.);
#2480 = DIRECTION('',(0.866025403784,-0.5,0.));
#2481 = ORIENTED_EDGE('',*,*,#2482,.T.);
#2482 = EDGE_CURVE('',#2475,#2483,#2485,.T.);
#2483 = VERTEX_POINT('',#2484);
#2484 = CARTESIAN_POINT('',(-41.25128869403,18.186533479473,6.));
#2485 = LINE('',#2486,#2487);
#2486 = CARTESIAN_POINT('',(-41.25128869403,9.093266739737,6.));
#2487 = VECTOR('',#2488,1.);
#2488 = DIRECTION('',(-1.015061051086E-15,-1.,0.));
#2489 = ORIENTED_EDGE('',*,*,#2490,.T.);
#2490 = EDGE_CURVE('',#2483,#2491,#2493,.T.);
#2491 = VERTEX_POINT('',#2492);
#2492 = CARTESIAN_POINT('',(-47.31346652052,14.686533479473,6.));
#2493 = LINE('',#2494,#2495);
#2494 = CARTESIAN_POINT('',(-32.75064434701,23.094382781509,6.));
#2495 = VECTOR('',#2496,1.);
#2496 = DIRECTION('',(-0.866025403784,-0.5,0.));
#2497 = ORIENTED_EDGE('',*,*,#2498,.T.);
#2498 = EDGE_CURVE('',#2491,#2457,#2499,.T.);
#2499 = LINE('',#2500,#2501);
#2500 = CARTESIAN_POINT('',(-29.42227771688,4.357050807569,6.));
#2501 = VECTOR('',#2502,1.);
#2502 = DIRECTION('',(-0.866025403784,0.5,0.));
#2503 = FACE_BOUND('',#2504,.T.);
#2504 = EDGE_LOOP('',(#2505,#2515,#2523,#2531,#2539,#2547));
#2505 = ORIENTED_EDGE('',*,*,#2506,.T.);
#2506 = EDGE_CURVE('',#2507,#2509,#2511,.T.);
#2507 = VERTEX_POINT('',#2508);
#2508 = CARTESIAN_POINT('',(-38.25128869403,18.186533479473,6.));
#2509 = VERTEX_POINT('',#2510);
#2510 = CARTESIAN_POINT('',(-38.25128869403,25.186533479473,6.));
#2511 = LINE('',#2512,#2513);
#2512 = CARTESIAN_POINT('',(-38.25128869403,12.593266739737,6.));
#2513 = VECTOR('',#2514,1.);
#2514 = DIRECTION('',(0.,1.,0.));
#2515 = ORIENTED_EDGE('',*,*,#2516,.T.);
#2516 = EDGE_CURVE('',#2509,#2517,#2519,.T.);
#2517 = VERTEX_POINT('',#2518);
#2518 = CARTESIAN_POINT('',(-32.18911086754,28.686533479473,6.));
#2519 = LINE('',#2520,#2521);
#2520 = CARTESIAN_POINT('',(-26.32901097715,32.069863728671,6.));
#2521 = VECTOR('',#2522,1.);
#2522 = DIRECTION('',(0.866025403784,0.5,0.));
#2523 = ORIENTED_EDGE('',*,*,#2524,.T.);
#2524 = EDGE_CURVE('',#2517,#2525,#2527,.T.);
#2525 = VERTEX_POINT('',#2526);
#2526 = CARTESIAN_POINT('',(-26.12693304105,25.186533479473,6.));
#2527 = LINE('',#2528,#2529);
#2528 = CARTESIAN_POINT('',(-10.87628869403,16.381569860407,6.));
#2529 = VECTOR('',#2530,1.);
#2530 = DIRECTION('',(0.866025403784,-0.5,0.));
#2531 = ORIENTED_EDGE('',*,*,#2532,.T.);
#2532 = EDGE_CURVE('',#2525,#2533,#2535,.T.);
#2533 = VERTEX_POINT('',#2534);
#2534 = CARTESIAN_POINT('',(-26.12693304105,18.186533479473,6.));
#2535 = LINE('',#2536,#2537);
#2536 = CARTESIAN_POINT('',(-26.12693304105,9.093266739737,6.));
#2537 = VECTOR('',#2538,1.);
#2538 = DIRECTION('',(0.,-1.,0.));
#2539 = ORIENTED_EDGE('',*,*,#2540,.T.);
#2540 = EDGE_CURVE('',#2533,#2541,#2543,.T.);
#2541 = VERTEX_POINT('',#2542);
#2542 = CARTESIAN_POINT('',(-32.18911086754,14.686533479473,6.));
#2543 = LINE('',#2544,#2545);
#2544 = CARTESIAN_POINT('',(-23.2979220639,19.819863728671,6.));
#2545 = VECTOR('',#2546,1.);
#2546 = DIRECTION('',(-0.866025403784,-0.5,0.));
#2547 = ORIENTED_EDGE('',*,*,#2548,.T.);
#2548 = EDGE_CURVE('',#2541,#2507,#2549,.T.);
#2549 = LINE('',#2550,#2551);
#2550 = CARTESIAN_POINT('',(-19.96955543377,7.631569860407,6.));
#2551 = VECTOR('',#2552,1.);
#2552 = DIRECTION('',(-0.866025403784,0.5,0.));
#2553 = FACE_BOUND('',#2554,.T.);
#2554 = EDGE_LOOP('',(#2555,#2565,#2573,#2581,#2589,#2597));
#2555 = ORIENTED_EDGE('',*,*,#2556,.T.);
#2556 = EDGE_CURVE('',#2557,#2559,#2561,.T.);
#2557 = VERTEX_POINT('',#2558);
#2558 = CARTESIAN_POINT('',(-30.68911086754,5.08845726812,6.));
#2559 = VERTEX_POINT('',#2560);
#2560 = CARTESIAN_POINT('',(-30.68911086754,12.08845726812,6.));
#2561 = LINE('',#2562,#2563);
#2562 = CARTESIAN_POINT('',(-30.68911086754,6.04422863406,6.));
#2563 = VECTOR('',#2564,1.);
#2564 = DIRECTION('',(-5.075305255429E-16,1.,0.));
#2565 = ORIENTED_EDGE('',*,*,#2566,.T.);
#2566 = EDGE_CURVE('',#2559,#2567,#2569,.T.);
#2567 = VERTEX_POINT('',#2568);
#2568 = CARTESIAN_POINT('',(-24.62693304105,15.58845726812,6.));
#2569 = LINE('',#2570,#2571);
#2570 = CARTESIAN_POINT('',(-18.76683315065,18.971787517318,6.));
#2571 = VECTOR('',#2572,1.);
#2572 = DIRECTION('',(0.866025403784,0.5,0.));
#2573 = ORIENTED_EDGE('',*,*,#2574,.T.);
#2574 = EDGE_CURVE('',#2567,#2575,#2577,.T.);
#2575 = VERTEX_POINT('',#2576);
#2576 = CARTESIAN_POINT('',(-18.56475521456,12.08845726812,6.));
#2577 = LINE('',#2578,#2579);
#2578 = CARTESIAN_POINT('',(-8.985744237413,6.558012701892,6.));
#2579 = VECTOR('',#2580,1.);
#2580 = DIRECTION('',(0.866025403784,-0.5,0.));
#2581 = ORIENTED_EDGE('',*,*,#2582,.T.);
#2582 = EDGE_CURVE('',#2575,#2583,#2585,.T.);
#2583 = VERTEX_POINT('',#2584);
#2584 = CARTESIAN_POINT('',(-18.56475521456,5.08845726812,6.));
#2585 = LINE('',#2586,#2587);
#2586 = CARTESIAN_POINT('',(-18.56475521456,2.54422863406,6.));
#2587 = VECTOR('',#2588,1.);
#2588 = DIRECTION('',(0.,-1.,0.));
#2589 = ORIENTED_EDGE('',*,*,#2590,.T.);
#2590 = EDGE_CURVE('',#2583,#2591,#2593,.T.);
#2591 = VERTEX_POINT('',#2592);
#2592 = CARTESIAN_POINT('',(-24.62693304105,1.58845726812,6.));
#2593 = LINE('',#2594,#2595);
#2594 = CARTESIAN_POINT('',(-15.73574423741,6.721787517318,6.));
#2595 = VECTOR('',#2596,1.);
#2596 = DIRECTION('',(-0.866025403784,-0.5,0.));
#2597 = ORIENTED_EDGE('',*,*,#2598,.T.);
#2598 = EDGE_CURVE('',#2591,#2557,#2599,.T.);
#2599 = LINE('',#2600,#2601);
#2600 = CARTESIAN_POINT('',(-18.07901097715,-2.191987298108,6.));
#2601 = VECTOR('',#2602,1.);
#2602 = DIRECTION('',(-0.866025403784,0.5,0.));
#2603 = FACE_BOUND('',#2604,.T.);
#2604 = EDGE_LOOP('',(#2605));
#2605 = ORIENTED_EDGE('',*,*,#2606,.F.);
#2606 = EDGE_CURVE('',#2607,#2607,#2609,.T.);
#2607 = VERTEX_POINT('',#2608);
#2608 = CARTESIAN_POINT('',(-20.92741699797,22.62741699797,6.));
#2609 = CIRCLE('',#2610,1.7);
#2610 = AXIS2_PLACEMENT_3D('',#2611,#2612,#2613);
#2611 = CARTESIAN_POINT('',(-22.62741699797,22.62741699797,6.));
#2612 = DIRECTION('',(0.,0.,1.));
#2613 = DIRECTION('',(1.,0.,0.));
#2614 = FACE_BOUND('',#2615,.T.);
#2615 = EDGE_LOOP('',(#2616,#2626,#2634,#2642,#2650,#2658));
#2616 = ORIENTED_EDGE('',*,*,#2617,.T.);
#2617 = EDGE_CURVE('',#2618,#2620,#2622,.T.);
#2618 = VERTEX_POINT('',#2619);
#2619 = CARTESIAN_POINT('',(-15.56475521456,31.284609690827,6.));
#2620 = VERTEX_POINT('',#2621);
#2621 = CARTESIAN_POINT('',(-15.56475521456,38.284609690827,6.));
#2622 = LINE('',#2623,#2624);
#2623 = CARTESIAN_POINT('',(-15.56475521456,19.142304845413,6.));
#2624 = VECTOR('',#2625,1.);
#2625 = DIRECTION('',(0.,1.,0.));
#2626 = ORIENTED_EDGE('',*,*,#2627,.T.);
#2627 = EDGE_CURVE('',#2620,#2628,#2630,.T.);
#2628 = VERTEX_POINT('',#2629);
#2629 = CARTESIAN_POINT('',(-9.502577388071,41.784609690827,6.));
#2630 = LINE('',#2631,#2632);
#2631 = CARTESIAN_POINT('',(-14.98574423741,38.618901834348,6.));
#2632 = VECTOR('',#2633,1.);
#2633 = DIRECTION('',(0.866025403784,0.5,0.));
#2634 = ORIENTED_EDGE('',*,*,#2635,.T.);
#2635 = EDGE_CURVE('',#2628,#2636,#2638,.T.);
#2636 = VERTEX_POINT('',#2637);
#2637 = CARTESIAN_POINT('',(-3.44039956158,38.284609690827,6.));
#2638 = LINE('',#2639,#2640);
#2639 = CARTESIAN_POINT('',(6.138611415569,32.754165124599,6.));
#2640 = VECTOR('',#2641,1.);
#2641 = DIRECTION('',(0.866025403784,-0.5,0.));
#2642 = ORIENTED_EDGE('',*,*,#2643,.T.);
#2643 = EDGE_CURVE('',#2636,#2644,#2646,.T.);
#2644 = VERTEX_POINT('',#2645);
#2645 = CARTESIAN_POINT('',(-3.44039956158,31.284609690827,6.));
#2646 = LINE('',#2647,#2648);
#2647 = CARTESIAN_POINT('',(-3.44039956158,15.642304845413,6.));
#2648 = VECTOR('',#2649,1.);
#2649 = DIRECTION('',(-2.537652627715E-16,-1.,0.));
#2650 = ORIENTED_EDGE('',*,*,#2651,.T.);
#2651 = EDGE_CURVE('',#2644,#2652,#2654,.T.);
#2652 = VERTEX_POINT('',#2653);
#2653 = CARTESIAN_POINT('',(-9.502577388071,27.784609690827,6.));
#2654 = LINE('',#2655,#2656);
#2655 = CARTESIAN_POINT('',(-11.95465532416,26.368901834348,6.));
#2656 = VECTOR('',#2657,1.);
#2657 = DIRECTION('',(-0.866025403784,-0.5,0.));
#2658 = ORIENTED_EDGE('',*,*,#2659,.T.);
#2659 = EDGE_CURVE('',#2652,#2618,#2660,.T.);
#2660 = LINE('',#2661,#2662);
#2661 = CARTESIAN_POINT('',(-2.954655324167,24.004165124599,6.));
#2662 = VECTOR('',#2663,1.);
#2663 = DIRECTION('',(-0.866025403784,0.5,0.));
#2664 = FACE_BOUND('',#2665,.T.);
#2665 = EDGE_LOOP('',(#2666,#2676,#2684,#2692,#2700,#2708));
#2666 = ORIENTED_EDGE('',*,*,#2667,.T.);
#2667 = EDGE_CURVE('',#2668,#2670,#2672,.T.);
#2668 = VERTEX_POINT('',#2669);
#2669 = CARTESIAN_POINT('',(-8.002577388071,44.38268590218,6.));
#2670 = VERTEX_POINT('',#2671);
#2671 = CARTESIAN_POINT('',(-8.002577388071,51.38268590218,6.));
#2672 = LINE('',#2673,#2674);
#2673 = CARTESIAN_POINT('',(-8.002577388071,25.69134295109,6.));
#2674 = VECTOR('',#2675,1.);
#2675 = DIRECTION('',(0.,1.,0.));
#2676 = ORIENTED_EDGE('',*,*,#2677,.T.);
#2677 = EDGE_CURVE('',#2670,#2678,#2680,.T.);
#2678 = VERTEX_POINT('',#2679);
#2679 = CARTESIAN_POINT('',(-1.94039956158,54.88268590218,6.));
#2680 = LINE('',#2681,#2682);
#2681 = CARTESIAN_POINT('',(-13.09519978079,48.442458992863,6.));
#2682 = VECTOR('',#2683,1.);
#2683 = DIRECTION('',(0.866025403784,0.5,0.));
#2684 = ORIENTED_EDGE('',*,*,#2685,.T.);
#2685 = EDGE_CURVE('',#2678,#2686,#2688,.T.);
#2686 = VERTEX_POINT('',#2687);
#2687 = CARTESIAN_POINT('',(4.121778264911,51.38268590218,6.));
#2688 = LINE('',#2689,#2690);
#2689 = CARTESIAN_POINT('',(13.70078924206,45.852241335952,6.));
#2690 = VECTOR('',#2691,1.);
#2691 = DIRECTION('',(0.866025403784,-0.5,0.));
#2692 = ORIENTED_EDGE('',*,*,#2693,.T.);
#2693 = EDGE_CURVE('',#2686,#2694,#2696,.T.);
#2694 = VERTEX_POINT('',#2695);
#2695 = CARTESIAN_POINT('',(4.121778264911,44.38268590218,6.));
#2696 = LINE('',#2697,#2698);
#2697 = CARTESIAN_POINT('',(4.121778264911,22.19134295109,6.));
#2698 = VECTOR('',#2699,1.);
#2699 = DIRECTION('',(-2.537652627715E-16,-1.,0.));
#2700 = ORIENTED_EDGE('',*,*,#2701,.T.);
#2701 = EDGE_CURVE('',#2694,#2702,#2704,.T.);
#2702 = VERTEX_POINT('',#2703);
#2703 = CARTESIAN_POINT('',(-1.94039956158,40.88268590218,6.));
#2704 = LINE('',#2705,#2706);
#2705 = CARTESIAN_POINT('',(-10.06411086754,36.192458992863,6.));
#2706 = VECTOR('',#2707,1.);
#2707 = DIRECTION('',(-0.866025403784,-0.5,0.));
#2708 = ORIENTED_EDGE('',*,*,#2709,.T.);
#2709 = EDGE_CURVE('',#2702,#2668,#2710,.T.);
#2710 = LINE('',#2711,#2712);
#2711 = CARTESIAN_POINT('',(4.607522502324,37.102241335952,6.));
#2712 = VECTOR('',#2713,1.);
#2713 = DIRECTION('',(-0.866025403784,0.5,0.));
#2714 = FACE_BOUND('',#2715,.T.);
#2715 = EDGE_LOOP('',(#2716,#2726,#2734,#2742,#2750,#2758));
#2716 = ORIENTED_EDGE('',*,*,#2717,.T.);
#2717 = EDGE_CURVE('',#2718,#2720,#2722,.T.);
#2718 = VERTEX_POINT('',#2719);
#2719 = CARTESIAN_POINT('',(14.683956091402,5.08845726812,6.));
#2720 = VERTEX_POINT('',#2721);
#2721 = CARTESIAN_POINT('',(14.683956091402,12.08845726812,6.));
#2722 = LINE('',#2723,#2724);
#2723 = CARTESIAN_POINT('',(14.683956091402,6.04422863406,6.));
#2724 = VECTOR('',#2725,1.);
#2725 = DIRECTION('',(-2.537652627715E-16,1.,0.));
#2726 = ORIENTED_EDGE('',*,*,#2727,.T.);
#2727 = EDGE_CURVE('',#2720,#2728,#2730,.T.);
#2728 = VERTEX_POINT('',#2729);
#2729 = CARTESIAN_POINT('',(20.746133917893,15.58845726812,6.));
#2730 = LINE('',#2731,#2732);
#2731 = CARTESIAN_POINT('',(9.591333698683,9.148230358803,6.));
#2732 = VECTOR('',#2733,1.);
#2733 = DIRECTION('',(0.866025403784,0.5,0.));
#2734 = ORIENTED_EDGE('',*,*,#2735,.T.);
#2735 = EDGE_CURVE('',#2728,#2736,#2738,.T.);
#2736 = VERTEX_POINT('',#2737);
#2737 = CARTESIAN_POINT('',(26.808311744384,12.08845726812,6.));
#2738 = LINE('',#2739,#2740);
#2739 = CARTESIAN_POINT('',(19.372422611929,16.381569860407,6.));
#2740 = VECTOR('',#2741,1.);
#2741 = DIRECTION('',(0.866025403784,-0.5,0.));
#2742 = ORIENTED_EDGE('',*,*,#2743,.T.);
#2743 = EDGE_CURVE('',#2736,#2744,#2746,.T.);
#2744 = VERTEX_POINT('',#2745);
#2745 = CARTESIAN_POINT('',(26.808311744384,5.08845726812,6.));
#2746 = LINE('',#2747,#2748);
#2747 = CARTESIAN_POINT('',(26.808311744384,2.54422863406,6.));
#2748 = VECTOR('',#2749,1.);
#2749 = DIRECTION('',(0.,-1.,0.));
#2750 = ORIENTED_EDGE('',*,*,#2751,.T.);
#2751 = EDGE_CURVE('',#2744,#2752,#2754,.T.);
#2752 = VERTEX_POINT('',#2753);
#2753 = CARTESIAN_POINT('',(20.746133917893,1.58845726812,6.));
#2754 = LINE('',#2755,#2756);
#2755 = CARTESIAN_POINT('',(12.622422611929,-3.101769641197,6.));
#2756 = VECTOR('',#2757,1.);
#2757 = DIRECTION('',(-0.866025403784,-0.5,0.));
#2758 = ORIENTED_EDGE('',*,*,#2759,.T.);
#2759 = EDGE_CURVE('',#2752,#2718,#2760,.T.);
#2760 = LINE('',#2761,#2762);
#2761 = CARTESIAN_POINT('',(10.279155872192,7.631569860407,6.));
#2762 = VECTOR('',#2763,1.);
#2763 = DIRECTION('',(-0.866025403784,0.5,0.));
#2764 = FACE_BOUND('',#2765,.T.);
#2765 = EDGE_LOOP('',(#2766,#2776,#2784,#2792,#2800,#2808));
#2766 = ORIENTED_EDGE('',*,*,#2767,.T.);
#2767 = EDGE_CURVE('',#2768,#2770,#2772,.T.);
#2768 = VERTEX_POINT('',#2769);
#2769 = CARTESIAN_POINT('',(7.121778264911,18.186533479473,6.));
#2770 = VERTEX_POINT('',#2771);
#2771 = CARTESIAN_POINT('',(7.121778264911,25.186533479473,6.));
#2772 = LINE('',#2773,#2774);
#2773 = CARTESIAN_POINT('',(7.121778264911,12.593266739737,6.));
#2774 = VECTOR('',#2775,1.);
#2775 = DIRECTION('',(-1.268826313857E-16,1.,0.));
#2776 = ORIENTED_EDGE('',*,*,#2777,.T.);
#2777 = EDGE_CURVE('',#2770,#2778,#2780,.T.);
#2778 = VERTEX_POINT('',#2779);
#2779 = CARTESIAN_POINT('',(13.183956091402,28.686533479473,6.));
#2780 = LINE('',#2781,#2782);
#2781 = CARTESIAN_POINT('',(2.029155872192,22.246306570156,6.));
#2782 = VECTOR('',#2783,1.);
#2783 = DIRECTION('',(0.866025403784,0.5,0.));
#2784 = ORIENTED_EDGE('',*,*,#2785,.T.);
#2785 = EDGE_CURVE('',#2778,#2786,#2788,.T.);
#2786 = VERTEX_POINT('',#2787);
#2787 = CARTESIAN_POINT('',(19.246133917893,25.186533479473,6.));
#2788 = LINE('',#2789,#2790);
#2789 = CARTESIAN_POINT('',(17.481878155306,26.205127018922,6.));
#2790 = VECTOR('',#2791,1.);
#2791 = DIRECTION('',(0.866025403784,-0.5,0.));
#2792 = ORIENTED_EDGE('',*,*,#2793,.T.);
#2793 = EDGE_CURVE('',#2786,#2794,#2796,.T.);
#2794 = VERTEX_POINT('',#2795);
#2795 = CARTESIAN_POINT('',(19.246133917893,18.186533479473,6.));
#2796 = LINE('',#2797,#2798);
#2797 = CARTESIAN_POINT('',(19.246133917893,9.093266739737,6.));
#2798 = VECTOR('',#2799,1.);
#2799 = DIRECTION('',(0.,-1.,0.));
#2800 = ORIENTED_EDGE('',*,*,#2801,.T.);
#2801 = EDGE_CURVE('',#2794,#2802,#2804,.T.);
#2802 = VERTEX_POINT('',#2803);
#2803 = CARTESIAN_POINT('',(13.183956091402,14.686533479473,6.));
#2804 = LINE('',#2805,#2806);
#2805 = CARTESIAN_POINT('',(5.060244785437,9.996306570156,6.));
#2806 = VECTOR('',#2807,1.);
#2807 = DIRECTION('',(-0.866025403784,-0.5,0.));
#2808 = ORIENTED_EDGE('',*,*,#2809,.T.);
#2809 = EDGE_CURVE('',#2802,#2768,#2810,.T.);
#2810 = LINE('',#2811,#2812);
#2811 = CARTESIAN_POINT('',(8.388611415569,17.455127018922,6.));
#2812 = VECTOR('',#2813,1.);
#2813 = DIRECTION('',(-0.866025403784,0.5,0.));
#2814 = FACE_BOUND('',#2815,.T.);
#2815 = EDGE_LOOP('',(#2816));
#2816 = ORIENTED_EDGE('',*,*,#2817,.F.);
#2817 = EDGE_CURVE('',#2818,#2818,#2820,.T.);
#2818 = VERTEX_POINT('',#2819);
#2819 = CARTESIAN_POINT('',(24.32741699797,22.62741699797,6.));
#2820 = CIRCLE('',#2821,1.7);
#2821 = AXIS2_PLACEMENT_3D('',#2822,#2823,#2824);
#2822 = CARTESIAN_POINT('',(22.62741699797,22.62741699797,6.));
#2823 = DIRECTION('',(0.,0.,1.));
#2824 = DIRECTION('',(1.,0.,0.));
#2825 = FACE_BOUND('',#2826,.T.);
#2826 = EDGE_LOOP('',(#2827,#2837,#2845,#2853,#2861,#2869));
#2827 = ORIENTED_EDGE('',*,*,#2828,.T.);
#2828 = EDGE_CURVE('',#2829,#2831,#2833,.T.);
#2829 = VERTEX_POINT('',#2830);
#2830 = CARTESIAN_POINT('',(29.808311744384,5.08845726812,6.));
#2831 = VERTEX_POINT('',#2832);
#2832 = CARTESIAN_POINT('',(29.808311744384,12.08845726812,6.));
#2833 = LINE('',#2834,#2835);
#2834 = CARTESIAN_POINT('',(29.808311744384,6.04422863406,6.));
#2835 = VECTOR('',#2836,1.);
#2836 = DIRECTION('',(-5.075305255429E-16,1.,0.));
#2837 = ORIENTED_EDGE('',*,*,#2838,.T.);
#2838 = EDGE_CURVE('',#2831,#2839,#2841,.T.);
#2839 = VERTEX_POINT('',#2840);
#2840 = CARTESIAN_POINT('',(35.870489570875,15.58845726812,6.));
#2841 = LINE('',#2842,#2843);
#2842 = CARTESIAN_POINT('',(19.044055981797,5.873711305964,6.));
#2843 = VECTOR('',#2844,1.);
#2844 = DIRECTION('',(0.866025403784,0.5,0.));
#2845 = ORIENTED_EDGE('',*,*,#2846,.T.);
#2846 = EDGE_CURVE('',#2839,#2847,#2849,.T.);
#2847 = VERTEX_POINT('',#2848);
#2848 = CARTESIAN_POINT('',(41.932667397366,12.08845726812,6.));
#2849 = LINE('',#2850,#2851);
#2850 = CARTESIAN_POINT('',(28.825144895042,19.656088913246,6.));
#2851 = VECTOR('',#2852,1.);
#2852 = DIRECTION('',(0.866025403784,-0.5,0.));
#2853 = ORIENTED_EDGE('',*,*,#2854,.T.);
#2854 = EDGE_CURVE('',#2847,#2855,#2857,.T.);
#2855 = VERTEX_POINT('',#2856);
#2856 = CARTESIAN_POINT('',(41.932667397366,5.08845726812,6.));
#2857 = LINE('',#2858,#2859);
#2858 = CARTESIAN_POINT('',(41.932667397366,2.54422863406,6.));
#2859 = VECTOR('',#2860,1.);
#2860 = DIRECTION('',(-1.015061051086E-15,-1.,0.));
#2861 = ORIENTED_EDGE('',*,*,#2862,.T.);
#2862 = EDGE_CURVE('',#2855,#2863,#2865,.T.);
#2863 = VERTEX_POINT('',#2864);
#2864 = CARTESIAN_POINT('',(35.870489570875,1.58845726812,6.));
#2865 = LINE('',#2866,#2867);
#2866 = CARTESIAN_POINT('',(22.075144895042,-6.376288694036,6.));
#2867 = VECTOR('',#2868,1.);
#2868 = DIRECTION('',(-0.866025403784,-0.5,0.));
#2869 = ORIENTED_EDGE('',*,*,#2870,.T.);
#2870 = EDGE_CURVE('',#2863,#2829,#2871,.T.);
#2871 = LINE('',#2872,#2873);
#2872 = CARTESIAN_POINT('',(19.731878155306,10.906088913246,6.));
#2873 = VECTOR('',#2874,1.);
#2874 = DIRECTION('',(-0.866025403784,0.5,0.));
#2875 = FACE_BOUND('',#2876,.T.);
#2876 = EDGE_LOOP('',(#2877,#2887,#2895,#2903,#2911,#2919));
#2877 = ORIENTED_EDGE('',*,*,#2878,.T.);
#2878 = EDGE_CURVE('',#2879,#2881,#2883,.T.);
#2879 = VERTEX_POINT('',#2880);
#2880 = CARTESIAN_POINT('',(37.370489570875,18.186533479473,6.));
#2881 = VERTEX_POINT('',#2882);
#2882 = CARTESIAN_POINT('',(37.370489570875,25.186533479473,6.));
#2883 = LINE('',#2884,#2885);
#2884 = CARTESIAN_POINT('',(37.370489570875,12.593266739737,6.));
#2885 = VECTOR('',#2886,1.);
#2886 = DIRECTION('',(0.,1.,0.));
#2887 = ORIENTED_EDGE('',*,*,#2888,.T.);
#2888 = EDGE_CURVE('',#2881,#2889,#2891,.T.);
#2889 = VERTEX_POINT('',#2890);
#2890 = CARTESIAN_POINT('',(43.432667397366,28.686533479473,6.));
#2891 = LINE('',#2892,#2893);
#2892 = CARTESIAN_POINT('',(20.93460043842,15.697268464479,6.));
#2893 = VECTOR('',#2894,1.);
#2894 = DIRECTION('',(0.866025403784,0.5,0.));
#2895 = ORIENTED_EDGE('',*,*,#2896,.T.);
#2896 = EDGE_CURVE('',#2889,#2897,#2899,.T.);
#2897 = VERTEX_POINT('',#2898);
#2898 = CARTESIAN_POINT('',(49.494845223857,25.186533479473,6.));
#2899 = LINE('',#2900,#2901);
#2900 = CARTESIAN_POINT('',(36.387322721533,32.754165124599,6.));
#2901 = VECTOR('',#2902,1.);
#2902 = DIRECTION('',(0.866025403784,-0.5,0.));
#2903 = ORIENTED_EDGE('',*,*,#2904,.T.);
#2904 = EDGE_CURVE('',#2897,#2905,#2907,.T.);
#2905 = VERTEX_POINT('',#2906);
#2906 = CARTESIAN_POINT('',(49.494845223857,18.186533479473,6.));
#2907 = LINE('',#2908,#2909);
#2908 = CARTESIAN_POINT('',(49.494845223857,9.093266739737,6.));
#2909 = VECTOR('',#2910,1.);
#2910 = DIRECTION('',(-1.015061051086E-15,-1.,0.));
#2911 = ORIENTED_EDGE('',*,*,#2912,.T.);
#2912 = EDGE_CURVE('',#2905,#2913,#2915,.T.);
#2913 = VERTEX_POINT('',#2914);
#2914 = CARTESIAN_POINT('',(43.432667397366,14.686533479473,6.));
#2915 = LINE('',#2916,#2917);
#2916 = CARTESIAN_POINT('',(23.965689351665,3.447268464479,6.));
#2917 = VECTOR('',#2918,1.);
#2918 = DIRECTION('',(-0.866025403784,-0.5,0.));
#2919 = ORIENTED_EDGE('',*,*,#2920,.T.);
#2920 = EDGE_CURVE('',#2913,#2879,#2921,.T.);
#2921 = LINE('',#2922,#2923);
#2922 = CARTESIAN_POINT('',(27.294055981797,24.004165124599,6.));
#2923 = VECTOR('',#2924,1.);
#2924 = DIRECTION('',(-0.866025403784,0.5,0.));
#2925 = FACE_BOUND('',#2926,.T.);
#2926 = EDGE_LOOP('',(#2927,#2937,#2945,#2953,#2961,#2969));
#2927 = ORIENTED_EDGE('',*,*,#2928,.T.);
#2928 = EDGE_CURVE('',#2929,#2931,#2933,.T.);
#2929 = VERTEX_POINT('',#2930);
#2930 = CARTESIAN_POINT('',(-0.44039956158,31.284609690827,6.));
#2931 = VERTEX_POINT('',#2932);
#2932 = CARTESIAN_POINT('',(-0.44039956158,38.284609690827,6.));
#2933 = LINE('',#2934,#2935);
#2934 = CARTESIAN_POINT('',(-0.44039956158,19.142304845413,6.));
#2935 = VECTOR('',#2936,1.);
#2936 = DIRECTION('',(-1.268826313857E-16,1.,0.));
#2937 = ORIENTED_EDGE('',*,*,#2938,.T.);
#2938 = EDGE_CURVE('',#2931,#2939,#2941,.T.);
#2939 = VERTEX_POINT('',#2940);
#2940 = CARTESIAN_POINT('',(5.621778264911,41.784609690827,6.));
#2941 = LINE('',#2942,#2943);
#2942 = CARTESIAN_POINT('',(-5.533021954299,35.344382781509,6.));
#2943 = VECTOR('',#2944,1.);
#2944 = DIRECTION('',(0.866025403784,0.5,0.));
#2945 = ORIENTED_EDGE('',*,*,#2946,.T.);
#2946 = EDGE_CURVE('',#2939,#2947,#2949,.T.);
#2947 = VERTEX_POINT('',#2948);
#2948 = CARTESIAN_POINT('',(11.683956091402,38.284609690827,6.));
#2949 = LINE('',#2950,#2951);
#2950 = CARTESIAN_POINT('',(15.591333698683,36.028684177437,6.));
#2951 = VECTOR('',#2952,1.);
#2952 = DIRECTION('',(0.866025403784,-0.5,0.));
#2953 = ORIENTED_EDGE('',*,*,#2954,.T.);
#2954 = EDGE_CURVE('',#2947,#2955,#2957,.T.);
#2955 = VERTEX_POINT('',#2956);
#2956 = CARTESIAN_POINT('',(11.683956091402,31.284609690827,6.));
#2957 = LINE('',#2958,#2959);
#2958 = CARTESIAN_POINT('',(11.683956091402,15.642304845413,6.));
#2959 = VECTOR('',#2960,1.);
#2960 = DIRECTION('',(0.,-1.,0.));
#2961 = ORIENTED_EDGE('',*,*,#2962,.T.);
#2962 = EDGE_CURVE('',#2955,#2963,#2965,.T.);
#2963 = VERTEX_POINT('',#2964);
#2964 = CARTESIAN_POINT('',(5.621778264911,27.784609690827,6.));
#2965 = LINE('',#2966,#2967);
#2966 = CARTESIAN_POINT('',(-2.501933041054,23.094382781509,6.));
#2967 = VECTOR('',#2968,1.);
#2968 = DIRECTION('',(-0.866025403784,-0.5,0.));
#2969 = ORIENTED_EDGE('',*,*,#2970,.T.);
#2970 = EDGE_CURVE('',#2963,#2929,#2971,.T.);
#2971 = LINE('',#2972,#2973);
#2972 = CARTESIAN_POINT('',(6.498066958946,27.278684177437,6.));
#2973 = VECTOR('',#2974,1.);
#2974 = DIRECTION('',(-0.866025403784,0.5,0.));
#2975 = PLANE('',#2976);
#2976 = AXIS2_PLACEMENT_3D('',#2977,#2978,#2979);
#2977 = CARTESIAN_POINT('',(0.,4.3309271513E-15,6.));
#2978 = DIRECTION('',(0.,0.,1.));
#2979 = DIRECTION('',(1.,0.,0.));
#2980 = ADVANCED_FACE('',(#2981),#2992,.T.);
#2981 = FACE_BOUND('',#2982,.T.);
#2982 = EDGE_LOOP('',(#2983,#2989,#2990,#2991));
#2983 = ORIENTED_EDGE('',*,*,#2984,.F.);
#2984 = EDGE_CURVE('',#62,#1539,#2985,.T.);
#2985 = LINE('',#2986,#2987);
#2986 = CARTESIAN_POINT('',(48.,9.,-1.));
#2987 = VECTOR('',#2988,1.);
#2988 = DIRECTION('',(0.,0.,1.));
#2989 = ORIENTED_EDGE('',*,*,#61,.T.);
#2990 = ORIENTED_EDGE('',*,*,#31,.T.);
#2991 = ORIENTED_EDGE('',*,*,#1538,.F.);
#2992 = PLANE('',#2993);
#2993 = AXIS2_PLACEMENT_3D('',#2994,#2995,#2996);
#2994 = CARTESIAN_POINT('',(72.,9.,-1.));
#2995 = DIRECTION('',(0.,-1.,0.));
#2996 = DIRECTION('',(-1.,0.,0.));
#2997 = ADVANCED_FACE('',(#2998),#3009,.T.);
#2998 = FACE_BOUND('',#2999,.T.);
#2999 = EDGE_LOOP('',(#3000,#3001,#3002,#3003));
#3000 = ORIENTED_EDGE('',*,*,#606,.T.);
#3001 = ORIENTED_EDGE('',*,*,#2984,.T.);
#3002 = ORIENTED_EDGE('',*,*,#2076,.F.);
#3003 = ORIENTED_EDGE('',*,*,#3004,.F.);
#3004 = EDGE_CURVE('',#599,#2069,#3005,.T.);
#3005 = LINE('',#3006,#3007);
#3006 = CARTESIAN_POINT('',(48.,-9.,-1.));
#3007 = VECTOR('',#3008,1.);
#3008 = DIRECTION('',(0.,0.,1.));
#3009 = PLANE('',#3010);
#3010 = AXIS2_PLACEMENT_3D('',#3011,#3012,#3013);
#3011 = CARTESIAN_POINT('',(48.,9.,-1.));
#3012 = DIRECTION('',(1.,0.,0.));
#3013 = DIRECTION('',(0.,-1.,0.));
#3014 = ADVANCED_FACE('',(#3015),#3026,.T.);
#3015 = FACE_BOUND('',#3016,.T.);
#3016 = EDGE_LOOP('',(#3017,#3018,#3019,#3020));
#3017 = ORIENTED_EDGE('',*,*,#598,.T.);
#3018 = ORIENTED_EDGE('',*,*,#3004,.T.);
#3019 = ORIENTED_EDGE('',*,*,#2068,.F.);
#3020 = ORIENTED_EDGE('',*,*,#3021,.T.);
#3021 = EDGE_CURVE('',#2061,#591,#3022,.T.);
#3022 = LINE('',#3023,#3024);
#3023 = CARTESIAN_POINT('',(64.803847577293,-9.,-0.5));
#3024 = VECTOR('',#3025,1.);
#3025 = DIRECTION('',(0.,0.,-1.));
#3026 = PLANE('',#3027);
#3027 = AXIS2_PLACEMENT_3D('',#3028,#3029,#3030);
#3028 = CARTESIAN_POINT('',(48.,-9.,-1.));
#3029 = DIRECTION('',(0.,1.,0.));
#3030 = DIRECTION('',(1.,0.,0.));
#3031 = ADVANCED_FACE('',(#3032),#3043,.F.);
#3032 = FACE_BOUND('',#3033,.F.);
#3033 = EDGE_LOOP('',(#3034,#3035,#3041,#3042));
#3034 = ORIENTED_EDGE('',*,*,#590,.F.);
#3035 = ORIENTED_EDGE('',*,*,#3036,.T.);
#3036 = EDGE_CURVE('',#583,#2053,#3037,.T.);
#3037 = LINE('',#3038,#3039);
#3038 = CARTESIAN_POINT('',(55.191688255616,-25.64874831559,-0.5));
#3039 = VECTOR('',#3040,1.);
#3040 = DIRECTION('',(0.,0.,1.));
#3041 = ORIENTED_EDGE('',*,*,#2060,.T.);
#3042 = ORIENTED_EDGE('',*,*,#3021,.T.);
#3043 = PLANE('',#3044);
#3044 = AXIS2_PLACEMENT_3D('',#3045,#3046,#3047);
#3045 = CARTESIAN_POINT('',(35.,-60.62177826491,0.));
#3046 = DIRECTION('',(-0.866025403784,0.5,0.));
#3047 = DIRECTION('',(0.5,0.866025403784,0.));
#3048 = ADVANCED_FACE('',(#3049),#3060,.T.);
#3049 = FACE_BOUND('',#3050,.T.);
#3050 = EDGE_LOOP('',(#3051,#3057,#3058,#3059));
#3051 = ORIENTED_EDGE('',*,*,#3052,.F.);
#3052 = EDGE_CURVE('',#575,#2045,#3053,.T.);
#3053 = LINE('',#3054,#3055);
#3054 = CARTESIAN_POINT('',(52.494845223857,-27.20577136594,-1.));
#3055 = VECTOR('',#3056,1.);
#3056 = DIRECTION('',(0.,0.,1.));
#3057 = ORIENTED_EDGE('',*,*,#582,.T.);
#3058 = ORIENTED_EDGE('',*,*,#3036,.T.);
#3059 = ORIENTED_EDGE('',*,*,#2052,.F.);
#3060 = PLANE('',#3061);
#3061 = AXIS2_PLACEMENT_3D('',#3062,#3063,#3064);
#3062 = CARTESIAN_POINT('',(58.557023050348,-23.70577136594,-1.));
#3063 = DIRECTION('',(0.5,-0.866025403784,0.));
#3064 = DIRECTION('',(-0.866025403784,-0.5,0.));
#3065 = ADVANCED_FACE('',(#3066),#3077,.T.);
#3066 = FACE_BOUND('',#3067,.T.);
#3067 = EDGE_LOOP('',(#3068,#3069,#3070,#3071));
#3068 = ORIENTED_EDGE('',*,*,#574,.T.);
#3069 = ORIENTED_EDGE('',*,*,#3052,.T.);
#3070 = ORIENTED_EDGE('',*,*,#2044,.F.);
#3071 = ORIENTED_EDGE('',*,*,#3072,.T.);
#3072 = EDGE_CURVE('',#2037,#567,#3073,.T.);
#3073 = LINE('',#3074,#3075);
#3074 = CARTESIAN_POINT('',(52.494845223857,-30.31981746663,-0.5));
#3075 = VECTOR('',#3076,1.);
#3076 = DIRECTION('',(0.,0.,-1.));
#3077 = PLANE('',#3078);
#3078 = AXIS2_PLACEMENT_3D('',#3079,#3080,#3081);
#3079 = CARTESIAN_POINT('',(52.494845223857,-27.20577136594,-1.));
#3080 = DIRECTION('',(1.,0.,0.));
#3081 = DIRECTION('',(0.,-1.,0.));
#3082 = ADVANCED_FACE('',(#3083),#3094,.F.);
#3083 = FACE_BOUND('',#3084,.F.);
#3084 = EDGE_LOOP('',(#3085,#3086,#3092,#3093));
#3085 = ORIENTED_EDGE('',*,*,#566,.F.);
#3086 = ORIENTED_EDGE('',*,*,#3087,.T.);
#3087 = EDGE_CURVE('',#559,#2029,#3088,.T.);
#3088 = LINE('',#3089,#3090);
#3089 = CARTESIAN_POINT('',(47.629510429125,-38.74682452694,-0.5));
#3090 = VECTOR('',#3091,1.);
#3091 = DIRECTION('',(0.,0.,1.));
#3092 = ORIENTED_EDGE('',*,*,#2036,.T.);
#3093 = ORIENTED_EDGE('',*,*,#3072,.T.);
#3094 = PLANE('',#3095);
#3095 = AXIS2_PLACEMENT_3D('',#3096,#3097,#3098);
#3096 = CARTESIAN_POINT('',(35.,-60.62177826491,0.));
#3097 = DIRECTION('',(-0.866025403784,0.5,0.));
#3098 = DIRECTION('',(0.5,0.866025403784,0.));
#3099 = ADVANCED_FACE('',(#3100),#3111,.T.);
#3100 = FACE_BOUND('',#3101,.T.);
#3101 = EDGE_LOOP('',(#3102,#3108,#3109,#3110));
#3102 = ORIENTED_EDGE('',*,*,#3103,.F.);
#3103 = EDGE_CURVE('',#551,#2021,#3104,.T.);
#3104 = LINE('',#3105,#3106);
#3105 = CARTESIAN_POINT('',(44.932667397366,-40.30384757729,-1.));
#3106 = VECTOR('',#3107,1.);
#3107 = DIRECTION('',(0.,0.,1.));
#3108 = ORIENTED_EDGE('',*,*,#558,.T.);
#3109 = ORIENTED_EDGE('',*,*,#3087,.T.);
#3110 = ORIENTED_EDGE('',*,*,#2028,.F.);
#3111 = PLANE('',#3112);
#3112 = AXIS2_PLACEMENT_3D('',#3113,#3114,#3115);
#3113 = CARTESIAN_POINT('',(50.994845223857,-36.80384757729,-1.));
#3114 = DIRECTION('',(0.5,-0.866025403784,0.));
#3115 = DIRECTION('',(-0.866025403784,-0.5,0.));
#3116 = ADVANCED_FACE('',(#3117),#3128,.T.);
#3117 = FACE_BOUND('',#3118,.T.);
#3118 = EDGE_LOOP('',(#3119,#3120,#3121,#3122));
#3119 = ORIENTED_EDGE('',*,*,#550,.T.);
#3120 = ORIENTED_EDGE('',*,*,#3103,.T.);
#3121 = ORIENTED_EDGE('',*,*,#2020,.F.);
#3122 = ORIENTED_EDGE('',*,*,#3123,.T.);
#3123 = EDGE_CURVE('',#2013,#543,#3124,.T.);
#3124 = LINE('',#3125,#3126);
#3125 = CARTESIAN_POINT('',(44.932667397366,-43.41789367799,-0.5));
#3126 = VECTOR('',#3127,1.);
#3127 = DIRECTION('',(0.,0.,-1.));
#3128 = PLANE('',#3129);
#3129 = AXIS2_PLACEMENT_3D('',#3130,#3131,#3132);
#3130 = CARTESIAN_POINT('',(44.932667397366,-40.30384757729,-1.));
#3131 = DIRECTION('',(1.,0.,0.));
#3132 = DIRECTION('',(0.,-1.,0.));
#3133 = ADVANCED_FACE('',(#3134),#3145,.F.);
#3134 = FACE_BOUND('',#3135,.F.);
#3135 = EDGE_LOOP('',(#3136,#3137,#3143,#3144));
#3136 = ORIENTED_EDGE('',*,*,#542,.F.);
#3137 = ORIENTED_EDGE('',*,*,#3138,.T.);
#3138 = EDGE_CURVE('',#535,#2005,#3139,.T.);
#3139 = LINE('',#3140,#3141);
#3140 = CARTESIAN_POINT('',(40.196152422707,-51.62177826491,-0.5));
#3141 = VECTOR('',#3142,1.);
#3142 = DIRECTION('',(0.,0.,1.));
#3143 = ORIENTED_EDGE('',*,*,#2012,.T.);
#3144 = ORIENTED_EDGE('',*,*,#3123,.T.);
#3145 = PLANE('',#3146);
#3146 = AXIS2_PLACEMENT_3D('',#3147,#3148,#3149);
#3147 = CARTESIAN_POINT('',(35.,-60.62177826491,0.));
#3148 = DIRECTION('',(-0.866025403784,0.5,0.));
#3149 = DIRECTION('',(0.5,0.866025403784,0.));
#3150 = ADVANCED_FACE('',(#3151),#3162,.T.);
#3151 = FACE_BOUND('',#3152,.T.);
#3152 = EDGE_LOOP('',(#3153,#3159,#3160,#3161));
#3153 = ORIENTED_EDGE('',*,*,#3154,.F.);
#3154 = EDGE_CURVE('',#527,#1997,#3155,.T.);
#3155 = LINE('',#3156,#3157);
#3156 = CARTESIAN_POINT('',(31.79422863406,-37.06921938165,-1.));
#3157 = VECTOR('',#3158,1.);
#3158 = DIRECTION('',(0.,0.,1.));
#3159 = ORIENTED_EDGE('',*,*,#534,.T.);
#3160 = ORIENTED_EDGE('',*,*,#3138,.T.);
#3161 = ORIENTED_EDGE('',*,*,#2004,.F.);
#3162 = PLANE('',#3163);
#3163 = AXIS2_PLACEMENT_3D('',#3164,#3165,#3166);
#3164 = CARTESIAN_POINT('',(43.79422863406,-57.85382907248,-1.));
#3165 = DIRECTION('',(-0.866025403784,-0.5,0.));
#3166 = DIRECTION('',(-0.5,0.866025403784,0.));
#3167 = ADVANCED_FACE('',(#3168),#3179,.T.);
#3168 = FACE_BOUND('',#3169,.T.);
#3169 = EDGE_LOOP('',(#3170,#3171,#3172,#3173));
#3170 = ORIENTED_EDGE('',*,*,#526,.T.);
#3171 = ORIENTED_EDGE('',*,*,#3154,.T.);
#3172 = ORIENTED_EDGE('',*,*,#1996,.F.);
#3173 = ORIENTED_EDGE('',*,*,#3174,.F.);
#3174 = EDGE_CURVE('',#519,#1989,#3175,.T.);
#3175 = LINE('',#3176,#3177);
#3176 = CARTESIAN_POINT('',(16.20577136594,-46.06921938165,-1.));
#3177 = VECTOR('',#3178,1.);
#3178 = DIRECTION('',(0.,0.,1.));
#3179 = PLANE('',#3180);
#3180 = AXIS2_PLACEMENT_3D('',#3181,#3182,#3183);
#3181 = CARTESIAN_POINT('',(31.79422863406,-37.06921938165,-1.));
#3182 = DIRECTION('',(0.5,-0.866025403784,0.));
#3183 = DIRECTION('',(-0.866025403784,-0.5,0.));
#3184 = ADVANCED_FACE('',(#3185),#3196,.T.);
#3185 = FACE_BOUND('',#3186,.T.);
#3186 = EDGE_LOOP('',(#3187,#3188,#3189,#3190));
#3187 = ORIENTED_EDGE('',*,*,#518,.T.);
#3188 = ORIENTED_EDGE('',*,*,#3174,.T.);
#3189 = ORIENTED_EDGE('',*,*,#1988,.F.);
#3190 = ORIENTED_EDGE('',*,*,#3191,.T.);
#3191 = EDGE_CURVE('',#1981,#511,#3192,.T.);
#3192 = LINE('',#3193,#3194);
#3193 = CARTESIAN_POINT('',(24.607695154587,-60.62177826491,-0.5));
#3194 = VECTOR('',#3195,1.);
#3195 = DIRECTION('',(0.,0.,-1.));
#3196 = PLANE('',#3197);
#3197 = AXIS2_PLACEMENT_3D('',#3198,#3199,#3200);
#3198 = CARTESIAN_POINT('',(16.20577136594,-46.06921938165,-1.));
#3199 = DIRECTION('',(0.866025403784,0.5,0.));
#3200 = DIRECTION('',(0.5,-0.866025403784,0.));
#3201 = ADVANCED_FACE('',(#3202),#3213,.F.);
#3202 = FACE_BOUND('',#3203,.F.);
#3203 = EDGE_LOOP('',(#3204,#3205,#3211,#3212));
#3204 = ORIENTED_EDGE('',*,*,#510,.F.);
#3205 = ORIENTED_EDGE('',*,*,#3206,.T.);
#3206 = EDGE_CURVE('',#503,#1973,#3207,.T.);
#3207 = LINE('',#3208,#3209);
#3208 = CARTESIAN_POINT('',(3.74097914175,-60.62177826491,-0.5));
#3209 = VECTOR('',#3210,1.);
#3210 = DIRECTION('',(0.,0.,1.));
#3211 = ORIENTED_EDGE('',*,*,#1980,.T.);
#3212 = ORIENTED_EDGE('',*,*,#3191,.T.);
#3213 = PLANE('',#3214);
#3214 = AXIS2_PLACEMENT_3D('',#3215,#3216,#3217);
#3215 = CARTESIAN_POINT('',(-35.,-60.62177826491,0.));
#3216 = DIRECTION('',(2.030122102172E-16,1.,0.));
#3217 = DIRECTION('',(1.,-2.030122102172E-16,0.));
#3218 = ADVANCED_FACE('',(#3219),#3230,.T.);
#3219 = FACE_BOUND('',#3220,.T.);
#3220 = EDGE_LOOP('',(#3221,#3227,#3228,#3229));
#3221 = ORIENTED_EDGE('',*,*,#3222,.F.);
#3222 = EDGE_CURVE('',#495,#1965,#3223,.T.);
#3223 = LINE('',#3224,#3225);
#3224 = CARTESIAN_POINT('',(4.121778264911,-60.40192378864,-1.));
#3225 = VECTOR('',#3226,1.);
#3226 = DIRECTION('',(0.,0.,1.));
#3227 = ORIENTED_EDGE('',*,*,#502,.T.);
#3228 = ORIENTED_EDGE('',*,*,#3206,.T.);
#3229 = ORIENTED_EDGE('',*,*,#1972,.F.);
#3230 = PLANE('',#3231);
#3231 = AXIS2_PLACEMENT_3D('',#3232,#3233,#3234);
#3232 = CARTESIAN_POINT('',(-1.94039956158,-63.90192378864,-1.));
#3233 = DIRECTION('',(-0.5,0.866025403784,0.));
#3234 = DIRECTION('',(0.866025403784,0.5,0.));
#3235 = ADVANCED_FACE('',(#3236),#3247,.T.);
#3236 = FACE_BOUND('',#3237,.T.);
#3237 = EDGE_LOOP('',(#3238,#3239,#3240,#3241));
#3238 = ORIENTED_EDGE('',*,*,#494,.T.);
#3239 = ORIENTED_EDGE('',*,*,#3222,.T.);
#3240 = ORIENTED_EDGE('',*,*,#1964,.F.);
#3241 = ORIENTED_EDGE('',*,*,#3242,.F.);
#3242 = EDGE_CURVE('',#487,#1957,#3243,.T.);
#3243 = LINE('',#3244,#3245);
#3244 = CARTESIAN_POINT('',(4.121778264911,-53.40192378864,-1.));
#3245 = VECTOR('',#3246,1.);
#3246 = DIRECTION('',(0.,0.,1.));
#3247 = PLANE('',#3248);
#3248 = AXIS2_PLACEMENT_3D('',#3249,#3250,#3251);
#3249 = CARTESIAN_POINT('',(4.121778264911,-60.40192378864,-1.));
#3250 = DIRECTION('',(-1.,2.537652627715E-16,0.));
#3251 = DIRECTION('',(2.537652627715E-16,1.,0.));
#3252 = ADVANCED_FACE('',(#3253),#3264,.T.);
#3253 = FACE_BOUND('',#3254,.T.);
#3254 = EDGE_LOOP('',(#3255,#3256,#3257,#3258));
#3255 = ORIENTED_EDGE('',*,*,#486,.T.);
#3256 = ORIENTED_EDGE('',*,*,#3242,.T.);
#3257 = ORIENTED_EDGE('',*,*,#1956,.F.);
#3258 = ORIENTED_EDGE('',*,*,#3259,.F.);
#3259 = EDGE_CURVE('',#479,#1949,#3260,.T.);
#3260 = LINE('',#3261,#3262);
#3261 = CARTESIAN_POINT('',(-1.94039956158,-49.90192378864,-1.));
#3262 = VECTOR('',#3263,1.);
#3263 = DIRECTION('',(0.,0.,1.));
#3264 = PLANE('',#3265);
#3265 = AXIS2_PLACEMENT_3D('',#3266,#3267,#3268);
#3266 = CARTESIAN_POINT('',(4.121778264911,-53.40192378864,-1.));
#3267 = DIRECTION('',(-0.5,-0.866025403784,0.));
#3268 = DIRECTION('',(-0.866025403784,0.5,0.));
#3269 = ADVANCED_FACE('',(#3270),#3281,.T.);
#3270 = FACE_BOUND('',#3271,.T.);
#3271 = EDGE_LOOP('',(#3272,#3273,#3274,#3275));
#3272 = ORIENTED_EDGE('',*,*,#478,.T.);
#3273 = ORIENTED_EDGE('',*,*,#3259,.T.);
#3274 = ORIENTED_EDGE('',*,*,#1948,.F.);
#3275 = ORIENTED_EDGE('',*,*,#3276,.F.);
#3276 = EDGE_CURVE('',#471,#1941,#3277,.T.);
#3277 = LINE('',#3278,#3279);
#3278 = CARTESIAN_POINT('',(-8.002577388071,-53.40192378864,-1.));
#3279 = VECTOR('',#3280,1.);
#3280 = DIRECTION('',(0.,0.,1.));
#3281 = PLANE('',#3282);
#3282 = AXIS2_PLACEMENT_3D('',#3283,#3284,#3285);
#3283 = CARTESIAN_POINT('',(-1.94039956158,-49.90192378864,-1.));
#3284 = DIRECTION('',(0.5,-0.866025403784,0.));
#3285 = DIRECTION('',(-0.866025403784,-0.5,0.));
#3286 = ADVANCED_FACE('',(#3287),#3298,.T.);
#3287 = FACE_BOUND('',#3288,.T.);
#3288 = EDGE_LOOP('',(#3289,#3290,#3291,#3292));
#3289 = ORIENTED_EDGE('',*,*,#470,.T.);
#3290 = ORIENTED_EDGE('',*,*,#3276,.T.);
#3291 = ORIENTED_EDGE('',*,*,#1940,.F.);
#3292 = ORIENTED_EDGE('',*,*,#3293,.F.);
#3293 = EDGE_CURVE('',#463,#1933,#3294,.T.);
#3294 = LINE('',#3295,#3296);
#3295 = CARTESIAN_POINT('',(-8.002577388071,-60.40192378864,-1.));
#3296 = VECTOR('',#3297,1.);
#3297 = DIRECTION('',(0.,0.,1.));
#3298 = PLANE('',#3299);
#3299 = AXIS2_PLACEMENT_3D('',#3300,#3301,#3302);
#3300 = CARTESIAN_POINT('',(-8.002577388071,-53.40192378864,-1.));
#3301 = DIRECTION('',(1.,0.,0.));
#3302 = DIRECTION('',(0.,-1.,0.));
#3303 = ADVANCED_FACE('',(#3304),#3315,.T.);
#3304 = FACE_BOUND('',#3305,.T.);
#3305 = EDGE_LOOP('',(#3306,#3307,#3308,#3309));
#3306 = ORIENTED_EDGE('',*,*,#462,.T.);
#3307 = ORIENTED_EDGE('',*,*,#3293,.T.);
#3308 = ORIENTED_EDGE('',*,*,#1932,.F.);
#3309 = ORIENTED_EDGE('',*,*,#3310,.T.);
#3310 = EDGE_CURVE('',#1925,#455,#3311,.T.);
#3311 = LINE('',#3312,#3313);
#3312 = CARTESIAN_POINT('',(-7.621778264911,-60.62177826491,-0.5));
#3313 = VECTOR('',#3314,1.);
#3314 = DIRECTION('',(0.,0.,-1.));
#3315 = PLANE('',#3316);
#3316 = AXIS2_PLACEMENT_3D('',#3317,#3318,#3319);
#3317 = CARTESIAN_POINT('',(-8.002577388071,-60.40192378864,-1.));
#3318 = DIRECTION('',(0.5,0.866025403784,0.));
#3319 = DIRECTION('',(0.866025403784,-0.5,0.));
#3320 = ADVANCED_FACE('',(#3321),#3332,.F.);
#3321 = FACE_BOUND('',#3322,.F.);
#3322 = EDGE_LOOP('',(#3323,#3324,#3330,#3331));
#3323 = ORIENTED_EDGE('',*,*,#454,.F.);
#3324 = ORIENTED_EDGE('',*,*,#3325,.T.);
#3325 = EDGE_CURVE('',#447,#1917,#3326,.T.);
#3326 = LINE('',#3327,#3328);
#3327 = CARTESIAN_POINT('',(-24.60769515458,-60.62177826491,-0.5));
#3328 = VECTOR('',#3329,1.);
#3329 = DIRECTION('',(0.,0.,1.));
#3330 = ORIENTED_EDGE('',*,*,#1924,.T.);
#3331 = ORIENTED_EDGE('',*,*,#3310,.T.);
#3332 = PLANE('',#3333);
#3333 = AXIS2_PLACEMENT_3D('',#3334,#3335,#3336);
#3334 = CARTESIAN_POINT('',(-35.,-60.62177826491,0.));
#3335 = DIRECTION('',(2.030122102172E-16,1.,0.));
#3336 = DIRECTION('',(1.,-2.030122102172E-16,0.));
#3337 = ADVANCED_FACE('',(#3338),#3349,.T.);
#3338 = FACE_BOUND('',#3339,.T.);
#3339 = EDGE_LOOP('',(#3340,#3346,#3347,#3348));
#3340 = ORIENTED_EDGE('',*,*,#3341,.F.);
#3341 = EDGE_CURVE('',#439,#1909,#3342,.T.);
#3342 = LINE('',#3343,#3344);
#3343 = CARTESIAN_POINT('',(-16.20577136594,-46.06921938165,-1.));
#3344 = VECTOR('',#3345,1.);
#3345 = DIRECTION('',(0.,0.,1.));
#3346 = ORIENTED_EDGE('',*,*,#446,.T.);
#3347 = ORIENTED_EDGE('',*,*,#3325,.T.);
#3348 = ORIENTED_EDGE('',*,*,#1916,.F.);
#3349 = PLANE('',#3350);
#3350 = AXIS2_PLACEMENT_3D('',#3351,#3352,#3353);
#3351 = CARTESIAN_POINT('',(-28.20577136594,-66.85382907248,-1.));
#3352 = DIRECTION('',(-0.866025403784,0.5,0.));
#3353 = DIRECTION('',(0.5,0.866025403784,0.));
#3354 = ADVANCED_FACE('',(#3355),#3366,.T.);
#3355 = FACE_BOUND('',#3356,.T.);
#3356 = EDGE_LOOP('',(#3357,#3358,#3359,#3360));
#3357 = ORIENTED_EDGE('',*,*,#438,.T.);
#3358 = ORIENTED_EDGE('',*,*,#3341,.T.);
#3359 = ORIENTED_EDGE('',*,*,#1908,.F.);
#3360 = ORIENTED_EDGE('',*,*,#3361,.F.);
#3361 = EDGE_CURVE('',#431,#1901,#3362,.T.);
#3362 = LINE('',#3363,#3364);
#3363 = CARTESIAN_POINT('',(-31.79422863406,-37.06921938165,-1.));
#3364 = VECTOR('',#3365,1.);
#3365 = DIRECTION('',(0.,0.,1.));
#3366 = PLANE('',#3367);
#3367 = AXIS2_PLACEMENT_3D('',#3368,#3369,#3370);
#3368 = CARTESIAN_POINT('',(-16.20577136594,-46.06921938165,-1.));
#3369 = DIRECTION('',(-0.5,-0.866025403784,0.));
#3370 = DIRECTION('',(-0.866025403784,0.5,0.));
#3371 = ADVANCED_FACE('',(#3372),#3383,.T.);
#3372 = FACE_BOUND('',#3373,.T.);
#3373 = EDGE_LOOP('',(#3374,#3375,#3376,#3377));
#3374 = ORIENTED_EDGE('',*,*,#430,.T.);
#3375 = ORIENTED_EDGE('',*,*,#3361,.T.);
#3376 = ORIENTED_EDGE('',*,*,#1900,.F.);
#3377 = ORIENTED_EDGE('',*,*,#3378,.T.);
#3378 = EDGE_CURVE('',#1893,#423,#3379,.T.);
#3379 = LINE('',#3380,#3381);
#3380 = CARTESIAN_POINT('',(-40.1961524227,-51.62177826491,-0.5));
#3381 = VECTOR('',#3382,1.);
#3382 = DIRECTION('',(0.,0.,-1.));
#3383 = PLANE('',#3384);
#3384 = AXIS2_PLACEMENT_3D('',#3385,#3386,#3387);
#3385 = CARTESIAN_POINT('',(-31.79422863406,-37.06921938165,-1.));
#3386 = DIRECTION('',(0.866025403784,-0.5,0.));
#3387 = DIRECTION('',(-0.5,-0.866025403784,0.));
#3388 = ADVANCED_FACE('',(#3389),#3400,.F.);
#3389 = FACE_BOUND('',#3390,.F.);
#3390 = EDGE_LOOP('',(#3391,#3392,#3398,#3399));
#3391 = ORIENTED_EDGE('',*,*,#422,.F.);
#3392 = ORIENTED_EDGE('',*,*,#3393,.T.);
#3393 = EDGE_CURVE('',#415,#1885,#3394,.T.);
#3394 = LINE('',#3395,#3396);
#3395 = CARTESIAN_POINT('',(-48.68911086754,-36.91154273188,-0.5));
#3396 = VECTOR('',#3397,1.);
#3397 = DIRECTION('',(0.,0.,1.));
#3398 = ORIENTED_EDGE('',*,*,#1892,.T.);
#3399 = ORIENTED_EDGE('',*,*,#3378,.T.);
#3400 = PLANE('',#3401);
#3401 = AXIS2_PLACEMENT_3D('',#3402,#3403,#3404);
#3402 = CARTESIAN_POINT('',(-70.,8.572527594031E-15,0.));
#3403 = DIRECTION('',(0.866025403784,0.5,0.));
#3404 = DIRECTION('',(0.5,-0.866025403784,0.));
#3405 = ADVANCED_FACE('',(#3406),#3417,.T.);
#3406 = FACE_BOUND('',#3407,.T.);
#3407 = EDGE_LOOP('',(#3408,#3414,#3415,#3416));
#3408 = ORIENTED_EDGE('',*,*,#3409,.F.);
#3409 = EDGE_CURVE('',#407,#1877,#3410,.T.);
#3410 = LINE('',#3411,#3412);
#3411 = CARTESIAN_POINT('',(-47.31346652052,-37.70577136594,-1.));
#3412 = VECTOR('',#3413,1.);
#3413 = DIRECTION('',(0.,0.,1.));
#3414 = ORIENTED_EDGE('',*,*,#414,.T.);
#3415 = ORIENTED_EDGE('',*,*,#3393,.T.);
#3416 = ORIENTED_EDGE('',*,*,#1884,.F.);
#3417 = PLANE('',#3418);
#3418 = AXIS2_PLACEMENT_3D('',#3419,#3420,#3421);
#3419 = CARTESIAN_POINT('',(-53.37564434701,-34.20577136594,-1.));
#3420 = DIRECTION('',(0.5,0.866025403784,0.));
#3421 = DIRECTION('',(0.866025403784,-0.5,0.));
#3422 = ADVANCED_FACE('',(#3423),#3434,.T.);
#3423 = FACE_BOUND('',#3424,.T.);
#3424 = EDGE_LOOP('',(#3425,#3426,#3427,#3428));
#3425 = ORIENTED_EDGE('',*,*,#406,.T.);
#3426 = ORIENTED_EDGE('',*,*,#3409,.T.);
#3427 = ORIENTED_EDGE('',*,*,#1876,.F.);
#3428 = ORIENTED_EDGE('',*,*,#3429,.F.);
#3429 = EDGE_CURVE('',#399,#1869,#3430,.T.);
#3430 = LINE('',#3431,#3432);
#3431 = CARTESIAN_POINT('',(-41.25128869403,-34.20577136594,-1.));
#3432 = VECTOR('',#3433,1.);
#3433 = DIRECTION('',(0.,0.,1.));
#3434 = PLANE('',#3435);
#3435 = AXIS2_PLACEMENT_3D('',#3436,#3437,#3438);
#3436 = CARTESIAN_POINT('',(-47.31346652052,-37.70577136594,-1.));
#3437 = DIRECTION('',(-0.5,0.866025403784,0.));
#3438 = DIRECTION('',(0.866025403784,0.5,0.));
#3439 = ADVANCED_FACE('',(#3440),#3451,.T.);
#3440 = FACE_BOUND('',#3441,.T.);
#3441 = EDGE_LOOP('',(#3442,#3443,#3444,#3445));
#3442 = ORIENTED_EDGE('',*,*,#398,.T.);
#3443 = ORIENTED_EDGE('',*,*,#3429,.T.);
#3444 = ORIENTED_EDGE('',*,*,#1868,.F.);
#3445 = ORIENTED_EDGE('',*,*,#3446,.F.);
#3446 = EDGE_CURVE('',#391,#1861,#3447,.T.);
#3447 = LINE('',#3448,#3449);
#3448 = CARTESIAN_POINT('',(-41.25128869403,-27.20577136594,-1.));
#3449 = VECTOR('',#3450,1.);
#3450 = DIRECTION('',(0.,0.,1.));
#3451 = PLANE('',#3452);
#3452 = AXIS2_PLACEMENT_3D('',#3453,#3454,#3455);
#3453 = CARTESIAN_POINT('',(-41.25128869403,-34.20577136594,-1.));
#3454 = DIRECTION('',(-1.,1.015061051086E-15,0.));
#3455 = DIRECTION('',(1.015061051086E-15,1.,0.));
#3456 = ADVANCED_FACE('',(#3457),#3468,.T.);
#3457 = FACE_BOUND('',#3458,.T.);
#3458 = EDGE_LOOP('',(#3459,#3460,#3461,#3462));
#3459 = ORIENTED_EDGE('',*,*,#390,.T.);
#3460 = ORIENTED_EDGE('',*,*,#3446,.T.);
#3461 = ORIENTED_EDGE('',*,*,#1860,.F.);
#3462 = ORIENTED_EDGE('',*,*,#3463,.F.);
#3463 = EDGE_CURVE('',#383,#1853,#3464,.T.);
#3464 = LINE('',#3465,#3466);
#3465 = CARTESIAN_POINT('',(-47.31346652052,-23.70577136594,-1.));
#3466 = VECTOR('',#3467,1.);
#3467 = DIRECTION('',(0.,0.,1.));
#3468 = PLANE('',#3469);
#3469 = AXIS2_PLACEMENT_3D('',#3470,#3471,#3472);
#3470 = CARTESIAN_POINT('',(-41.25128869403,-27.20577136594,-1.));
#3471 = DIRECTION('',(-0.5,-0.866025403784,0.));
#3472 = DIRECTION('',(-0.866025403784,0.5,0.));
#3473 = ADVANCED_FACE('',(#3474),#3485,.T.);
#3474 = FACE_BOUND('',#3475,.T.);
#3475 = EDGE_LOOP('',(#3476,#3477,#3478,#3479));
#3476 = ORIENTED_EDGE('',*,*,#382,.T.);
#3477 = ORIENTED_EDGE('',*,*,#3463,.T.);
#3478 = ORIENTED_EDGE('',*,*,#1852,.F.);
#3479 = ORIENTED_EDGE('',*,*,#3480,.F.);
#3480 = EDGE_CURVE('',#375,#1845,#3481,.T.);
#3481 = LINE('',#3482,#3483);
#3482 = CARTESIAN_POINT('',(-53.37564434701,-27.20577136594,-1.));
#3483 = VECTOR('',#3484,1.);
#3484 = DIRECTION('',(0.,0.,1.));
#3485 = PLANE('',#3486);
#3486 = AXIS2_PLACEMENT_3D('',#3487,#3488,#3489);
#3487 = CARTESIAN_POINT('',(-47.31346652052,-23.70577136594,-1.));
#3488 = DIRECTION('',(0.5,-0.866025403784,0.));
#3489 = DIRECTION('',(-0.866025403784,-0.5,0.));
#3490 = ADVANCED_FACE('',(#3491),#3502,.T.);
#3491 = FACE_BOUND('',#3492,.T.);
#3492 = EDGE_LOOP('',(#3493,#3494,#3495,#3496));
#3493 = ORIENTED_EDGE('',*,*,#374,.T.);
#3494 = ORIENTED_EDGE('',*,*,#3480,.T.);
#3495 = ORIENTED_EDGE('',*,*,#1844,.F.);
#3496 = ORIENTED_EDGE('',*,*,#3497,.T.);
#3497 = EDGE_CURVE('',#1837,#367,#3498,.T.);
#3498 = LINE('',#3499,#3500);
#3499 = CARTESIAN_POINT('',(-53.37564434701,-28.79422863406,-0.5));
#3500 = VECTOR('',#3501,1.);
#3501 = DIRECTION('',(0.,0.,-1.));
#3502 = PLANE('',#3503);
#3503 = AXIS2_PLACEMENT_3D('',#3504,#3505,#3506);
#3504 = CARTESIAN_POINT('',(-53.37564434701,-27.20577136594,-1.));
#3505 = DIRECTION('',(1.,0.,0.));
#3506 = DIRECTION('',(0.,-1.,0.));
#3507 = ADVANCED_FACE('',(#3508),#3519,.F.);
#3508 = FACE_BOUND('',#3509,.F.);
#3509 = EDGE_LOOP('',(#3510,#3511,#3517,#3518));
#3510 = ORIENTED_EDGE('',*,*,#366,.F.);
#3511 = ORIENTED_EDGE('',*,*,#3512,.T.);
#3512 = EDGE_CURVE('',#359,#1829,#3513,.T.);
#3513 = LINE('',#3514,#3515);
#3514 = CARTESIAN_POINT('',(-64.80384757729,-9.,-0.5));
#3515 = VECTOR('',#3516,1.);
#3516 = DIRECTION('',(0.,0.,1.));
#3517 = ORIENTED_EDGE('',*,*,#1836,.T.);
#3518 = ORIENTED_EDGE('',*,*,#3497,.T.);
#3519 = PLANE('',#3520);
#3520 = AXIS2_PLACEMENT_3D('',#3521,#3522,#3523);
#3521 = CARTESIAN_POINT('',(-70.,8.572527594031E-15,0.));
#3522 = DIRECTION('',(0.866025403784,0.5,0.));
#3523 = DIRECTION('',(0.5,-0.866025403784,0.));
#3524 = ADVANCED_FACE('',(#3525),#3536,.T.);
#3525 = FACE_BOUND('',#3526,.T.);
#3526 = EDGE_LOOP('',(#3527,#3533,#3534,#3535));
#3527 = ORIENTED_EDGE('',*,*,#3528,.F.);
#3528 = EDGE_CURVE('',#351,#1821,#3529,.T.);
#3529 = LINE('',#3530,#3531);
#3530 = CARTESIAN_POINT('',(-48.,-9.,-1.));
#3531 = VECTOR('',#3532,1.);
#3532 = DIRECTION('',(0.,0.,1.));
#3533 = ORIENTED_EDGE('',*,*,#358,.T.);
#3534 = ORIENTED_EDGE('',*,*,#3512,.T.);
#3535 = ORIENTED_EDGE('',*,*,#1828,.F.);
#3536 = PLANE('',#3537);
#3537 = AXIS2_PLACEMENT_3D('',#3538,#3539,#3540);
#3538 = CARTESIAN_POINT('',(-72.,-9.,-1.));
#3539 = DIRECTION('',(1.480297366167E-16,1.,0.));
#3540 = DIRECTION('',(1.,-1.480297366167E-16,0.));
#3541 = ADVANCED_FACE('',(#3542),#3553,.T.);
#3542 = FACE_BOUND('',#3543,.T.);
#3543 = EDGE_LOOP('',(#3544,#3545,#3546,#3547));
#3544 = ORIENTED_EDGE('',*,*,#350,.T.);
#3545 = ORIENTED_EDGE('',*,*,#3528,.T.);
#3546 = ORIENTED_EDGE('',*,*,#1820,.F.);
#3547 = ORIENTED_EDGE('',*,*,#3548,.F.);
#3548 = EDGE_CURVE('',#343,#1813,#3549,.T.);
#3549 = LINE('',#3550,#3551);
#3550 = CARTESIAN_POINT('',(-48.,9.,-1.));
#3551 = VECTOR('',#3552,1.);
#3552 = DIRECTION('',(0.,0.,1.));
#3553 = PLANE('',#3554);
#3554 = AXIS2_PLACEMENT_3D('',#3555,#3556,#3557);
#3555 = CARTESIAN_POINT('',(-48.,-9.,-1.));
#3556 = DIRECTION('',(-1.,0.,0.));
#3557 = DIRECTION('',(0.,1.,0.));
#3558 = ADVANCED_FACE('',(#3559),#3570,.T.);
#3559 = FACE_BOUND('',#3560,.T.);
#3560 = EDGE_LOOP('',(#3561,#3562,#3563,#3564));
#3561 = ORIENTED_EDGE('',*,*,#342,.T.);
#3562 = ORIENTED_EDGE('',*,*,#3548,.T.);
#3563 = ORIENTED_EDGE('',*,*,#1812,.F.);
#3564 = ORIENTED_EDGE('',*,*,#3565,.T.);
#3565 = EDGE_CURVE('',#1805,#335,#3566,.T.);
#3566 = LINE('',#3567,#3568);
#3567 = CARTESIAN_POINT('',(-64.80384757729,9.,-0.5));
#3568 = VECTOR('',#3569,1.);
#3569 = DIRECTION('',(0.,0.,-1.));
#3570 = PLANE('',#3571);
#3571 = AXIS2_PLACEMENT_3D('',#3572,#3573,#3574);
#3572 = CARTESIAN_POINT('',(-48.,9.,-1.));
#3573 = DIRECTION('',(-1.480297366167E-16,-1.,0.));
#3574 = DIRECTION('',(-1.,1.480297366167E-16,0.));
#3575 = ADVANCED_FACE('',(#3576),#3587,.F.);
#3576 = FACE_BOUND('',#3577,.F.);
#3577 = EDGE_LOOP('',(#3578,#3579,#3585,#3586));
#3578 = ORIENTED_EDGE('',*,*,#334,.F.);
#3579 = ORIENTED_EDGE('',*,*,#3580,.T.);
#3580 = EDGE_CURVE('',#327,#1797,#3581,.T.);
#3581 = LINE('',#3582,#3583);
#3582 = CARTESIAN_POINT('',(-61.06217782649,15.480762113533,-0.5));
#3583 = VECTOR('',#3584,1.);
#3584 = DIRECTION('',(0.,0.,1.));
#3585 = ORIENTED_EDGE('',*,*,#1804,.T.);
#3586 = ORIENTED_EDGE('',*,*,#3565,.T.);
#3587 = PLANE('',#3588);
#3588 = AXIS2_PLACEMENT_3D('',#3589,#3590,#3591);
#3589 = CARTESIAN_POINT('',(-35.,60.621778264911,0.));
#3590 = DIRECTION('',(0.866025403784,-0.5,0.));
#3591 = DIRECTION('',(-0.5,-0.866025403784,0.));
#3592 = ADVANCED_FACE('',(#3593),#3604,.T.);
#3593 = FACE_BOUND('',#3594,.T.);
#3594 = EDGE_LOOP('',(#3595,#3601,#3602,#3603));
#3595 = ORIENTED_EDGE('',*,*,#3596,.F.);
#3596 = EDGE_CURVE('',#319,#1789,#3597,.T.);
#3597 = LINE('',#3598,#3599);
#3598 = CARTESIAN_POINT('',(-56.37564434701,18.186533479473,-1.));
#3599 = VECTOR('',#3600,1.);
#3600 = DIRECTION('',(0.,0.,1.));
#3601 = ORIENTED_EDGE('',*,*,#326,.T.);
#3602 = ORIENTED_EDGE('',*,*,#3580,.T.);
#3603 = ORIENTED_EDGE('',*,*,#1796,.F.);
#3604 = PLANE('',#3605);
#3605 = AXIS2_PLACEMENT_3D('',#3606,#3607,#3608);
#3606 = CARTESIAN_POINT('',(-62.4378221735,14.686533479473,-1.));
#3607 = DIRECTION('',(-0.5,0.866025403784,0.));
#3608 = DIRECTION('',(0.866025403784,0.5,0.));
#3609 = ADVANCED_FACE('',(#3610),#3621,.T.);
#3610 = FACE_BOUND('',#3611,.T.);
#3611 = EDGE_LOOP('',(#3612,#3613,#3614,#3615));
#3612 = ORIENTED_EDGE('',*,*,#318,.T.);
#3613 = ORIENTED_EDGE('',*,*,#3596,.T.);
#3614 = ORIENTED_EDGE('',*,*,#1788,.F.);
#3615 = ORIENTED_EDGE('',*,*,#3616,.T.);
#3616 = EDGE_CURVE('',#1781,#311,#3617,.T.);
#3617 = LINE('',#3618,#3619);
#3618 = CARTESIAN_POINT('',(-56.37564434701,23.598076211353,-0.5));
#3619 = VECTOR('',#3620,1.);
#3620 = DIRECTION('',(-0.,-0.,-1.));
#3621 = PLANE('',#3622);
#3622 = AXIS2_PLACEMENT_3D('',#3623,#3624,#3625);
#3623 = CARTESIAN_POINT('',(-56.37564434701,18.186533479473,-1.));
#3624 = DIRECTION('',(-1.,1.015061051086E-15,0.));
#3625 = DIRECTION('',(1.015061051086E-15,1.,0.));
#3626 = ADVANCED_FACE('',(#3627),#3638,.F.);
#3627 = FACE_BOUND('',#3628,.F.);
#3628 = EDGE_LOOP('',(#3629,#3630,#3636,#3637));
#3629 = ORIENTED_EDGE('',*,*,#310,.F.);
#3630 = ORIENTED_EDGE('',*,*,#3631,.T.);
#3631 = EDGE_CURVE('',#303,#1773,#3632,.T.);
#3632 = LINE('',#3633,#3634);
#3633 = CARTESIAN_POINT('',(-53.5,28.578838324886,-0.5));
#3634 = VECTOR('',#3635,1.);
#3635 = DIRECTION('',(0.,0.,1.));
#3636 = ORIENTED_EDGE('',*,*,#1780,.T.);
#3637 = ORIENTED_EDGE('',*,*,#3616,.T.);
#3638 = PLANE('',#3639);
#3639 = AXIS2_PLACEMENT_3D('',#3640,#3641,#3642);
#3640 = CARTESIAN_POINT('',(-35.,60.621778264911,0.));
#3641 = DIRECTION('',(0.866025403784,-0.5,0.));
#3642 = DIRECTION('',(-0.5,-0.866025403784,0.));
#3643 = ADVANCED_FACE('',(#3644),#3655,.T.);
#3644 = FACE_BOUND('',#3645,.T.);
#3645 = EDGE_LOOP('',(#3646,#3652,#3653,#3654));
#3646 = ORIENTED_EDGE('',*,*,#3647,.F.);
#3647 = EDGE_CURVE('',#295,#1765,#3648,.T.);
#3648 = LINE('',#3649,#3650);
#3649 = CARTESIAN_POINT('',(-48.81346652052,31.284609690827,-1.));
#3650 = VECTOR('',#3651,1.);
#3651 = DIRECTION('',(0.,0.,1.));
#3652 = ORIENTED_EDGE('',*,*,#302,.T.);
#3653 = ORIENTED_EDGE('',*,*,#3631,.T.);
#3654 = ORIENTED_EDGE('',*,*,#1772,.F.);
#3655 = PLANE('',#3656);
#3656 = AXIS2_PLACEMENT_3D('',#3657,#3658,#3659);
#3657 = CARTESIAN_POINT('',(-54.87564434701,27.784609690827,-1.));
#3658 = DIRECTION('',(-0.5,0.866025403784,0.));
#3659 = DIRECTION('',(0.866025403784,0.5,0.));
#3660 = ADVANCED_FACE('',(#3661),#3672,.T.);
#3661 = FACE_BOUND('',#3662,.T.);
#3662 = EDGE_LOOP('',(#3663,#3664,#3665,#3666));
#3663 = ORIENTED_EDGE('',*,*,#294,.T.);
#3664 = ORIENTED_EDGE('',*,*,#3647,.T.);
#3665 = ORIENTED_EDGE('',*,*,#1764,.F.);
#3666 = ORIENTED_EDGE('',*,*,#3667,.T.);
#3667 = EDGE_CURVE('',#1757,#287,#3668,.T.);
#3668 = LINE('',#3669,#3670);
#3669 = CARTESIAN_POINT('',(-48.81346652052,36.696152422707,-0.5));
#3670 = VECTOR('',#3671,1.);
#3671 = DIRECTION('',(-0.,-0.,-1.));
#3672 = PLANE('',#3673);
#3673 = AXIS2_PLACEMENT_3D('',#3674,#3675,#3676);
#3674 = CARTESIAN_POINT('',(-48.81346652052,31.284609690827,-1.));
#3675 = DIRECTION('',(-1.,1.015061051086E-15,0.));
#3676 = DIRECTION('',(1.015061051086E-15,1.,0.));
#3677 = ADVANCED_FACE('',(#3678),#3689,.F.);
#3678 = FACE_BOUND('',#3679,.F.);
#3679 = EDGE_LOOP('',(#3680,#3681,#3687,#3688));
#3680 = ORIENTED_EDGE('',*,*,#286,.F.);
#3681 = ORIENTED_EDGE('',*,*,#3682,.T.);
#3682 = EDGE_CURVE('',#279,#1749,#3683,.T.);
#3683 = LINE('',#3684,#3685);
#3684 = CARTESIAN_POINT('',(-40.1961524227,51.621778264911,-0.5));
#3685 = VECTOR('',#3686,1.);
#3686 = DIRECTION('',(0.,0.,1.));
#3687 = ORIENTED_EDGE('',*,*,#1756,.T.);
#3688 = ORIENTED_EDGE('',*,*,#3667,.T.);
#3689 = PLANE('',#3690);
#3690 = AXIS2_PLACEMENT_3D('',#3691,#3692,#3693);
#3691 = CARTESIAN_POINT('',(-35.,60.621778264911,0.));
#3692 = DIRECTION('',(0.866025403784,-0.5,0.));
#3693 = DIRECTION('',(-0.5,-0.866025403784,0.));
#3694 = ADVANCED_FACE('',(#3695),#3706,.T.);
#3695 = FACE_BOUND('',#3696,.T.);
#3696 = EDGE_LOOP('',(#3697,#3703,#3704,#3705));
#3697 = ORIENTED_EDGE('',*,*,#3698,.F.);
#3698 = EDGE_CURVE('',#271,#1741,#3699,.T.);
#3699 = LINE('',#3700,#3701);
#3700 = CARTESIAN_POINT('',(-31.79422863406,37.069219381653,-1.));
#3701 = VECTOR('',#3702,1.);
#3702 = DIRECTION('',(0.,0.,1.));
#3703 = ORIENTED_EDGE('',*,*,#278,.T.);
#3704 = ORIENTED_EDGE('',*,*,#3682,.T.);
#3705 = ORIENTED_EDGE('',*,*,#1748,.F.);
#3706 = PLANE('',#3707);
#3707 = AXIS2_PLACEMENT_3D('',#3708,#3709,#3710);
#3708 = CARTESIAN_POINT('',(-43.79422863406,57.85382907248,-1.));
#3709 = DIRECTION('',(0.866025403784,0.5,0.));
#3710 = DIRECTION('',(0.5,-0.866025403784,0.));
#3711 = ADVANCED_FACE('',(#3712),#3723,.T.);
#3712 = FACE_BOUND('',#3713,.T.);
#3713 = EDGE_LOOP('',(#3714,#3715,#3716,#3717));
#3714 = ORIENTED_EDGE('',*,*,#270,.T.);
#3715 = ORIENTED_EDGE('',*,*,#3698,.T.);
#3716 = ORIENTED_EDGE('',*,*,#1740,.F.);
#3717 = ORIENTED_EDGE('',*,*,#3718,.F.);
#3718 = EDGE_CURVE('',#263,#1733,#3719,.T.);
#3719 = LINE('',#3720,#3721);
#3720 = CARTESIAN_POINT('',(-16.20577136594,46.069219381653,-1.));
#3721 = VECTOR('',#3722,1.);
#3722 = DIRECTION('',(0.,0.,1.));
#3723 = PLANE('',#3724);
#3724 = AXIS2_PLACEMENT_3D('',#3725,#3726,#3727);
#3725 = CARTESIAN_POINT('',(-31.79422863406,37.069219381653,-1.));
#3726 = DIRECTION('',(-0.5,0.866025403784,0.));
#3727 = DIRECTION('',(0.866025403784,0.5,0.));
#3728 = ADVANCED_FACE('',(#3729),#3740,.T.);
#3729 = FACE_BOUND('',#3730,.T.);
#3730 = EDGE_LOOP('',(#3731,#3732,#3733,#3734));
#3731 = ORIENTED_EDGE('',*,*,#262,.T.);
#3732 = ORIENTED_EDGE('',*,*,#3718,.T.);
#3733 = ORIENTED_EDGE('',*,*,#1732,.F.);
#3734 = ORIENTED_EDGE('',*,*,#3735,.T.);
#3735 = EDGE_CURVE('',#1725,#255,#3736,.T.);
#3736 = LINE('',#3737,#3738);
#3737 = CARTESIAN_POINT('',(-24.60769515458,60.621778264911,-0.5));
#3738 = VECTOR('',#3739,1.);
#3739 = DIRECTION('',(0.,0.,-1.));
#3740 = PLANE('',#3741);
#3741 = AXIS2_PLACEMENT_3D('',#3742,#3743,#3744);
#3742 = CARTESIAN_POINT('',(-16.20577136594,46.069219381653,-1.));
#3743 = DIRECTION('',(-0.866025403784,-0.5,0.));
#3744 = DIRECTION('',(-0.5,0.866025403784,0.));
#3745 = ADVANCED_FACE('',(#3746),#3757,.F.);
#3746 = FACE_BOUND('',#3747,.F.);
#3747 = EDGE_LOOP('',(#3748,#3749,#3755,#3756));
#3748 = ORIENTED_EDGE('',*,*,#254,.F.);
#3749 = ORIENTED_EDGE('',*,*,#3750,.T.);
#3750 = EDGE_CURVE('',#247,#1717,#3751,.T.);
#3751 = LINE('',#3752,#3753);
#3752 = CARTESIAN_POINT('',(-15.56475521456,60.621778264911,-0.5));
#3753 = VECTOR('',#3754,1.);
#3754 = DIRECTION('',(0.,0.,1.));
#3755 = ORIENTED_EDGE('',*,*,#1724,.T.);
#3756 = ORIENTED_EDGE('',*,*,#3735,.T.);
#3757 = PLANE('',#3758);
#3758 = AXIS2_PLACEMENT_3D('',#3759,#3760,#3761);
#3759 = CARTESIAN_POINT('',(35.,60.621778264911,0.));
#3760 = DIRECTION('',(-1.015061051086E-16,-1.,0.));
#3761 = DIRECTION('',(-1.,1.015061051086E-16,0.));
#3762 = ADVANCED_FACE('',(#3763),#3774,.T.);
#3763 = FACE_BOUND('',#3764,.T.);
#3764 = EDGE_LOOP('',(#3765,#3771,#3772,#3773));
#3765 = ORIENTED_EDGE('',*,*,#3766,.F.);
#3766 = EDGE_CURVE('',#239,#1709,#3767,.T.);
#3767 = LINE('',#3768,#3769);
#3768 = CARTESIAN_POINT('',(-15.56475521456,57.480762113533,-1.));
#3769 = VECTOR('',#3770,1.);
#3770 = DIRECTION('',(0.,0.,1.));
#3771 = ORIENTED_EDGE('',*,*,#246,.T.);
#3772 = ORIENTED_EDGE('',*,*,#3750,.T.);
#3773 = ORIENTED_EDGE('',*,*,#1716,.F.);
#3774 = PLANE('',#3775);
#3775 = AXIS2_PLACEMENT_3D('',#3776,#3777,#3778);
#3776 = CARTESIAN_POINT('',(-15.56475521456,64.480762113533,-1.));
#3777 = DIRECTION('',(1.,0.,0.));
#3778 = DIRECTION('',(0.,-1.,0.));
#3779 = ADVANCED_FACE('',(#3780),#3791,.T.);
#3780 = FACE_BOUND('',#3781,.T.);
#3781 = EDGE_LOOP('',(#3782,#3783,#3784,#3785));
#3782 = ORIENTED_EDGE('',*,*,#238,.T.);
#3783 = ORIENTED_EDGE('',*,*,#3766,.T.);
#3784 = ORIENTED_EDGE('',*,*,#1708,.F.);
#3785 = ORIENTED_EDGE('',*,*,#3786,.F.);
#3786 = EDGE_CURVE('',#231,#1701,#3787,.T.);
#3787 = LINE('',#3788,#3789);
#3788 = CARTESIAN_POINT('',(-9.502577388071,53.980762113533,-1.));
#3789 = VECTOR('',#3790,1.);
#3790 = DIRECTION('',(0.,0.,1.));
#3791 = PLANE('',#3792);
#3792 = AXIS2_PLACEMENT_3D('',#3793,#3794,#3795);
#3793 = CARTESIAN_POINT('',(-15.56475521456,57.480762113533,-1.));
#3794 = DIRECTION('',(0.5,0.866025403784,0.));
#3795 = DIRECTION('',(0.866025403784,-0.5,0.));
#3796 = ADVANCED_FACE('',(#3797),#3808,.T.);
#3797 = FACE_BOUND('',#3798,.T.);
#3798 = EDGE_LOOP('',(#3799,#3800,#3801,#3802));
#3799 = ORIENTED_EDGE('',*,*,#230,.T.);
#3800 = ORIENTED_EDGE('',*,*,#3786,.T.);
#3801 = ORIENTED_EDGE('',*,*,#1700,.F.);
#3802 = ORIENTED_EDGE('',*,*,#3803,.F.);
#3803 = EDGE_CURVE('',#223,#1693,#3804,.T.);
#3804 = LINE('',#3805,#3806);
#3805 = CARTESIAN_POINT('',(-3.44039956158,57.480762113533,-1.));
#3806 = VECTOR('',#3807,1.);
#3807 = DIRECTION('',(0.,0.,1.));
#3808 = PLANE('',#3809);
#3809 = AXIS2_PLACEMENT_3D('',#3810,#3811,#3812);
#3810 = CARTESIAN_POINT('',(-9.502577388071,53.980762113533,-1.));
#3811 = DIRECTION('',(-0.5,0.866025403784,0.));
#3812 = DIRECTION('',(0.866025403784,0.5,0.));
#3813 = ADVANCED_FACE('',(#3814),#3825,.T.);
#3814 = FACE_BOUND('',#3815,.T.);
#3815 = EDGE_LOOP('',(#3816,#3817,#3818,#3819));
#3816 = ORIENTED_EDGE('',*,*,#222,.T.);
#3817 = ORIENTED_EDGE('',*,*,#3803,.T.);
#3818 = ORIENTED_EDGE('',*,*,#1692,.F.);
#3819 = ORIENTED_EDGE('',*,*,#3820,.T.);
#3820 = EDGE_CURVE('',#1685,#215,#3821,.T.);
#3821 = LINE('',#3822,#3823);
#3822 = CARTESIAN_POINT('',(-3.44039956158,60.621778264911,-0.5));
#3823 = VECTOR('',#3824,1.);
#3824 = DIRECTION('',(0.,0.,-1.));
#3825 = PLANE('',#3826);
#3826 = AXIS2_PLACEMENT_3D('',#3827,#3828,#3829);
#3827 = CARTESIAN_POINT('',(-3.44039956158,57.480762113533,-1.));
#3828 = DIRECTION('',(-1.,2.537652627715E-16,0.));
#3829 = DIRECTION('',(2.537652627715E-16,1.,0.));
#3830 = ADVANCED_FACE('',(#3831),#3842,.F.);
#3831 = FACE_BOUND('',#3832,.F.);
#3832 = EDGE_LOOP('',(#3833,#3834,#3840,#3841));
#3833 = ORIENTED_EDGE('',*,*,#214,.F.);
#3834 = ORIENTED_EDGE('',*,*,#3835,.T.);
#3835 = EDGE_CURVE('',#207,#1677,#3836,.T.);
#3836 = LINE('',#3837,#3838);
#3837 = CARTESIAN_POINT('',(-0.44039956158,60.621778264911,-0.5));
#3838 = VECTOR('',#3839,1.);
#3839 = DIRECTION('',(0.,0.,1.));
#3840 = ORIENTED_EDGE('',*,*,#1684,.T.);
#3841 = ORIENTED_EDGE('',*,*,#3820,.T.);
#3842 = PLANE('',#3843);
#3843 = AXIS2_PLACEMENT_3D('',#3844,#3845,#3846);
#3844 = CARTESIAN_POINT('',(35.,60.621778264911,0.));
#3845 = DIRECTION('',(-1.015061051086E-16,-1.,0.));
#3846 = DIRECTION('',(-1.,1.015061051086E-16,0.));
#3847 = ADVANCED_FACE('',(#3848),#3859,.T.);
#3848 = FACE_BOUND('',#3849,.T.);
#3849 = EDGE_LOOP('',(#3850,#3856,#3857,#3858));
#3850 = ORIENTED_EDGE('',*,*,#3851,.F.);
#3851 = EDGE_CURVE('',#199,#1669,#3852,.T.);
#3852 = LINE('',#3853,#3854);
#3853 = CARTESIAN_POINT('',(-0.44039956158,57.480762113533,-1.));
#3854 = VECTOR('',#3855,1.);
#3855 = DIRECTION('',(0.,0.,1.));
#3856 = ORIENTED_EDGE('',*,*,#206,.T.);
#3857 = ORIENTED_EDGE('',*,*,#3835,.T.);
#3858 = ORIENTED_EDGE('',*,*,#1676,.F.);
#3859 = PLANE('',#3860);
#3860 = AXIS2_PLACEMENT_3D('',#3861,#3862,#3863);
#3861 = CARTESIAN_POINT('',(-0.44039956158,64.480762113533,-1.));
#3862 = DIRECTION('',(1.,1.268826313857E-16,0.));
#3863 = DIRECTION('',(1.268826313857E-16,-1.,0.));
#3864 = ADVANCED_FACE('',(#3865),#3876,.T.);
#3865 = FACE_BOUND('',#3866,.T.);
#3866 = EDGE_LOOP('',(#3867,#3868,#3869,#3870));
#3867 = ORIENTED_EDGE('',*,*,#198,.T.);
#3868 = ORIENTED_EDGE('',*,*,#3851,.T.);
#3869 = ORIENTED_EDGE('',*,*,#1668,.F.);
#3870 = ORIENTED_EDGE('',*,*,#3871,.F.);
#3871 = EDGE_CURVE('',#191,#1661,#3872,.T.);
#3872 = LINE('',#3873,#3874);
#3873 = CARTESIAN_POINT('',(5.621778264911,53.980762113533,-1.));
#3874 = VECTOR('',#3875,1.);
#3875 = DIRECTION('',(0.,0.,1.));
#3876 = PLANE('',#3877);
#3877 = AXIS2_PLACEMENT_3D('',#3878,#3879,#3880);
#3878 = CARTESIAN_POINT('',(-0.44039956158,57.480762113533,-1.));
#3879 = DIRECTION('',(0.5,0.866025403784,0.));
#3880 = DIRECTION('',(0.866025403784,-0.5,0.));
#3881 = ADVANCED_FACE('',(#3882),#3893,.T.);
#3882 = FACE_BOUND('',#3883,.T.);
#3883 = EDGE_LOOP('',(#3884,#3885,#3886,#3887));
#3884 = ORIENTED_EDGE('',*,*,#190,.T.);
#3885 = ORIENTED_EDGE('',*,*,#3871,.T.);
#3886 = ORIENTED_EDGE('',*,*,#1660,.F.);
#3887 = ORIENTED_EDGE('',*,*,#3888,.F.);
#3888 = EDGE_CURVE('',#183,#1653,#3889,.T.);
#3889 = LINE('',#3890,#3891);
#3890 = CARTESIAN_POINT('',(11.683956091402,57.480762113533,-1.));
#3891 = VECTOR('',#3892,1.);
#3892 = DIRECTION('',(0.,0.,1.));
#3893 = PLANE('',#3894);
#3894 = AXIS2_PLACEMENT_3D('',#3895,#3896,#3897);
#3895 = CARTESIAN_POINT('',(5.621778264911,53.980762113533,-1.));
#3896 = DIRECTION('',(-0.5,0.866025403784,0.));
#3897 = DIRECTION('',(0.866025403784,0.5,0.));
#3898 = ADVANCED_FACE('',(#3899),#3910,.T.);
#3899 = FACE_BOUND('',#3900,.T.);
#3900 = EDGE_LOOP('',(#3901,#3902,#3903,#3904));
#3901 = ORIENTED_EDGE('',*,*,#182,.T.);
#3902 = ORIENTED_EDGE('',*,*,#3888,.T.);
#3903 = ORIENTED_EDGE('',*,*,#1652,.F.);
#3904 = ORIENTED_EDGE('',*,*,#3905,.T.);
#3905 = EDGE_CURVE('',#1645,#175,#3906,.T.);
#3906 = LINE('',#3907,#3908);
#3907 = CARTESIAN_POINT('',(11.683956091402,60.621778264911,-0.5));
#3908 = VECTOR('',#3909,1.);
#3909 = DIRECTION('',(0.,0.,-1.));
#3910 = PLANE('',#3911);
#3911 = AXIS2_PLACEMENT_3D('',#3912,#3913,#3914);
#3912 = CARTESIAN_POINT('',(11.683956091402,57.480762113533,-1.));
#3913 = DIRECTION('',(-1.,0.,0.));
#3914 = DIRECTION('',(0.,1.,0.));
#3915 = ADVANCED_FACE('',(#3916),#3927,.F.);
#3916 = FACE_BOUND('',#3917,.F.);
#3917 = EDGE_LOOP('',(#3918,#3919,#3925,#3926));
#3918 = ORIENTED_EDGE('',*,*,#174,.F.);
#3919 = ORIENTED_EDGE('',*,*,#3920,.T.);
#3920 = EDGE_CURVE('',#167,#1637,#3921,.T.);
#3921 = LINE('',#3922,#3923);
#3922 = CARTESIAN_POINT('',(24.607695154587,60.621778264911,-0.5));
#3923 = VECTOR('',#3924,1.);
#3924 = DIRECTION('',(0.,0.,1.));
#3925 = ORIENTED_EDGE('',*,*,#1644,.T.);
#3926 = ORIENTED_EDGE('',*,*,#3905,.T.);
#3927 = PLANE('',#3928);
#3928 = AXIS2_PLACEMENT_3D('',#3929,#3930,#3931);
#3929 = CARTESIAN_POINT('',(35.,60.621778264911,0.));
#3930 = DIRECTION('',(-1.015061051086E-16,-1.,0.));
#3931 = DIRECTION('',(-1.,1.015061051086E-16,0.));
#3932 = ADVANCED_FACE('',(#3933),#3944,.T.);
#3933 = FACE_BOUND('',#3934,.T.);
#3934 = EDGE_LOOP('',(#3935,#3941,#3942,#3943));
#3935 = ORIENTED_EDGE('',*,*,#3936,.F.);
#3936 = EDGE_CURVE('',#159,#1629,#3937,.T.);
#3937 = LINE('',#3938,#3939);
#3938 = CARTESIAN_POINT('',(16.20577136594,46.069219381653,-1.));
#3939 = VECTOR('',#3940,1.);
#3940 = DIRECTION('',(0.,0.,1.));
#3941 = ORIENTED_EDGE('',*,*,#166,.T.);
#3942 = ORIENTED_EDGE('',*,*,#3920,.T.);
#3943 = ORIENTED_EDGE('',*,*,#1636,.F.);
#3944 = PLANE('',#3945);
#3945 = AXIS2_PLACEMENT_3D('',#3946,#3947,#3948);
#3946 = CARTESIAN_POINT('',(28.20577136594,66.85382907248,-1.));
#3947 = DIRECTION('',(0.866025403784,-0.5,0.));
#3948 = DIRECTION('',(-0.5,-0.866025403784,0.));
#3949 = ADVANCED_FACE('',(#3950),#3961,.T.);
#3950 = FACE_BOUND('',#3951,.T.);
#3951 = EDGE_LOOP('',(#3952,#3953,#3954,#3955));
#3952 = ORIENTED_EDGE('',*,*,#158,.T.);
#3953 = ORIENTED_EDGE('',*,*,#3936,.T.);
#3954 = ORIENTED_EDGE('',*,*,#1628,.F.);
#3955 = ORIENTED_EDGE('',*,*,#3956,.F.);
#3956 = EDGE_CURVE('',#151,#1621,#3957,.T.);
#3957 = LINE('',#3958,#3959);
#3958 = CARTESIAN_POINT('',(31.79422863406,37.069219381653,-1.));
#3959 = VECTOR('',#3960,1.);
#3960 = DIRECTION('',(0.,0.,1.));
#3961 = PLANE('',#3962);
#3962 = AXIS2_PLACEMENT_3D('',#3963,#3964,#3965);
#3963 = CARTESIAN_POINT('',(16.20577136594,46.069219381653,-1.));
#3964 = DIRECTION('',(0.5,0.866025403784,0.));
#3965 = DIRECTION('',(0.866025403784,-0.5,0.));
#3966 = ADVANCED_FACE('',(#3967),#3978,.T.);
#3967 = FACE_BOUND('',#3968,.T.);
#3968 = EDGE_LOOP('',(#3969,#3970,#3971,#3972));
#3969 = ORIENTED_EDGE('',*,*,#150,.T.);
#3970 = ORIENTED_EDGE('',*,*,#3956,.T.);
#3971 = ORIENTED_EDGE('',*,*,#1620,.F.);
#3972 = ORIENTED_EDGE('',*,*,#3973,.T.);
#3973 = EDGE_CURVE('',#1613,#143,#3974,.T.);
#3974 = LINE('',#3975,#3976);
#3975 = CARTESIAN_POINT('',(40.196152422707,51.621778264911,-0.5));
#3976 = VECTOR('',#3977,1.);
#3977 = DIRECTION('',(0.,0.,-1.));
#3978 = PLANE('',#3979);
#3979 = AXIS2_PLACEMENT_3D('',#3980,#3981,#3982);
#3980 = CARTESIAN_POINT('',(31.79422863406,37.069219381653,-1.));
#3981 = DIRECTION('',(-0.866025403784,0.5,0.));
#3982 = DIRECTION('',(0.5,0.866025403784,0.));
#3983 = ADVANCED_FACE('',(#3984),#3995,.F.);
#3984 = FACE_BOUND('',#3985,.F.);
#3985 = EDGE_LOOP('',(#3986,#3987,#3993,#3994));
#3986 = ORIENTED_EDGE('',*,*,#142,.F.);
#3987 = ORIENTED_EDGE('',*,*,#3988,.T.);
#3988 = EDGE_CURVE('',#135,#1605,#3989,.T.);
#3989 = LINE('',#3990,#3991);
#3990 = CARTESIAN_POINT('',(47.155444566228,39.567930687617,-0.5));
#3991 = VECTOR('',#3992,1.);
#3992 = DIRECTION('',(0.,0.,1.));
#3993 = ORIENTED_EDGE('',*,*,#1612,.T.);
#3994 = ORIENTED_EDGE('',*,*,#3973,.T.);
#3995 = PLANE('',#3996);
#3996 = AXIS2_PLACEMENT_3D('',#3997,#3998,#3999);
#3997 = CARTESIAN_POINT('',(70.,0.,0.));
#3998 = DIRECTION('',(-0.866025403784,-0.5,0.));
#3999 = DIRECTION('',(-0.5,0.866025403784,0.));
#4000 = ADVANCED_FACE('',(#4001),#4012,.T.);
#4001 = FACE_BOUND('',#4002,.T.);
#4002 = EDGE_LOOP('',(#4003,#4009,#4010,#4011));
#4003 = ORIENTED_EDGE('',*,*,#4004,.F.);
#4004 = EDGE_CURVE('',#127,#1597,#4005,.T.);
#4005 = LINE('',#4006,#4007);
#4006 = CARTESIAN_POINT('',(44.932667397366,38.284609690827,-1.));
#4007 = VECTOR('',#4008,1.);
#4008 = DIRECTION('',(0.,0.,1.));
#4009 = ORIENTED_EDGE('',*,*,#134,.T.);
#4010 = ORIENTED_EDGE('',*,*,#3988,.T.);
#4011 = ORIENTED_EDGE('',*,*,#1604,.F.);
#4012 = PLANE('',#4013);
#4013 = AXIS2_PLACEMENT_3D('',#4014,#4015,#4016);
#4014 = CARTESIAN_POINT('',(50.994845223857,41.784609690827,-1.));
#4015 = DIRECTION('',(0.5,-0.866025403784,0.));
#4016 = DIRECTION('',(-0.866025403784,-0.5,0.));
#4017 = ADVANCED_FACE('',(#4018),#4029,.T.);
#4018 = FACE_BOUND('',#4019,.T.);
#4019 = EDGE_LOOP('',(#4020,#4021,#4022,#4023));
#4020 = ORIENTED_EDGE('',*,*,#126,.T.);
#4021 = ORIENTED_EDGE('',*,*,#4004,.T.);
#4022 = ORIENTED_EDGE('',*,*,#1596,.F.);
#4023 = ORIENTED_EDGE('',*,*,#4024,.F.);
#4024 = EDGE_CURVE('',#119,#1589,#4025,.T.);
#4025 = LINE('',#4026,#4027);
#4026 = CARTESIAN_POINT('',(44.932667397366,31.284609690827,-1.));
#4027 = VECTOR('',#4028,1.);
#4028 = DIRECTION('',(0.,0.,1.));
#4029 = PLANE('',#4030);
#4030 = AXIS2_PLACEMENT_3D('',#4031,#4032,#4033);
#4031 = CARTESIAN_POINT('',(44.932667397366,38.284609690827,-1.));
#4032 = DIRECTION('',(1.,0.,0.));
#4033 = DIRECTION('',(0.,-1.,0.));
#4034 = ADVANCED_FACE('',(#4035),#4046,.T.);
#4035 = FACE_BOUND('',#4036,.T.);
#4036 = EDGE_LOOP('',(#4037,#4038,#4039,#4040));
#4037 = ORIENTED_EDGE('',*,*,#118,.T.);
#4038 = ORIENTED_EDGE('',*,*,#4024,.T.);
#4039 = ORIENTED_EDGE('',*,*,#1588,.F.);
#4040 = ORIENTED_EDGE('',*,*,#4041,.F.);
#4041 = EDGE_CURVE('',#111,#1581,#4042,.T.);
#4042 = LINE('',#4043,#4044);
#4043 = CARTESIAN_POINT('',(50.994845223857,27.784609690827,-1.));
#4044 = VECTOR('',#4045,1.);
#4045 = DIRECTION('',(0.,0.,1.));
#4046 = PLANE('',#4047);
#4047 = AXIS2_PLACEMENT_3D('',#4048,#4049,#4050);
#4048 = CARTESIAN_POINT('',(44.932667397366,31.284609690827,-1.));
#4049 = DIRECTION('',(0.5,0.866025403784,0.));
#4050 = DIRECTION('',(0.866025403784,-0.5,0.));
#4051 = ADVANCED_FACE('',(#4052),#4063,.T.);
#4052 = FACE_BOUND('',#4053,.T.);
#4053 = EDGE_LOOP('',(#4054,#4055,#4056,#4057));
#4054 = ORIENTED_EDGE('',*,*,#110,.T.);
#4055 = ORIENTED_EDGE('',*,*,#4041,.T.);
#4056 = ORIENTED_EDGE('',*,*,#1580,.F.);
#4057 = ORIENTED_EDGE('',*,*,#4058,.T.);
#4058 = EDGE_CURVE('',#1573,#103,#4059,.T.);
#4059 = LINE('',#4060,#4061);
#4060 = CARTESIAN_POINT('',(53.217622392719,29.067930687617,-0.5));
#4061 = VECTOR('',#4062,1.);
#4062 = DIRECTION('',(0.,0.,-1.));
#4063 = PLANE('',#4064);
#4064 = AXIS2_PLACEMENT_3D('',#4065,#4066,#4067);
#4065 = CARTESIAN_POINT('',(50.994845223857,27.784609690827,-1.));
#4066 = DIRECTION('',(-0.5,0.866025403784,0.));
#4067 = DIRECTION('',(0.866025403784,0.5,0.));
#4068 = ADVANCED_FACE('',(#4069),#4080,.F.);
#4069 = FACE_BOUND('',#4070,.F.);
#4070 = EDGE_LOOP('',(#4071,#4072,#4078,#4079));
#4071 = ORIENTED_EDGE('',*,*,#102,.F.);
#4072 = ORIENTED_EDGE('',*,*,#4073,.T.);
#4073 = EDGE_CURVE('',#95,#1565,#4074,.T.);
#4074 = LINE('',#4075,#4076);
#4075 = CARTESIAN_POINT('',(54.717622392719,26.469854476264,-0.5));
#4076 = VECTOR('',#4077,1.);
#4077 = DIRECTION('',(0.,0.,1.));
#4078 = ORIENTED_EDGE('',*,*,#1572,.T.);
#4079 = ORIENTED_EDGE('',*,*,#4058,.T.);
#4080 = PLANE('',#4081);
#4081 = AXIS2_PLACEMENT_3D('',#4082,#4083,#4084);
#4082 = CARTESIAN_POINT('',(70.,0.,0.));
#4083 = DIRECTION('',(-0.866025403784,-0.5,0.));
#4084 = DIRECTION('',(-0.5,0.866025403784,0.));
#4085 = ADVANCED_FACE('',(#4086),#4097,.T.);
#4086 = FACE_BOUND('',#4087,.T.);
#4087 = EDGE_LOOP('',(#4088,#4094,#4095,#4096));
#4088 = ORIENTED_EDGE('',*,*,#4089,.F.);
#4089 = EDGE_CURVE('',#87,#1557,#4090,.T.);
#4090 = LINE('',#4091,#4092);
#4091 = CARTESIAN_POINT('',(52.494845223857,25.186533479473,-1.));
#4092 = VECTOR('',#4093,1.);
#4093 = DIRECTION('',(0.,0.,1.));
#4094 = ORIENTED_EDGE('',*,*,#94,.T.);
#4095 = ORIENTED_EDGE('',*,*,#4073,.T.);
#4096 = ORIENTED_EDGE('',*,*,#1564,.F.);
#4097 = PLANE('',#4098);
#4098 = AXIS2_PLACEMENT_3D('',#4099,#4100,#4101);
#4099 = CARTESIAN_POINT('',(58.557023050348,28.686533479473,-1.));
#4100 = DIRECTION('',(0.5,-0.866025403784,0.));
#4101 = DIRECTION('',(-0.866025403784,-0.5,0.));
#4102 = ADVANCED_FACE('',(#4103),#4114,.T.);
#4103 = FACE_BOUND('',#4104,.T.);
#4104 = EDGE_LOOP('',(#4105,#4106,#4107,#4108));
#4105 = ORIENTED_EDGE('',*,*,#86,.T.);
#4106 = ORIENTED_EDGE('',*,*,#4089,.T.);
#4107 = ORIENTED_EDGE('',*,*,#1556,.F.);
#4108 = ORIENTED_EDGE('',*,*,#4109,.F.);
#4109 = EDGE_CURVE('',#79,#1549,#4110,.T.);
#4110 = LINE('',#4111,#4112);
#4111 = CARTESIAN_POINT('',(52.494845223857,18.186533479473,-1.));
#4112 = VECTOR('',#4113,1.);
#4113 = DIRECTION('',(0.,0.,1.));
#4114 = PLANE('',#4115);
#4115 = AXIS2_PLACEMENT_3D('',#4116,#4117,#4118);
#4116 = CARTESIAN_POINT('',(52.494845223857,25.186533479473,-1.));
#4117 = DIRECTION('',(1.,0.,0.));
#4118 = DIRECTION('',(0.,-1.,0.));
#4119 = ADVANCED_FACE('',(#4120),#4126,.T.);
#4120 = FACE_BOUND('',#4121,.T.);
#4121 = EDGE_LOOP('',(#4122,#4123,#4124,#4125));
#4122 = ORIENTED_EDGE('',*,*,#78,.T.);
#4123 = ORIENTED_EDGE('',*,*,#4109,.T.);
#4124 = ORIENTED_EDGE('',*,*,#1548,.F.);
#4125 = ORIENTED_EDGE('',*,*,#1515,.F.);
#4126 = PLANE('',#4127);
#4127 = AXIS2_PLACEMENT_3D('',#4128,#4129,#4130);
#4128 = CARTESIAN_POINT('',(52.494845223857,18.186533479473,-1.));
#4129 = DIRECTION('',(0.5,0.866025403784,0.));
#4130 = DIRECTION('',(0.866025403784,-0.5,0.));
#4131 = ADVANCED_FACE('',(#4132),#4148,.T.);
#4132 = FACE_BOUND('',#4133,.T.);
#4133 = EDGE_LOOP('',(#4134,#4135,#4141,#4142));
#4134 = ORIENTED_EDGE('',*,*,#614,.T.);
#4135 = ORIENTED_EDGE('',*,*,#4136,.T.);
#4136 = EDGE_CURVE('',#617,#2087,#4137,.T.);
#4137 = LINE('',#4138,#4139);
#4138 = CARTESIAN_POINT('',(-23.12693304105,-27.20577136594,-1.));
#4139 = VECTOR('',#4140,1.);
#4140 = DIRECTION('',(0.,0.,1.));
#4141 = ORIENTED_EDGE('',*,*,#2084,.F.);
#4142 = ORIENTED_EDGE('',*,*,#4143,.F.);
#4143 = EDGE_CURVE('',#615,#2085,#4144,.T.);
#4144 = LINE('',#4145,#4146);
#4145 = CARTESIAN_POINT('',(-23.12693304105,-34.20577136594,-1.));
#4146 = VECTOR('',#4147,1.);
#4147 = DIRECTION('',(0.,0.,1.));
#4148 = PLANE('',#4149);
#4149 = AXIS2_PLACEMENT_3D('',#4150,#4151,#4152);
#4150 = CARTESIAN_POINT('',(-23.12693304105,-27.20577136594,-1.));
#4151 = DIRECTION('',(1.,5.075305255429E-16,0.));
#4152 = DIRECTION('',(5.075305255429E-16,-1.,0.));
#4153 = ADVANCED_FACE('',(#4154),#4165,.T.);
#4154 = FACE_BOUND('',#4155,.T.);
#4155 = EDGE_LOOP('',(#4156,#4157,#4158,#4159));
#4156 = ORIENTED_EDGE('',*,*,#656,.T.);
#4157 = ORIENTED_EDGE('',*,*,#4143,.T.);
#4158 = ORIENTED_EDGE('',*,*,#2126,.F.);
#4159 = ORIENTED_EDGE('',*,*,#4160,.F.);
#4160 = EDGE_CURVE('',#649,#2119,#4161,.T.);
#4161 = LINE('',#4162,#4163);
#4162 = CARTESIAN_POINT('',(-17.06475521456,-37.70577136594,-1.));
#4163 = VECTOR('',#4164,1.);
#4164 = DIRECTION('',(0.,0.,1.));
#4165 = PLANE('',#4166);
#4166 = AXIS2_PLACEMENT_3D('',#4167,#4168,#4169);
#4167 = CARTESIAN_POINT('',(-23.12693304105,-34.20577136594,-1.));
#4168 = DIRECTION('',(0.5,0.866025403784,0.));
#4169 = DIRECTION('',(0.866025403784,-0.5,0.));
#4170 = ADVANCED_FACE('',(#4171),#4182,.T.);
#4171 = FACE_BOUND('',#4172,.T.);
#4172 = EDGE_LOOP('',(#4173,#4174,#4180,#4181));
#4173 = ORIENTED_EDGE('',*,*,#624,.T.);
#4174 = ORIENTED_EDGE('',*,*,#4175,.T.);
#4175 = EDGE_CURVE('',#625,#2095,#4176,.T.);
#4176 = LINE('',#4177,#4178);
#4177 = CARTESIAN_POINT('',(-17.06475521456,-23.70577136594,-1.));
#4178 = VECTOR('',#4179,1.);
#4179 = DIRECTION('',(0.,0.,1.));
#4180 = ORIENTED_EDGE('',*,*,#2094,.F.);
#4181 = ORIENTED_EDGE('',*,*,#4136,.F.);
#4182 = PLANE('',#4183);
#4183 = AXIS2_PLACEMENT_3D('',#4184,#4185,#4186);
#4184 = CARTESIAN_POINT('',(-17.06475521456,-23.70577136594,-1.));
#4185 = DIRECTION('',(0.5,-0.866025403784,0.));
#4186 = DIRECTION('',(-0.866025403784,-0.5,0.));
#4187 = ADVANCED_FACE('',(#4188),#4199,.T.);
#4188 = FACE_BOUND('',#4189,.T.);
#4189 = EDGE_LOOP('',(#4190,#4191,#4192,#4193));
#4190 = ORIENTED_EDGE('',*,*,#648,.T.);
#4191 = ORIENTED_EDGE('',*,*,#4160,.T.);
#4192 = ORIENTED_EDGE('',*,*,#2118,.F.);
#4193 = ORIENTED_EDGE('',*,*,#4194,.F.);
#4194 = EDGE_CURVE('',#641,#2111,#4195,.T.);
#4195 = LINE('',#4196,#4197);
#4196 = CARTESIAN_POINT('',(-11.00257738807,-34.20577136594,-1.));
#4197 = VECTOR('',#4198,1.);
#4198 = DIRECTION('',(0.,0.,1.));
#4199 = PLANE('',#4200);
#4200 = AXIS2_PLACEMENT_3D('',#4201,#4202,#4203);
#4201 = CARTESIAN_POINT('',(-17.06475521456,-37.70577136594,-1.));
#4202 = DIRECTION('',(-0.5,0.866025403784,0.));
#4203 = DIRECTION('',(0.866025403784,0.5,0.));
#4204 = ADVANCED_FACE('',(#4205),#4216,.T.);
#4205 = FACE_BOUND('',#4206,.T.);
#4206 = EDGE_LOOP('',(#4207,#4208,#4214,#4215));
#4207 = ORIENTED_EDGE('',*,*,#632,.T.);
#4208 = ORIENTED_EDGE('',*,*,#4209,.T.);
#4209 = EDGE_CURVE('',#633,#2103,#4210,.T.);
#4210 = LINE('',#4211,#4212);
#4211 = CARTESIAN_POINT('',(-11.00257738807,-27.20577136594,-1.));
#4212 = VECTOR('',#4213,1.);
#4213 = DIRECTION('',(0.,0.,1.));
#4214 = ORIENTED_EDGE('',*,*,#2102,.F.);
#4215 = ORIENTED_EDGE('',*,*,#4175,.F.);
#4216 = PLANE('',#4217);
#4217 = AXIS2_PLACEMENT_3D('',#4218,#4219,#4220);
#4218 = CARTESIAN_POINT('',(-11.00257738807,-27.20577136594,-1.));
#4219 = DIRECTION('',(-0.5,-0.866025403784,0.));
#4220 = DIRECTION('',(-0.866025403784,0.5,0.));
#4221 = ADVANCED_FACE('',(#4222),#4228,.T.);
#4222 = FACE_BOUND('',#4223,.T.);
#4223 = EDGE_LOOP('',(#4224,#4225,#4226,#4227));
#4224 = ORIENTED_EDGE('',*,*,#640,.T.);
#4225 = ORIENTED_EDGE('',*,*,#4194,.T.);
#4226 = ORIENTED_EDGE('',*,*,#2110,.F.);
#4227 = ORIENTED_EDGE('',*,*,#4209,.F.);
#4228 = PLANE('',#4229);
#4229 = AXIS2_PLACEMENT_3D('',#4230,#4231,#4232);
#4230 = CARTESIAN_POINT('',(-11.00257738807,-34.20577136594,-1.));
#4231 = DIRECTION('',(-1.,0.,0.));
#4232 = DIRECTION('',(0.,1.,0.));
#4233 = ADVANCED_FACE('',(#4234),#4250,.T.);
#4234 = FACE_BOUND('',#4235,.T.);
#4235 = EDGE_LOOP('',(#4236,#4237,#4243,#4244));
#4236 = ORIENTED_EDGE('',*,*,#664,.T.);
#4237 = ORIENTED_EDGE('',*,*,#4238,.T.);
#4238 = EDGE_CURVE('',#667,#2137,#4239,.T.);
#4239 = LINE('',#4240,#4241);
#4240 = CARTESIAN_POINT('',(-8.002577388071,-27.20577136594,-1.));
#4241 = VECTOR('',#4242,1.);
#4242 = DIRECTION('',(0.,0.,1.));
#4243 = ORIENTED_EDGE('',*,*,#2134,.F.);
#4244 = ORIENTED_EDGE('',*,*,#4245,.F.);
#4245 = EDGE_CURVE('',#665,#2135,#4246,.T.);
#4246 = LINE('',#4247,#4248);
#4247 = CARTESIAN_POINT('',(-8.002577388071,-34.20577136594,-1.));
#4248 = VECTOR('',#4249,1.);
#4249 = DIRECTION('',(0.,0.,1.));
#4250 = PLANE('',#4251);
#4251 = AXIS2_PLACEMENT_3D('',#4252,#4253,#4254);
#4252 = CARTESIAN_POINT('',(-8.002577388071,-27.20577136594,-1.));
#4253 = DIRECTION('',(1.,0.,0.));
#4254 = DIRECTION('',(0.,-1.,0.));
#4255 = ADVANCED_FACE('',(#4256),#4267,.T.);
#4256 = FACE_BOUND('',#4257,.T.);
#4257 = EDGE_LOOP('',(#4258,#4259,#4260,#4261));
#4258 = ORIENTED_EDGE('',*,*,#706,.T.);
#4259 = ORIENTED_EDGE('',*,*,#4245,.T.);
#4260 = ORIENTED_EDGE('',*,*,#2176,.F.);
#4261 = ORIENTED_EDGE('',*,*,#4262,.F.);
#4262 = EDGE_CURVE('',#699,#2169,#4263,.T.);
#4263 = LINE('',#4264,#4265);
#4264 = CARTESIAN_POINT('',(-1.94039956158,-37.70577136594,-1.));
#4265 = VECTOR('',#4266,1.);
#4266 = DIRECTION('',(0.,0.,1.));
#4267 = PLANE('',#4268);
#4268 = AXIS2_PLACEMENT_3D('',#4269,#4270,#4271);
#4269 = CARTESIAN_POINT('',(-8.002577388071,-34.20577136594,-1.));
#4270 = DIRECTION('',(0.5,0.866025403784,0.));
#4271 = DIRECTION('',(0.866025403784,-0.5,0.));
#4272 = ADVANCED_FACE('',(#4273),#4284,.T.);
#4273 = FACE_BOUND('',#4274,.T.);
#4274 = EDGE_LOOP('',(#4275,#4276,#4282,#4283));
#4275 = ORIENTED_EDGE('',*,*,#674,.T.);
#4276 = ORIENTED_EDGE('',*,*,#4277,.T.);
#4277 = EDGE_CURVE('',#675,#2145,#4278,.T.);
#4278 = LINE('',#4279,#4280);
#4279 = CARTESIAN_POINT('',(-1.94039956158,-23.70577136594,-1.));
#4280 = VECTOR('',#4281,1.);
#4281 = DIRECTION('',(0.,0.,1.));
#4282 = ORIENTED_EDGE('',*,*,#2144,.F.);
#4283 = ORIENTED_EDGE('',*,*,#4238,.F.);
#4284 = PLANE('',#4285);
#4285 = AXIS2_PLACEMENT_3D('',#4286,#4287,#4288);
#4286 = CARTESIAN_POINT('',(-1.94039956158,-23.70577136594,-1.));
#4287 = DIRECTION('',(0.5,-0.866025403784,0.));
#4288 = DIRECTION('',(-0.866025403784,-0.5,0.));
#4289 = ADVANCED_FACE('',(#4290),#4301,.T.);
#4290 = FACE_BOUND('',#4291,.T.);
#4291 = EDGE_LOOP('',(#4292,#4293,#4294,#4295));
#4292 = ORIENTED_EDGE('',*,*,#698,.T.);
#4293 = ORIENTED_EDGE('',*,*,#4262,.T.);
#4294 = ORIENTED_EDGE('',*,*,#2168,.F.);
#4295 = ORIENTED_EDGE('',*,*,#4296,.F.);
#4296 = EDGE_CURVE('',#691,#2161,#4297,.T.);
#4297 = LINE('',#4298,#4299);
#4298 = CARTESIAN_POINT('',(4.121778264911,-34.20577136594,-1.));
#4299 = VECTOR('',#4300,1.);
#4300 = DIRECTION('',(0.,0.,1.));
#4301 = PLANE('',#4302);
#4302 = AXIS2_PLACEMENT_3D('',#4303,#4304,#4305);
#4303 = CARTESIAN_POINT('',(-1.94039956158,-37.70577136594,-1.));
#4304 = DIRECTION('',(-0.5,0.866025403784,0.));
#4305 = DIRECTION('',(0.866025403784,0.5,0.));
#4306 = ADVANCED_FACE('',(#4307),#4318,.T.);
#4307 = FACE_BOUND('',#4308,.T.);
#4308 = EDGE_LOOP('',(#4309,#4310,#4316,#4317));
#4309 = ORIENTED_EDGE('',*,*,#682,.T.);
#4310 = ORIENTED_EDGE('',*,*,#4311,.T.);
#4311 = EDGE_CURVE('',#683,#2153,#4312,.T.);
#4312 = LINE('',#4313,#4314);
#4313 = CARTESIAN_POINT('',(4.121778264911,-27.20577136594,-1.));
#4314 = VECTOR('',#4315,1.);
#4315 = DIRECTION('',(0.,0.,1.));
#4316 = ORIENTED_EDGE('',*,*,#2152,.F.);
#4317 = ORIENTED_EDGE('',*,*,#4277,.F.);
#4318 = PLANE('',#4319);
#4319 = AXIS2_PLACEMENT_3D('',#4320,#4321,#4322);
#4320 = CARTESIAN_POINT('',(4.121778264911,-27.20577136594,-1.));
#4321 = DIRECTION('',(-0.5,-0.866025403784,0.));
#4322 = DIRECTION('',(-0.866025403784,0.5,0.));
#4323 = ADVANCED_FACE('',(#4324),#4330,.T.);
#4324 = FACE_BOUND('',#4325,.T.);
#4325 = EDGE_LOOP('',(#4326,#4327,#4328,#4329));
#4326 = ORIENTED_EDGE('',*,*,#690,.T.);
#4327 = ORIENTED_EDGE('',*,*,#4296,.T.);
#4328 = ORIENTED_EDGE('',*,*,#2160,.F.);
#4329 = ORIENTED_EDGE('',*,*,#4311,.F.);
#4330 = PLANE('',#4331);
#4331 = AXIS2_PLACEMENT_3D('',#4332,#4333,#4334);
#4332 = CARTESIAN_POINT('',(4.121778264911,-34.20577136594,-1.));
#4333 = DIRECTION('',(-1.,2.537652627715E-16,0.));
#4334 = DIRECTION('',(2.537652627715E-16,1.,0.));
#4335 = ADVANCED_FACE('',(#4336),#4347,.F.);
#4336 = FACE_BOUND('',#4337,.F.);
#4337 = EDGE_LOOP('',(#4338,#4339,#4345,#4346));
#4338 = ORIENTED_EDGE('',*,*,#2184,.F.);
#4339 = ORIENTED_EDGE('',*,*,#4340,.F.);
#4340 = EDGE_CURVE('',#715,#2185,#4341,.T.);
#4341 = LINE('',#4342,#4343);
#4342 = CARTESIAN_POINT('',(-20.92741699797,-22.62741699797,-2.));
#4343 = VECTOR('',#4344,1.);
#4344 = DIRECTION('',(0.,0.,1.));
#4345 = ORIENTED_EDGE('',*,*,#714,.T.);
#4346 = ORIENTED_EDGE('',*,*,#4340,.T.);
#4347 = CYLINDRICAL_SURFACE('',#4348,1.7);
#4348 = AXIS2_PLACEMENT_3D('',#4349,#4350,#4351);
#4349 = CARTESIAN_POINT('',(-22.62741699797,-22.62741699797,-2.));
#4350 = DIRECTION('',(0.,0.,1.));
#4351 = DIRECTION('',(1.,0.,0.));
#4352 = ADVANCED_FACE('',(#4353),#4369,.T.);
#4353 = FACE_BOUND('',#4354,.T.);
#4354 = EDGE_LOOP('',(#4355,#4356,#4362,#4363));
#4355 = ORIENTED_EDGE('',*,*,#725,.T.);
#4356 = ORIENTED_EDGE('',*,*,#4357,.T.);
#4357 = EDGE_CURVE('',#728,#2198,#4358,.T.);
#4358 = LINE('',#4359,#4360);
#4359 = CARTESIAN_POINT('',(-38.25128869403,-1.009618943233,-1.));
#4360 = VECTOR('',#4361,1.);
#4361 = DIRECTION('',(0.,0.,1.));
#4362 = ORIENTED_EDGE('',*,*,#2195,.F.);
#4363 = ORIENTED_EDGE('',*,*,#4364,.F.);
#4364 = EDGE_CURVE('',#726,#2196,#4365,.T.);
#4365 = LINE('',#4366,#4367);
#4366 = CARTESIAN_POINT('',(-38.25128869403,-8.009618943233,-1.));
#4367 = VECTOR('',#4368,1.);
#4368 = DIRECTION('',(0.,0.,1.));
#4369 = PLANE('',#4370);
#4370 = AXIS2_PLACEMENT_3D('',#4371,#4372,#4373);
#4371 = CARTESIAN_POINT('',(-38.25128869403,-1.009618943233,-1.));
#4372 = DIRECTION('',(1.,0.,0.));
#4373 = DIRECTION('',(0.,-1.,0.));
#4374 = ADVANCED_FACE('',(#4375),#4386,.T.);
#4375 = FACE_BOUND('',#4376,.T.);
#4376 = EDGE_LOOP('',(#4377,#4378,#4379,#4380));
#4377 = ORIENTED_EDGE('',*,*,#767,.T.);
#4378 = ORIENTED_EDGE('',*,*,#4364,.T.);
#4379 = ORIENTED_EDGE('',*,*,#2237,.F.);
#4380 = ORIENTED_EDGE('',*,*,#4381,.F.);
#4381 = EDGE_CURVE('',#760,#2230,#4382,.T.);
#4382 = LINE('',#4383,#4384);
#4383 = CARTESIAN_POINT('',(-32.18911086754,-11.50961894323,-1.));
#4384 = VECTOR('',#4385,1.);
#4385 = DIRECTION('',(0.,0.,1.));
#4386 = PLANE('',#4387);
#4387 = AXIS2_PLACEMENT_3D('',#4388,#4389,#4390);
#4388 = CARTESIAN_POINT('',(-38.25128869403,-8.009618943233,-1.));
#4389 = DIRECTION('',(0.5,0.866025403784,0.));
#4390 = DIRECTION('',(0.866025403784,-0.5,0.));
#4391 = ADVANCED_FACE('',(#4392),#4403,.T.);
#4392 = FACE_BOUND('',#4393,.T.);
#4393 = EDGE_LOOP('',(#4394,#4395,#4401,#4402));
#4394 = ORIENTED_EDGE('',*,*,#735,.T.);
#4395 = ORIENTED_EDGE('',*,*,#4396,.T.);
#4396 = EDGE_CURVE('',#736,#2206,#4397,.T.);
#4397 = LINE('',#4398,#4399);
#4398 = CARTESIAN_POINT('',(-32.18911086754,2.490381056767,-1.));
#4399 = VECTOR('',#4400,1.);
#4400 = DIRECTION('',(0.,0.,1.));
#4401 = ORIENTED_EDGE('',*,*,#2205,.F.);
#4402 = ORIENTED_EDGE('',*,*,#4357,.F.);
#4403 = PLANE('',#4404);
#4404 = AXIS2_PLACEMENT_3D('',#4405,#4406,#4407);
#4405 = CARTESIAN_POINT('',(-32.18911086754,2.490381056767,-1.));
#4406 = DIRECTION('',(0.5,-0.866025403784,0.));
#4407 = DIRECTION('',(-0.866025403784,-0.5,0.));
#4408 = ADVANCED_FACE('',(#4409),#4420,.T.);
#4409 = FACE_BOUND('',#4410,.T.);
#4410 = EDGE_LOOP('',(#4411,#4412,#4413,#4414));
#4411 = ORIENTED_EDGE('',*,*,#759,.T.);
#4412 = ORIENTED_EDGE('',*,*,#4381,.T.);
#4413 = ORIENTED_EDGE('',*,*,#2229,.F.);
#4414 = ORIENTED_EDGE('',*,*,#4415,.F.);
#4415 = EDGE_CURVE('',#752,#2222,#4416,.T.);
#4416 = LINE('',#4417,#4418);
#4417 = CARTESIAN_POINT('',(-26.12693304105,-8.009618943233,-1.));
#4418 = VECTOR('',#4419,1.);
#4419 = DIRECTION('',(0.,0.,1.));
#4420 = PLANE('',#4421);
#4421 = AXIS2_PLACEMENT_3D('',#4422,#4423,#4424);
#4422 = CARTESIAN_POINT('',(-32.18911086754,-11.50961894323,-1.));
#4423 = DIRECTION('',(-0.5,0.866025403784,0.));
#4424 = DIRECTION('',(0.866025403784,0.5,0.));
#4425 = ADVANCED_FACE('',(#4426),#4437,.T.);
#4426 = FACE_BOUND('',#4427,.T.);
#4427 = EDGE_LOOP('',(#4428,#4429,#4435,#4436));
#4428 = ORIENTED_EDGE('',*,*,#743,.T.);
#4429 = ORIENTED_EDGE('',*,*,#4430,.T.);
#4430 = EDGE_CURVE('',#744,#2214,#4431,.T.);
#4431 = LINE('',#4432,#4433);
#4432 = CARTESIAN_POINT('',(-26.12693304105,-1.009618943233,-1.));
#4433 = VECTOR('',#4434,1.);
#4434 = DIRECTION('',(0.,0.,1.));
#4435 = ORIENTED_EDGE('',*,*,#2213,.F.);
#4436 = ORIENTED_EDGE('',*,*,#4396,.F.);
#4437 = PLANE('',#4438);
#4438 = AXIS2_PLACEMENT_3D('',#4439,#4440,#4441);
#4439 = CARTESIAN_POINT('',(-26.12693304105,-1.009618943233,-1.));
#4440 = DIRECTION('',(-0.5,-0.866025403784,0.));
#4441 = DIRECTION('',(-0.866025403784,0.5,0.));
#4442 = ADVANCED_FACE('',(#4443),#4449,.T.);
#4443 = FACE_BOUND('',#4444,.T.);
#4444 = EDGE_LOOP('',(#4445,#4446,#4447,#4448));
#4445 = ORIENTED_EDGE('',*,*,#751,.T.);
#4446 = ORIENTED_EDGE('',*,*,#4415,.T.);
#4447 = ORIENTED_EDGE('',*,*,#2221,.F.);
#4448 = ORIENTED_EDGE('',*,*,#4430,.F.);
#4449 = PLANE('',#4450);
#4450 = AXIS2_PLACEMENT_3D('',#4451,#4452,#4453);
#4451 = CARTESIAN_POINT('',(-26.12693304105,-8.009618943233,-1.));
#4452 = DIRECTION('',(-1.,0.,0.));
#4453 = DIRECTION('',(0.,1.,0.));
#4454 = ADVANCED_FACE('',(#4455),#4471,.T.);
#4455 = FACE_BOUND('',#4456,.T.);
#4456 = EDGE_LOOP('',(#4457,#4458,#4464,#4465));
#4457 = ORIENTED_EDGE('',*,*,#775,.T.);
#4458 = ORIENTED_EDGE('',*,*,#4459,.T.);
#4459 = EDGE_CURVE('',#778,#2248,#4460,.T.);
#4460 = LINE('',#4461,#4462);
#4461 = CARTESIAN_POINT('',(7.121778264911,-27.20577136594,-1.));
#4462 = VECTOR('',#4463,1.);
#4463 = DIRECTION('',(0.,0.,1.));
#4464 = ORIENTED_EDGE('',*,*,#2245,.F.);
#4465 = ORIENTED_EDGE('',*,*,#4466,.F.);
#4466 = EDGE_CURVE('',#776,#2246,#4467,.T.);
#4467 = LINE('',#4468,#4469);
#4468 = CARTESIAN_POINT('',(7.121778264911,-34.20577136594,-1.));
#4469 = VECTOR('',#4470,1.);
#4470 = DIRECTION('',(0.,0.,1.));
#4471 = PLANE('',#4472);
#4472 = AXIS2_PLACEMENT_3D('',#4473,#4474,#4475);
#4473 = CARTESIAN_POINT('',(7.121778264911,-27.20577136594,-1.));
#4474 = DIRECTION('',(1.,1.268826313857E-16,0.));
#4475 = DIRECTION('',(1.268826313857E-16,-1.,0.));
#4476 = ADVANCED_FACE('',(#4477),#4488,.T.);
#4477 = FACE_BOUND('',#4478,.T.);
#4478 = EDGE_LOOP('',(#4479,#4480,#4481,#4482));
#4479 = ORIENTED_EDGE('',*,*,#817,.T.);
#4480 = ORIENTED_EDGE('',*,*,#4466,.T.);
#4481 = ORIENTED_EDGE('',*,*,#2287,.F.);
#4482 = ORIENTED_EDGE('',*,*,#4483,.F.);
#4483 = EDGE_CURVE('',#810,#2280,#4484,.T.);
#4484 = LINE('',#4485,#4486);
#4485 = CARTESIAN_POINT('',(13.183956091402,-37.70577136594,-1.));
#4486 = VECTOR('',#4487,1.);
#4487 = DIRECTION('',(0.,0.,1.));
#4488 = PLANE('',#4489);
#4489 = AXIS2_PLACEMENT_3D('',#4490,#4491,#4492);
#4490 = CARTESIAN_POINT('',(7.121778264911,-34.20577136594,-1.));
#4491 = DIRECTION('',(0.5,0.866025403784,0.));
#4492 = DIRECTION('',(0.866025403784,-0.5,0.));
#4493 = ADVANCED_FACE('',(#4494),#4505,.T.);
#4494 = FACE_BOUND('',#4495,.T.);
#4495 = EDGE_LOOP('',(#4496,#4497,#4503,#4504));
#4496 = ORIENTED_EDGE('',*,*,#785,.T.);
#4497 = ORIENTED_EDGE('',*,*,#4498,.T.);
#4498 = EDGE_CURVE('',#786,#2256,#4499,.T.);
#4499 = LINE('',#4500,#4501);
#4500 = CARTESIAN_POINT('',(13.183956091402,-23.70577136594,-1.));
#4501 = VECTOR('',#4502,1.);
#4502 = DIRECTION('',(0.,0.,1.));
#4503 = ORIENTED_EDGE('',*,*,#2255,.F.);
#4504 = ORIENTED_EDGE('',*,*,#4459,.F.);
#4505 = PLANE('',#4506);
#4506 = AXIS2_PLACEMENT_3D('',#4507,#4508,#4509);
#4507 = CARTESIAN_POINT('',(13.183956091402,-23.70577136594,-1.));
#4508 = DIRECTION('',(0.5,-0.866025403784,0.));
#4509 = DIRECTION('',(-0.866025403784,-0.5,0.));
#4510 = ADVANCED_FACE('',(#4511),#4522,.T.);
#4511 = FACE_BOUND('',#4512,.T.);
#4512 = EDGE_LOOP('',(#4513,#4514,#4515,#4516));
#4513 = ORIENTED_EDGE('',*,*,#809,.T.);
#4514 = ORIENTED_EDGE('',*,*,#4483,.T.);
#4515 = ORIENTED_EDGE('',*,*,#2279,.F.);
#4516 = ORIENTED_EDGE('',*,*,#4517,.F.);
#4517 = EDGE_CURVE('',#802,#2272,#4518,.T.);
#4518 = LINE('',#4519,#4520);
#4519 = CARTESIAN_POINT('',(19.246133917893,-34.20577136594,-1.));
#4520 = VECTOR('',#4521,1.);
#4521 = DIRECTION('',(0.,0.,1.));
#4522 = PLANE('',#4523);
#4523 = AXIS2_PLACEMENT_3D('',#4524,#4525,#4526);
#4524 = CARTESIAN_POINT('',(13.183956091402,-37.70577136594,-1.));
#4525 = DIRECTION('',(-0.5,0.866025403784,0.));
#4526 = DIRECTION('',(0.866025403784,0.5,0.));
#4527 = ADVANCED_FACE('',(#4528),#4539,.T.);
#4528 = FACE_BOUND('',#4529,.T.);
#4529 = EDGE_LOOP('',(#4530,#4531,#4537,#4538));
#4530 = ORIENTED_EDGE('',*,*,#793,.T.);
#4531 = ORIENTED_EDGE('',*,*,#4532,.T.);
#4532 = EDGE_CURVE('',#794,#2264,#4533,.T.);
#4533 = LINE('',#4534,#4535);
#4534 = CARTESIAN_POINT('',(19.246133917893,-27.20577136594,-1.));
#4535 = VECTOR('',#4536,1.);
#4536 = DIRECTION('',(0.,0.,1.));
#4537 = ORIENTED_EDGE('',*,*,#2263,.F.);
#4538 = ORIENTED_EDGE('',*,*,#4498,.F.);
#4539 = PLANE('',#4540);
#4540 = AXIS2_PLACEMENT_3D('',#4541,#4542,#4543);
#4541 = CARTESIAN_POINT('',(19.246133917893,-27.20577136594,-1.));
#4542 = DIRECTION('',(-0.5,-0.866025403784,0.));
#4543 = DIRECTION('',(-0.866025403784,0.5,0.));
#4544 = ADVANCED_FACE('',(#4545),#4551,.T.);
#4545 = FACE_BOUND('',#4546,.T.);
#4546 = EDGE_LOOP('',(#4547,#4548,#4549,#4550));
#4547 = ORIENTED_EDGE('',*,*,#801,.T.);
#4548 = ORIENTED_EDGE('',*,*,#4517,.T.);
#4549 = ORIENTED_EDGE('',*,*,#2271,.F.);
#4550 = ORIENTED_EDGE('',*,*,#4532,.F.);
#4551 = PLANE('',#4552);
#4552 = AXIS2_PLACEMENT_3D('',#4553,#4554,#4555);
#4553 = CARTESIAN_POINT('',(19.246133917893,-34.20577136594,-1.));
#4554 = DIRECTION('',(-1.,0.,0.));
#4555 = DIRECTION('',(0.,1.,0.));
#4556 = ADVANCED_FACE('',(#4557),#4568,.F.);
#4557 = FACE_BOUND('',#4558,.F.);
#4558 = EDGE_LOOP('',(#4559,#4560,#4566,#4567));
#4559 = ORIENTED_EDGE('',*,*,#2295,.F.);
#4560 = ORIENTED_EDGE('',*,*,#4561,.F.);
#4561 = EDGE_CURVE('',#826,#2296,#4562,.T.);
#4562 = LINE('',#4563,#4564);
#4563 = CARTESIAN_POINT('',(24.32741699797,-22.62741699797,-2.));
#4564 = VECTOR('',#4565,1.);
#4565 = DIRECTION('',(0.,0.,1.));
#4566 = ORIENTED_EDGE('',*,*,#825,.T.);
#4567 = ORIENTED_EDGE('',*,*,#4561,.T.);
#4568 = CYLINDRICAL_SURFACE('',#4569,1.7);
#4569 = AXIS2_PLACEMENT_3D('',#4570,#4571,#4572);
#4570 = CARTESIAN_POINT('',(22.62741699797,-22.62741699797,-2.));
#4571 = DIRECTION('',(0.,0.,1.));
#4572 = DIRECTION('',(1.,0.,0.));
#4573 = ADVANCED_FACE('',(#4574),#4590,.T.);
#4574 = FACE_BOUND('',#4575,.T.);
#4575 = EDGE_LOOP('',(#4576,#4577,#4583,#4584));
#4576 = ORIENTED_EDGE('',*,*,#836,.T.);
#4577 = ORIENTED_EDGE('',*,*,#4578,.T.);
#4578 = EDGE_CURVE('',#839,#2309,#4579,.T.);
#4579 = LINE('',#4580,#4581);
#4580 = CARTESIAN_POINT('',(37.370489570875,-27.20577136594,-1.));
#4581 = VECTOR('',#4582,1.);
#4582 = DIRECTION('',(0.,0.,1.));
#4583 = ORIENTED_EDGE('',*,*,#2306,.F.);
#4584 = ORIENTED_EDGE('',*,*,#4585,.F.);
#4585 = EDGE_CURVE('',#837,#2307,#4586,.T.);
#4586 = LINE('',#4587,#4588);
#4587 = CARTESIAN_POINT('',(37.370489570875,-34.20577136594,-1.));
#4588 = VECTOR('',#4589,1.);
#4589 = DIRECTION('',(0.,0.,1.));
#4590 = PLANE('',#4591);
#4591 = AXIS2_PLACEMENT_3D('',#4592,#4593,#4594);
#4592 = CARTESIAN_POINT('',(37.370489570875,-27.20577136594,-1.));
#4593 = DIRECTION('',(1.,0.,0.));
#4594 = DIRECTION('',(0.,-1.,0.));
#4595 = ADVANCED_FACE('',(#4596),#4607,.T.);
#4596 = FACE_BOUND('',#4597,.T.);
#4597 = EDGE_LOOP('',(#4598,#4599,#4600,#4601));
#4598 = ORIENTED_EDGE('',*,*,#878,.T.);
#4599 = ORIENTED_EDGE('',*,*,#4585,.T.);
#4600 = ORIENTED_EDGE('',*,*,#2348,.F.);
#4601 = ORIENTED_EDGE('',*,*,#4602,.F.);
#4602 = EDGE_CURVE('',#871,#2341,#4603,.T.);
#4603 = LINE('',#4604,#4605);
#4604 = CARTESIAN_POINT('',(43.432667397366,-37.70577136594,-1.));
#4605 = VECTOR('',#4606,1.);
#4606 = DIRECTION('',(0.,0.,1.));
#4607 = PLANE('',#4608);
#4608 = AXIS2_PLACEMENT_3D('',#4609,#4610,#4611);
#4609 = CARTESIAN_POINT('',(37.370489570875,-34.20577136594,-1.));
#4610 = DIRECTION('',(0.5,0.866025403784,0.));
#4611 = DIRECTION('',(0.866025403784,-0.5,0.));
#4612 = ADVANCED_FACE('',(#4613),#4624,.T.);
#4613 = FACE_BOUND('',#4614,.T.);
#4614 = EDGE_LOOP('',(#4615,#4616,#4622,#4623));
#4615 = ORIENTED_EDGE('',*,*,#846,.T.);
#4616 = ORIENTED_EDGE('',*,*,#4617,.T.);
#4617 = EDGE_CURVE('',#847,#2317,#4618,.T.);
#4618 = LINE('',#4619,#4620);
#4619 = CARTESIAN_POINT('',(43.432667397366,-23.70577136594,-1.));
#4620 = VECTOR('',#4621,1.);
#4621 = DIRECTION('',(0.,0.,1.));
#4622 = ORIENTED_EDGE('',*,*,#2316,.F.);
#4623 = ORIENTED_EDGE('',*,*,#4578,.F.);
#4624 = PLANE('',#4625);
#4625 = AXIS2_PLACEMENT_3D('',#4626,#4627,#4628);
#4626 = CARTESIAN_POINT('',(43.432667397366,-23.70577136594,-1.));
#4627 = DIRECTION('',(0.5,-0.866025403784,0.));
#4628 = DIRECTION('',(-0.866025403784,-0.5,0.));
#4629 = ADVANCED_FACE('',(#4630),#4641,.T.);
#4630 = FACE_BOUND('',#4631,.T.);
#4631 = EDGE_LOOP('',(#4632,#4633,#4634,#4635));
#4632 = ORIENTED_EDGE('',*,*,#870,.T.);
#4633 = ORIENTED_EDGE('',*,*,#4602,.T.);
#4634 = ORIENTED_EDGE('',*,*,#2340,.F.);
#4635 = ORIENTED_EDGE('',*,*,#4636,.F.);
#4636 = EDGE_CURVE('',#863,#2333,#4637,.T.);
#4637 = LINE('',#4638,#4639);
#4638 = CARTESIAN_POINT('',(49.494845223857,-34.20577136594,-1.));
#4639 = VECTOR('',#4640,1.);
#4640 = DIRECTION('',(0.,0.,1.));
#4641 = PLANE('',#4642);
#4642 = AXIS2_PLACEMENT_3D('',#4643,#4644,#4645);
#4643 = CARTESIAN_POINT('',(43.432667397366,-37.70577136594,-1.));
#4644 = DIRECTION('',(-0.5,0.866025403784,0.));
#4645 = DIRECTION('',(0.866025403784,0.5,0.));
#4646 = ADVANCED_FACE('',(#4647),#4658,.T.);
#4647 = FACE_BOUND('',#4648,.T.);
#4648 = EDGE_LOOP('',(#4649,#4650,#4656,#4657));
#4649 = ORIENTED_EDGE('',*,*,#854,.T.);
#4650 = ORIENTED_EDGE('',*,*,#4651,.T.);
#4651 = EDGE_CURVE('',#855,#2325,#4652,.T.);
#4652 = LINE('',#4653,#4654);
#4653 = CARTESIAN_POINT('',(49.494845223857,-27.20577136594,-1.));
#4654 = VECTOR('',#4655,1.);
#4655 = DIRECTION('',(0.,0.,1.));
#4656 = ORIENTED_EDGE('',*,*,#2324,.F.);
#4657 = ORIENTED_EDGE('',*,*,#4617,.F.);
#4658 = PLANE('',#4659);
#4659 = AXIS2_PLACEMENT_3D('',#4660,#4661,#4662);
#4660 = CARTESIAN_POINT('',(49.494845223857,-27.20577136594,-1.));
#4661 = DIRECTION('',(-0.5,-0.866025403784,0.));
#4662 = DIRECTION('',(-0.866025403784,0.5,0.));
#4663 = ADVANCED_FACE('',(#4664),#4670,.T.);
#4664 = FACE_BOUND('',#4665,.T.);
#4665 = EDGE_LOOP('',(#4666,#4667,#4668,#4669));
#4666 = ORIENTED_EDGE('',*,*,#862,.T.);
#4667 = ORIENTED_EDGE('',*,*,#4636,.T.);
#4668 = ORIENTED_EDGE('',*,*,#2332,.F.);
#4669 = ORIENTED_EDGE('',*,*,#4651,.F.);
#4670 = PLANE('',#4671);
#4671 = AXIS2_PLACEMENT_3D('',#4672,#4673,#4674);
#4672 = CARTESIAN_POINT('',(49.494845223857,-34.20577136594,-1.));
#4673 = DIRECTION('',(-1.,1.015061051086E-15,0.));
#4674 = DIRECTION('',(1.015061051086E-15,1.,0.));
#4675 = ADVANCED_FACE('',(#4676),#4692,.T.);
#4676 = FACE_BOUND('',#4677,.T.);
#4677 = EDGE_LOOP('',(#4678,#4679,#4685,#4686));
#4678 = ORIENTED_EDGE('',*,*,#886,.T.);
#4679 = ORIENTED_EDGE('',*,*,#4680,.T.);
#4680 = EDGE_CURVE('',#889,#2359,#4681,.T.);
#4681 = LINE('',#4682,#4683);
#4682 = CARTESIAN_POINT('',(29.808311744384,-14.10769515458,-1.));
#4683 = VECTOR('',#4684,1.);
#4684 = DIRECTION('',(0.,0.,1.));
#4685 = ORIENTED_EDGE('',*,*,#2356,.F.);
#4686 = ORIENTED_EDGE('',*,*,#4687,.F.);
#4687 = EDGE_CURVE('',#887,#2357,#4688,.T.);
#4688 = LINE('',#4689,#4690);
#4689 = CARTESIAN_POINT('',(29.808311744384,-21.10769515458,-1.));
#4690 = VECTOR('',#4691,1.);
#4691 = DIRECTION('',(0.,0.,1.));
#4692 = PLANE('',#4693);
#4693 = AXIS2_PLACEMENT_3D('',#4694,#4695,#4696);
#4694 = CARTESIAN_POINT('',(29.808311744384,-14.10769515458,-1.));
#4695 = DIRECTION('',(1.,5.075305255429E-16,0.));
#4696 = DIRECTION('',(5.075305255429E-16,-1.,0.));
#4697 = ADVANCED_FACE('',(#4698),#4709,.T.);
#4698 = FACE_BOUND('',#4699,.T.);
#4699 = EDGE_LOOP('',(#4700,#4701,#4702,#4703));
#4700 = ORIENTED_EDGE('',*,*,#928,.T.);
#4701 = ORIENTED_EDGE('',*,*,#4687,.T.);
#4702 = ORIENTED_EDGE('',*,*,#2398,.F.);
#4703 = ORIENTED_EDGE('',*,*,#4704,.F.);
#4704 = EDGE_CURVE('',#921,#2391,#4705,.T.);
#4705 = LINE('',#4706,#4707);
#4706 = CARTESIAN_POINT('',(35.870489570875,-24.60769515458,-1.));
#4707 = VECTOR('',#4708,1.);
#4708 = DIRECTION('',(0.,0.,1.));
#4709 = PLANE('',#4710);
#4710 = AXIS2_PLACEMENT_3D('',#4711,#4712,#4713);
#4711 = CARTESIAN_POINT('',(29.808311744384,-21.10769515458,-1.));
#4712 = DIRECTION('',(0.5,0.866025403784,0.));
#4713 = DIRECTION('',(0.866025403784,-0.5,0.));
#4714 = ADVANCED_FACE('',(#4715),#4726,.T.);
#4715 = FACE_BOUND('',#4716,.T.);
#4716 = EDGE_LOOP('',(#4717,#4718,#4724,#4725));
#4717 = ORIENTED_EDGE('',*,*,#896,.T.);
#4718 = ORIENTED_EDGE('',*,*,#4719,.T.);
#4719 = EDGE_CURVE('',#897,#2367,#4720,.T.);
#4720 = LINE('',#4721,#4722);
#4721 = CARTESIAN_POINT('',(35.870489570875,-10.60769515458,-1.));
#4722 = VECTOR('',#4723,1.);
#4723 = DIRECTION('',(0.,0.,1.));
#4724 = ORIENTED_EDGE('',*,*,#2366,.F.);
#4725 = ORIENTED_EDGE('',*,*,#4680,.F.);
#4726 = PLANE('',#4727);
#4727 = AXIS2_PLACEMENT_3D('',#4728,#4729,#4730);
#4728 = CARTESIAN_POINT('',(35.870489570875,-10.60769515458,-1.));
#4729 = DIRECTION('',(0.5,-0.866025403784,0.));
#4730 = DIRECTION('',(-0.866025403784,-0.5,0.));
#4731 = ADVANCED_FACE('',(#4732),#4743,.T.);
#4732 = FACE_BOUND('',#4733,.T.);
#4733 = EDGE_LOOP('',(#4734,#4735,#4736,#4737));
#4734 = ORIENTED_EDGE('',*,*,#920,.T.);
#4735 = ORIENTED_EDGE('',*,*,#4704,.T.);
#4736 = ORIENTED_EDGE('',*,*,#2390,.F.);
#4737 = ORIENTED_EDGE('',*,*,#4738,.F.);
#4738 = EDGE_CURVE('',#913,#2383,#4739,.T.);
#4739 = LINE('',#4740,#4741);
#4740 = CARTESIAN_POINT('',(41.932667397366,-21.10769515458,-1.));
#4741 = VECTOR('',#4742,1.);
#4742 = DIRECTION('',(0.,0.,1.));
#4743 = PLANE('',#4744);
#4744 = AXIS2_PLACEMENT_3D('',#4745,#4746,#4747);
#4745 = CARTESIAN_POINT('',(35.870489570875,-24.60769515458,-1.));
#4746 = DIRECTION('',(-0.5,0.866025403784,0.));
#4747 = DIRECTION('',(0.866025403784,0.5,0.));
#4748 = ADVANCED_FACE('',(#4749),#4760,.T.);
#4749 = FACE_BOUND('',#4750,.T.);
#4750 = EDGE_LOOP('',(#4751,#4752,#4758,#4759));
#4751 = ORIENTED_EDGE('',*,*,#904,.T.);
#4752 = ORIENTED_EDGE('',*,*,#4753,.T.);
#4753 = EDGE_CURVE('',#905,#2375,#4754,.T.);
#4754 = LINE('',#4755,#4756);
#4755 = CARTESIAN_POINT('',(41.932667397366,-14.10769515458,-1.));
#4756 = VECTOR('',#4757,1.);
#4757 = DIRECTION('',(0.,0.,1.));
#4758 = ORIENTED_EDGE('',*,*,#2374,.F.);
#4759 = ORIENTED_EDGE('',*,*,#4719,.F.);
#4760 = PLANE('',#4761);
#4761 = AXIS2_PLACEMENT_3D('',#4762,#4763,#4764);
#4762 = CARTESIAN_POINT('',(41.932667397366,-14.10769515458,-1.));
#4763 = DIRECTION('',(-0.5,-0.866025403784,0.));
#4764 = DIRECTION('',(-0.866025403784,0.5,0.));
#4765 = ADVANCED_FACE('',(#4766),#4772,.T.);
#4766 = FACE_BOUND('',#4767,.T.);
#4767 = EDGE_LOOP('',(#4768,#4769,#4770,#4771));
#4768 = ORIENTED_EDGE('',*,*,#912,.T.);
#4769 = ORIENTED_EDGE('',*,*,#4738,.T.);
#4770 = ORIENTED_EDGE('',*,*,#2382,.F.);
#4771 = ORIENTED_EDGE('',*,*,#4753,.F.);
#4772 = PLANE('',#4773);
#4773 = AXIS2_PLACEMENT_3D('',#4774,#4775,#4776);
#4774 = CARTESIAN_POINT('',(41.932667397366,-21.10769515458,-1.));
#4775 = DIRECTION('',(-1.,1.015061051086E-15,0.));
#4776 = DIRECTION('',(1.015061051086E-15,1.,0.));
#4777 = ADVANCED_FACE('',(#4778),#4794,.T.);
#4778 = FACE_BOUND('',#4779,.T.);
#4779 = EDGE_LOOP('',(#4780,#4781,#4787,#4788));
#4780 = ORIENTED_EDGE('',*,*,#936,.T.);
#4781 = ORIENTED_EDGE('',*,*,#4782,.T.);
#4782 = EDGE_CURVE('',#939,#2409,#4783,.T.);
#4783 = LINE('',#4784,#4785);
#4784 = CARTESIAN_POINT('',(22.246133917893,-1.009618943233,-1.));
#4785 = VECTOR('',#4786,1.);
#4786 = DIRECTION('',(0.,0.,1.));
#4787 = ORIENTED_EDGE('',*,*,#2406,.F.);
#4788 = ORIENTED_EDGE('',*,*,#4789,.F.);
#4789 = EDGE_CURVE('',#937,#2407,#4790,.T.);
#4790 = LINE('',#4791,#4792);
#4791 = CARTESIAN_POINT('',(22.246133917893,-8.009618943233,-1.));
#4792 = VECTOR('',#4793,1.);
#4793 = DIRECTION('',(0.,0.,1.));
#4794 = PLANE('',#4795);
#4795 = AXIS2_PLACEMENT_3D('',#4796,#4797,#4798);
#4796 = CARTESIAN_POINT('',(22.246133917893,-1.009618943233,-1.));
#4797 = DIRECTION('',(1.,5.075305255429E-16,0.));
#4798 = DIRECTION('',(5.075305255429E-16,-1.,0.));
#4799 = ADVANCED_FACE('',(#4800),#4811,.T.);
#4800 = FACE_BOUND('',#4801,.T.);
#4801 = EDGE_LOOP('',(#4802,#4803,#4804,#4805));
#4802 = ORIENTED_EDGE('',*,*,#978,.T.);
#4803 = ORIENTED_EDGE('',*,*,#4789,.T.);
#4804 = ORIENTED_EDGE('',*,*,#2448,.F.);
#4805 = ORIENTED_EDGE('',*,*,#4806,.F.);
#4806 = EDGE_CURVE('',#971,#2441,#4807,.T.);
#4807 = LINE('',#4808,#4809);
#4808 = CARTESIAN_POINT('',(28.308311744384,-11.50961894323,-1.));
#4809 = VECTOR('',#4810,1.);
#4810 = DIRECTION('',(0.,0.,1.));
#4811 = PLANE('',#4812);
#4812 = AXIS2_PLACEMENT_3D('',#4813,#4814,#4815);
#4813 = CARTESIAN_POINT('',(22.246133917893,-8.009618943233,-1.));
#4814 = DIRECTION('',(0.5,0.866025403784,0.));
#4815 = DIRECTION('',(0.866025403784,-0.5,0.));
#4816 = ADVANCED_FACE('',(#4817),#4828,.T.);
#4817 = FACE_BOUND('',#4818,.T.);
#4818 = EDGE_LOOP('',(#4819,#4820,#4826,#4827));
#4819 = ORIENTED_EDGE('',*,*,#946,.T.);
#4820 = ORIENTED_EDGE('',*,*,#4821,.T.);
#4821 = EDGE_CURVE('',#947,#2417,#4822,.T.);
#4822 = LINE('',#4823,#4824);
#4823 = CARTESIAN_POINT('',(28.308311744384,2.490381056767,-1.));
#4824 = VECTOR('',#4825,1.);
#4825 = DIRECTION('',(0.,0.,1.));
#4826 = ORIENTED_EDGE('',*,*,#2416,.F.);
#4827 = ORIENTED_EDGE('',*,*,#4782,.F.);
#4828 = PLANE('',#4829);
#4829 = AXIS2_PLACEMENT_3D('',#4830,#4831,#4832);
#4830 = CARTESIAN_POINT('',(28.308311744384,2.490381056767,-1.));
#4831 = DIRECTION('',(0.5,-0.866025403784,0.));
#4832 = DIRECTION('',(-0.866025403784,-0.5,0.));
#4833 = ADVANCED_FACE('',(#4834),#4845,.T.);
#4834 = FACE_BOUND('',#4835,.T.);
#4835 = EDGE_LOOP('',(#4836,#4837,#4838,#4839));
#4836 = ORIENTED_EDGE('',*,*,#970,.T.);
#4837 = ORIENTED_EDGE('',*,*,#4806,.T.);
#4838 = ORIENTED_EDGE('',*,*,#2440,.F.);
#4839 = ORIENTED_EDGE('',*,*,#4840,.F.);
#4840 = EDGE_CURVE('',#963,#2433,#4841,.T.);
#4841 = LINE('',#4842,#4843);
#4842 = CARTESIAN_POINT('',(34.370489570875,-8.009618943233,-1.));
#4843 = VECTOR('',#4844,1.);
#4844 = DIRECTION('',(0.,0.,1.));
#4845 = PLANE('',#4846);
#4846 = AXIS2_PLACEMENT_3D('',#4847,#4848,#4849);
#4847 = CARTESIAN_POINT('',(28.308311744384,-11.50961894323,-1.));
#4848 = DIRECTION('',(-0.5,0.866025403784,0.));
#4849 = DIRECTION('',(0.866025403784,0.5,0.));
#4850 = ADVANCED_FACE('',(#4851),#4862,.T.);
#4851 = FACE_BOUND('',#4852,.T.);
#4852 = EDGE_LOOP('',(#4853,#4854,#4860,#4861));
#4853 = ORIENTED_EDGE('',*,*,#954,.T.);
#4854 = ORIENTED_EDGE('',*,*,#4855,.T.);
#4855 = EDGE_CURVE('',#955,#2425,#4856,.T.);
#4856 = LINE('',#4857,#4858);
#4857 = CARTESIAN_POINT('',(34.370489570875,-1.009618943233,-1.));
#4858 = VECTOR('',#4859,1.);
#4859 = DIRECTION('',(0.,0.,1.));
#4860 = ORIENTED_EDGE('',*,*,#2424,.F.);
#4861 = ORIENTED_EDGE('',*,*,#4821,.F.);
#4862 = PLANE('',#4863);
#4863 = AXIS2_PLACEMENT_3D('',#4864,#4865,#4866);
#4864 = CARTESIAN_POINT('',(34.370489570875,-1.009618943233,-1.));
#4865 = DIRECTION('',(-0.5,-0.866025403784,0.));
#4866 = DIRECTION('',(-0.866025403784,0.5,0.));
#4867 = ADVANCED_FACE('',(#4868),#4874,.T.);
#4868 = FACE_BOUND('',#4869,.T.);
#4869 = EDGE_LOOP('',(#4870,#4871,#4872,#4873));
#4870 = ORIENTED_EDGE('',*,*,#962,.T.);
#4871 = ORIENTED_EDGE('',*,*,#4840,.T.);
#4872 = ORIENTED_EDGE('',*,*,#2432,.F.);
#4873 = ORIENTED_EDGE('',*,*,#4855,.F.);
#4874 = PLANE('',#4875);
#4875 = AXIS2_PLACEMENT_3D('',#4876,#4877,#4878);
#4876 = CARTESIAN_POINT('',(34.370489570875,-8.009618943233,-1.));
#4877 = DIRECTION('',(-1.,1.015061051086E-15,0.));
#4878 = DIRECTION('',(1.015061051086E-15,1.,0.));
#4879 = ADVANCED_FACE('',(#4880),#4896,.T.);
#4880 = FACE_BOUND('',#4881,.T.);
#4881 = EDGE_LOOP('',(#4882,#4883,#4889,#4890));
#4882 = ORIENTED_EDGE('',*,*,#986,.T.);
#4883 = ORIENTED_EDGE('',*,*,#4884,.T.);
#4884 = EDGE_CURVE('',#989,#2459,#4885,.T.);
#4885 = LINE('',#4886,#4887);
#4886 = CARTESIAN_POINT('',(-53.37564434701,25.186533479473,-1.));
#4887 = VECTOR('',#4888,1.);
#4888 = DIRECTION('',(0.,0.,1.));
#4889 = ORIENTED_EDGE('',*,*,#2456,.F.);
#4890 = ORIENTED_EDGE('',*,*,#4891,.F.);
#4891 = EDGE_CURVE('',#987,#2457,#4892,.T.);
#4892 = LINE('',#4893,#4894);
#4893 = CARTESIAN_POINT('',(-53.37564434701,18.186533479473,-1.));
#4894 = VECTOR('',#4895,1.);
#4895 = DIRECTION('',(0.,0.,1.));
#4896 = PLANE('',#4897);
#4897 = AXIS2_PLACEMENT_3D('',#4898,#4899,#4900);
#4898 = CARTESIAN_POINT('',(-53.37564434701,25.186533479473,-1.));
#4899 = DIRECTION('',(1.,0.,0.));
#4900 = DIRECTION('',(0.,-1.,0.));
#4901 = ADVANCED_FACE('',(#4902),#4913,.T.);
#4902 = FACE_BOUND('',#4903,.T.);
#4903 = EDGE_LOOP('',(#4904,#4905,#4906,#4907));
#4904 = ORIENTED_EDGE('',*,*,#1028,.T.);
#4905 = ORIENTED_EDGE('',*,*,#4891,.T.);
#4906 = ORIENTED_EDGE('',*,*,#2498,.F.);
#4907 = ORIENTED_EDGE('',*,*,#4908,.F.);
#4908 = EDGE_CURVE('',#1021,#2491,#4909,.T.);
#4909 = LINE('',#4910,#4911);
#4910 = CARTESIAN_POINT('',(-47.31346652052,14.686533479473,-1.));
#4911 = VECTOR('',#4912,1.);
#4912 = DIRECTION('',(0.,0.,1.));
#4913 = PLANE('',#4914);
#4914 = AXIS2_PLACEMENT_3D('',#4915,#4916,#4917);
#4915 = CARTESIAN_POINT('',(-53.37564434701,18.186533479473,-1.));
#4916 = DIRECTION('',(0.5,0.866025403784,0.));
#4917 = DIRECTION('',(0.866025403784,-0.5,0.));
#4918 = ADVANCED_FACE('',(#4919),#4930,.T.);
#4919 = FACE_BOUND('',#4920,.T.);
#4920 = EDGE_LOOP('',(#4921,#4922,#4928,#4929));
#4921 = ORIENTED_EDGE('',*,*,#996,.T.);
#4922 = ORIENTED_EDGE('',*,*,#4923,.T.);
#4923 = EDGE_CURVE('',#997,#2467,#4924,.T.);
#4924 = LINE('',#4925,#4926);
#4925 = CARTESIAN_POINT('',(-47.31346652052,28.686533479473,-1.));
#4926 = VECTOR('',#4927,1.);
#4927 = DIRECTION('',(0.,0.,1.));
#4928 = ORIENTED_EDGE('',*,*,#2466,.F.);
#4929 = ORIENTED_EDGE('',*,*,#4884,.F.);
#4930 = PLANE('',#4931);
#4931 = AXIS2_PLACEMENT_3D('',#4932,#4933,#4934);
#4932 = CARTESIAN_POINT('',(-47.31346652052,28.686533479473,-1.));
#4933 = DIRECTION('',(0.5,-0.866025403784,0.));
#4934 = DIRECTION('',(-0.866025403784,-0.5,0.));
#4935 = ADVANCED_FACE('',(#4936),#4947,.T.);
#4936 = FACE_BOUND('',#4937,.T.);
#4937 = EDGE_LOOP('',(#4938,#4939,#4940,#4941));
#4938 = ORIENTED_EDGE('',*,*,#1020,.T.);
#4939 = ORIENTED_EDGE('',*,*,#4908,.T.);
#4940 = ORIENTED_EDGE('',*,*,#2490,.F.);
#4941 = ORIENTED_EDGE('',*,*,#4942,.F.);
#4942 = EDGE_CURVE('',#1013,#2483,#4943,.T.);
#4943 = LINE('',#4944,#4945);
#4944 = CARTESIAN_POINT('',(-41.25128869403,18.186533479473,-1.));
#4945 = VECTOR('',#4946,1.);
#4946 = DIRECTION('',(0.,0.,1.));
#4947 = PLANE('',#4948);
#4948 = AXIS2_PLACEMENT_3D('',#4949,#4950,#4951);
#4949 = CARTESIAN_POINT('',(-47.31346652052,14.686533479473,-1.));
#4950 = DIRECTION('',(-0.5,0.866025403784,0.));
#4951 = DIRECTION('',(0.866025403784,0.5,0.));
#4952 = ADVANCED_FACE('',(#4953),#4964,.T.);
#4953 = FACE_BOUND('',#4954,.T.);
#4954 = EDGE_LOOP('',(#4955,#4956,#4962,#4963));
#4955 = ORIENTED_EDGE('',*,*,#1004,.T.);
#4956 = ORIENTED_EDGE('',*,*,#4957,.T.);
#4957 = EDGE_CURVE('',#1005,#2475,#4958,.T.);
#4958 = LINE('',#4959,#4960);
#4959 = CARTESIAN_POINT('',(-41.25128869403,25.186533479473,-1.));
#4960 = VECTOR('',#4961,1.);
#4961 = DIRECTION('',(0.,0.,1.));
#4962 = ORIENTED_EDGE('',*,*,#2474,.F.);
#4963 = ORIENTED_EDGE('',*,*,#4923,.F.);
#4964 = PLANE('',#4965);
#4965 = AXIS2_PLACEMENT_3D('',#4966,#4967,#4968);
#4966 = CARTESIAN_POINT('',(-41.25128869403,25.186533479473,-1.));
#4967 = DIRECTION('',(-0.5,-0.866025403784,0.));
#4968 = DIRECTION('',(-0.866025403784,0.5,0.));
#4969 = ADVANCED_FACE('',(#4970),#4976,.T.);
#4970 = FACE_BOUND('',#4971,.T.);
#4971 = EDGE_LOOP('',(#4972,#4973,#4974,#4975));
#4972 = ORIENTED_EDGE('',*,*,#1012,.T.);
#4973 = ORIENTED_EDGE('',*,*,#4942,.T.);
#4974 = ORIENTED_EDGE('',*,*,#2482,.F.);
#4975 = ORIENTED_EDGE('',*,*,#4957,.F.);
#4976 = PLANE('',#4977);
#4977 = AXIS2_PLACEMENT_3D('',#4978,#4979,#4980);
#4978 = CARTESIAN_POINT('',(-41.25128869403,18.186533479473,-1.));
#4979 = DIRECTION('',(-1.,1.015061051086E-15,0.));
#4980 = DIRECTION('',(1.015061051086E-15,1.,0.));
#4981 = ADVANCED_FACE('',(#4982),#4998,.T.);
#4982 = FACE_BOUND('',#4983,.T.);
#4983 = EDGE_LOOP('',(#4984,#4985,#4991,#4992));
#4984 = ORIENTED_EDGE('',*,*,#1036,.T.);
#4985 = ORIENTED_EDGE('',*,*,#4986,.T.);
#4986 = EDGE_CURVE('',#1039,#2509,#4987,.T.);
#4987 = LINE('',#4988,#4989);
#4988 = CARTESIAN_POINT('',(-38.25128869403,25.186533479473,-1.));
#4989 = VECTOR('',#4990,1.);
#4990 = DIRECTION('',(0.,0.,1.));
#4991 = ORIENTED_EDGE('',*,*,#2506,.F.);
#4992 = ORIENTED_EDGE('',*,*,#4993,.F.);
#4993 = EDGE_CURVE('',#1037,#2507,#4994,.T.);
#4994 = LINE('',#4995,#4996);
#4995 = CARTESIAN_POINT('',(-38.25128869403,18.186533479473,-1.));
#4996 = VECTOR('',#4997,1.);
#4997 = DIRECTION('',(0.,0.,1.));
#4998 = PLANE('',#4999);
#4999 = AXIS2_PLACEMENT_3D('',#5000,#5001,#5002);
#5000 = CARTESIAN_POINT('',(-38.25128869403,25.186533479473,-1.));
#5001 = DIRECTION('',(1.,0.,0.));
#5002 = DIRECTION('',(0.,-1.,0.));
#5003 = ADVANCED_FACE('',(#5004),#5015,.T.);
#5004 = FACE_BOUND('',#5005,.T.);
#5005 = EDGE_LOOP('',(#5006,#5007,#5008,#5009));
#5006 = ORIENTED_EDGE('',*,*,#1078,.T.);
#5007 = ORIENTED_EDGE('',*,*,#4993,.T.);
#5008 = ORIENTED_EDGE('',*,*,#2548,.F.);
#5009 = ORIENTED_EDGE('',*,*,#5010,.F.);
#5010 = EDGE_CURVE('',#1071,#2541,#5011,.T.);
#5011 = LINE('',#5012,#5013);
#5012 = CARTESIAN_POINT('',(-32.18911086754,14.686533479473,-1.));
#5013 = VECTOR('',#5014,1.);
#5014 = DIRECTION('',(0.,0.,1.));
#5015 = PLANE('',#5016);
#5016 = AXIS2_PLACEMENT_3D('',#5017,#5018,#5019);
#5017 = CARTESIAN_POINT('',(-38.25128869403,18.186533479473,-1.));
#5018 = DIRECTION('',(0.5,0.866025403784,0.));
#5019 = DIRECTION('',(0.866025403784,-0.5,0.));
#5020 = ADVANCED_FACE('',(#5021),#5032,.T.);
#5021 = FACE_BOUND('',#5022,.T.);
#5022 = EDGE_LOOP('',(#5023,#5024,#5030,#5031));
#5023 = ORIENTED_EDGE('',*,*,#1046,.T.);
#5024 = ORIENTED_EDGE('',*,*,#5025,.T.);
#5025 = EDGE_CURVE('',#1047,#2517,#5026,.T.);
#5026 = LINE('',#5027,#5028);
#5027 = CARTESIAN_POINT('',(-32.18911086754,28.686533479473,-1.));
#5028 = VECTOR('',#5029,1.);
#5029 = DIRECTION('',(0.,0.,1.));
#5030 = ORIENTED_EDGE('',*,*,#2516,.F.);
#5031 = ORIENTED_EDGE('',*,*,#4986,.F.);
#5032 = PLANE('',#5033);
#5033 = AXIS2_PLACEMENT_3D('',#5034,#5035,#5036);
#5034 = CARTESIAN_POINT('',(-32.18911086754,28.686533479473,-1.));
#5035 = DIRECTION('',(0.5,-0.866025403784,0.));
#5036 = DIRECTION('',(-0.866025403784,-0.5,0.));
#5037 = ADVANCED_FACE('',(#5038),#5049,.T.);
#5038 = FACE_BOUND('',#5039,.T.);
#5039 = EDGE_LOOP('',(#5040,#5041,#5042,#5043));
#5040 = ORIENTED_EDGE('',*,*,#1070,.T.);
#5041 = ORIENTED_EDGE('',*,*,#5010,.T.);
#5042 = ORIENTED_EDGE('',*,*,#2540,.F.);
#5043 = ORIENTED_EDGE('',*,*,#5044,.F.);
#5044 = EDGE_CURVE('',#1063,#2533,#5045,.T.);
#5045 = LINE('',#5046,#5047);
#5046 = CARTESIAN_POINT('',(-26.12693304105,18.186533479473,-1.));
#5047 = VECTOR('',#5048,1.);
#5048 = DIRECTION('',(0.,0.,1.));
#5049 = PLANE('',#5050);
#5050 = AXIS2_PLACEMENT_3D('',#5051,#5052,#5053);
#5051 = CARTESIAN_POINT('',(-32.18911086754,14.686533479473,-1.));
#5052 = DIRECTION('',(-0.5,0.866025403784,0.));
#5053 = DIRECTION('',(0.866025403784,0.5,0.));
#5054 = ADVANCED_FACE('',(#5055),#5066,.T.);
#5055 = FACE_BOUND('',#5056,.T.);
#5056 = EDGE_LOOP('',(#5057,#5058,#5064,#5065));
#5057 = ORIENTED_EDGE('',*,*,#1054,.T.);
#5058 = ORIENTED_EDGE('',*,*,#5059,.T.);
#5059 = EDGE_CURVE('',#1055,#2525,#5060,.T.);
#5060 = LINE('',#5061,#5062);
#5061 = CARTESIAN_POINT('',(-26.12693304105,25.186533479473,-1.));
#5062 = VECTOR('',#5063,1.);
#5063 = DIRECTION('',(0.,0.,1.));
#5064 = ORIENTED_EDGE('',*,*,#2524,.F.);
#5065 = ORIENTED_EDGE('',*,*,#5025,.F.);
#5066 = PLANE('',#5067);
#5067 = AXIS2_PLACEMENT_3D('',#5068,#5069,#5070);
#5068 = CARTESIAN_POINT('',(-26.12693304105,25.186533479473,-1.));
#5069 = DIRECTION('',(-0.5,-0.866025403784,0.));
#5070 = DIRECTION('',(-0.866025403784,0.5,0.));
#5071 = ADVANCED_FACE('',(#5072),#5078,.T.);
#5072 = FACE_BOUND('',#5073,.T.);
#5073 = EDGE_LOOP('',(#5074,#5075,#5076,#5077));
#5074 = ORIENTED_EDGE('',*,*,#1062,.T.);
#5075 = ORIENTED_EDGE('',*,*,#5044,.T.);
#5076 = ORIENTED_EDGE('',*,*,#2532,.F.);
#5077 = ORIENTED_EDGE('',*,*,#5059,.F.);
#5078 = PLANE('',#5079);
#5079 = AXIS2_PLACEMENT_3D('',#5080,#5081,#5082);
#5080 = CARTESIAN_POINT('',(-26.12693304105,18.186533479473,-1.));
#5081 = DIRECTION('',(-1.,0.,0.));
#5082 = DIRECTION('',(0.,1.,0.));
#5083 = ADVANCED_FACE('',(#5084),#5100,.T.);
#5084 = FACE_BOUND('',#5085,.T.);
#5085 = EDGE_LOOP('',(#5086,#5087,#5093,#5094));
#5086 = ORIENTED_EDGE('',*,*,#1086,.T.);
#5087 = ORIENTED_EDGE('',*,*,#5088,.T.);
#5088 = EDGE_CURVE('',#1089,#2559,#5089,.T.);
#5089 = LINE('',#5090,#5091);
#5090 = CARTESIAN_POINT('',(-30.68911086754,12.08845726812,-1.));
#5091 = VECTOR('',#5092,1.);
#5092 = DIRECTION('',(0.,0.,1.));
#5093 = ORIENTED_EDGE('',*,*,#2556,.F.);
#5094 = ORIENTED_EDGE('',*,*,#5095,.F.);
#5095 = EDGE_CURVE('',#1087,#2557,#5096,.T.);
#5096 = LINE('',#5097,#5098);
#5097 = CARTESIAN_POINT('',(-30.68911086754,5.08845726812,-1.));
#5098 = VECTOR('',#5099,1.);
#5099 = DIRECTION('',(0.,0.,1.));
#5100 = PLANE('',#5101);
#5101 = AXIS2_PLACEMENT_3D('',#5102,#5103,#5104);
#5102 = CARTESIAN_POINT('',(-30.68911086754,12.08845726812,-1.));
#5103 = DIRECTION('',(1.,5.075305255429E-16,0.));
#5104 = DIRECTION('',(5.075305255429E-16,-1.,0.));
#5105 = ADVANCED_FACE('',(#5106),#5117,.T.);
#5106 = FACE_BOUND('',#5107,.T.);
#5107 = EDGE_LOOP('',(#5108,#5109,#5110,#5111));
#5108 = ORIENTED_EDGE('',*,*,#1128,.T.);
#5109 = ORIENTED_EDGE('',*,*,#5095,.T.);
#5110 = ORIENTED_EDGE('',*,*,#2598,.F.);
#5111 = ORIENTED_EDGE('',*,*,#5112,.F.);
#5112 = EDGE_CURVE('',#1121,#2591,#5113,.T.);
#5113 = LINE('',#5114,#5115);
#5114 = CARTESIAN_POINT('',(-24.62693304105,1.58845726812,-1.));
#5115 = VECTOR('',#5116,1.);
#5116 = DIRECTION('',(0.,0.,1.));
#5117 = PLANE('',#5118);
#5118 = AXIS2_PLACEMENT_3D('',#5119,#5120,#5121);
#5119 = CARTESIAN_POINT('',(-30.68911086754,5.08845726812,-1.));
#5120 = DIRECTION('',(0.5,0.866025403784,0.));
#5121 = DIRECTION('',(0.866025403784,-0.5,0.));
#5122 = ADVANCED_FACE('',(#5123),#5134,.T.);
#5123 = FACE_BOUND('',#5124,.T.);
#5124 = EDGE_LOOP('',(#5125,#5126,#5132,#5133));
#5125 = ORIENTED_EDGE('',*,*,#1096,.T.);
#5126 = ORIENTED_EDGE('',*,*,#5127,.T.);
#5127 = EDGE_CURVE('',#1097,#2567,#5128,.T.);
#5128 = LINE('',#5129,#5130);
#5129 = CARTESIAN_POINT('',(-24.62693304105,15.58845726812,-1.));
#5130 = VECTOR('',#5131,1.);
#5131 = DIRECTION('',(0.,0.,1.));
#5132 = ORIENTED_EDGE('',*,*,#2566,.F.);
#5133 = ORIENTED_EDGE('',*,*,#5088,.F.);
#5134 = PLANE('',#5135);
#5135 = AXIS2_PLACEMENT_3D('',#5136,#5137,#5138);
#5136 = CARTESIAN_POINT('',(-24.62693304105,15.58845726812,-1.));
#5137 = DIRECTION('',(0.5,-0.866025403784,0.));
#5138 = DIRECTION('',(-0.866025403784,-0.5,0.));
#5139 = ADVANCED_FACE('',(#5140),#5151,.T.);
#5140 = FACE_BOUND('',#5141,.T.);
#5141 = EDGE_LOOP('',(#5142,#5143,#5144,#5145));
#5142 = ORIENTED_EDGE('',*,*,#1120,.T.);
#5143 = ORIENTED_EDGE('',*,*,#5112,.T.);
#5144 = ORIENTED_EDGE('',*,*,#2590,.F.);
#5145 = ORIENTED_EDGE('',*,*,#5146,.F.);
#5146 = EDGE_CURVE('',#1113,#2583,#5147,.T.);
#5147 = LINE('',#5148,#5149);
#5148 = CARTESIAN_POINT('',(-18.56475521456,5.08845726812,-1.));
#5149 = VECTOR('',#5150,1.);
#5150 = DIRECTION('',(0.,0.,1.));
#5151 = PLANE('',#5152);
#5152 = AXIS2_PLACEMENT_3D('',#5153,#5154,#5155);
#5153 = CARTESIAN_POINT('',(-24.62693304105,1.58845726812,-1.));
#5154 = DIRECTION('',(-0.5,0.866025403784,0.));
#5155 = DIRECTION('',(0.866025403784,0.5,0.));
#5156 = ADVANCED_FACE('',(#5157),#5168,.T.);
#5157 = FACE_BOUND('',#5158,.T.);
#5158 = EDGE_LOOP('',(#5159,#5160,#5166,#5167));
#5159 = ORIENTED_EDGE('',*,*,#1104,.T.);
#5160 = ORIENTED_EDGE('',*,*,#5161,.T.);
#5161 = EDGE_CURVE('',#1105,#2575,#5162,.T.);
#5162 = LINE('',#5163,#5164);
#5163 = CARTESIAN_POINT('',(-18.56475521456,12.08845726812,-1.));
#5164 = VECTOR('',#5165,1.);
#5165 = DIRECTION('',(0.,0.,1.));
#5166 = ORIENTED_EDGE('',*,*,#2574,.F.);
#5167 = ORIENTED_EDGE('',*,*,#5127,.F.);
#5168 = PLANE('',#5169);
#5169 = AXIS2_PLACEMENT_3D('',#5170,#5171,#5172);
#5170 = CARTESIAN_POINT('',(-18.56475521456,12.08845726812,-1.));
#5171 = DIRECTION('',(-0.5,-0.866025403784,0.));
#5172 = DIRECTION('',(-0.866025403784,0.5,0.));
#5173 = ADVANCED_FACE('',(#5174),#5180,.T.);
#5174 = FACE_BOUND('',#5175,.T.);
#5175 = EDGE_LOOP('',(#5176,#5177,#5178,#5179));
#5176 = ORIENTED_EDGE('',*,*,#1112,.T.);
#5177 = ORIENTED_EDGE('',*,*,#5146,.T.);
#5178 = ORIENTED_EDGE('',*,*,#2582,.F.);
#5179 = ORIENTED_EDGE('',*,*,#5161,.F.);
#5180 = PLANE('',#5181);
#5181 = AXIS2_PLACEMENT_3D('',#5182,#5183,#5184);
#5182 = CARTESIAN_POINT('',(-18.56475521456,5.08845726812,-1.));
#5183 = DIRECTION('',(-1.,0.,0.));
#5184 = DIRECTION('',(0.,1.,0.));
#5185 = ADVANCED_FACE('',(#5186),#5197,.F.);
#5186 = FACE_BOUND('',#5187,.F.);
#5187 = EDGE_LOOP('',(#5188,#5189,#5195,#5196));
#5188 = ORIENTED_EDGE('',*,*,#2606,.F.);
#5189 = ORIENTED_EDGE('',*,*,#5190,.F.);
#5190 = EDGE_CURVE('',#1137,#2607,#5191,.T.);
#5191 = LINE('',#5192,#5193);
#5192 = CARTESIAN_POINT('',(-20.92741699797,22.62741699797,-2.));
#5193 = VECTOR('',#5194,1.);
#5194 = DIRECTION('',(0.,0.,1.));
#5195 = ORIENTED_EDGE('',*,*,#1136,.T.);
#5196 = ORIENTED_EDGE('',*,*,#5190,.T.);
#5197 = CYLINDRICAL_SURFACE('',#5198,1.7);
#5198 = AXIS2_PLACEMENT_3D('',#5199,#5200,#5201);
#5199 = CARTESIAN_POINT('',(-22.62741699797,22.62741699797,-2.));
#5200 = DIRECTION('',(0.,0.,1.));
#5201 = DIRECTION('',(1.,0.,0.));
#5202 = ADVANCED_FACE('',(#5203),#5219,.T.);
#5203 = FACE_BOUND('',#5204,.T.);
#5204 = EDGE_LOOP('',(#5205,#5206,#5212,#5213));
#5205 = ORIENTED_EDGE('',*,*,#1147,.T.);
#5206 = ORIENTED_EDGE('',*,*,#5207,.T.);
#5207 = EDGE_CURVE('',#1150,#2620,#5208,.T.);
#5208 = LINE('',#5209,#5210);
#5209 = CARTESIAN_POINT('',(-15.56475521456,38.284609690827,-1.));
#5210 = VECTOR('',#5211,1.);
#5211 = DIRECTION('',(0.,0.,1.));
#5212 = ORIENTED_EDGE('',*,*,#2617,.F.);
#5213 = ORIENTED_EDGE('',*,*,#5214,.F.);
#5214 = EDGE_CURVE('',#1148,#2618,#5215,.T.);
#5215 = LINE('',#5216,#5217);
#5216 = CARTESIAN_POINT('',(-15.56475521456,31.284609690827,-1.));
#5217 = VECTOR('',#5218,1.);
#5218 = DIRECTION('',(0.,0.,1.));
#5219 = PLANE('',#5220);
#5220 = AXIS2_PLACEMENT_3D('',#5221,#5222,#5223);
#5221 = CARTESIAN_POINT('',(-15.56475521456,38.284609690827,-1.));
#5222 = DIRECTION('',(1.,0.,0.));
#5223 = DIRECTION('',(0.,-1.,0.));
#5224 = ADVANCED_FACE('',(#5225),#5236,.T.);
#5225 = FACE_BOUND('',#5226,.T.);
#5226 = EDGE_LOOP('',(#5227,#5228,#5229,#5230));
#5227 = ORIENTED_EDGE('',*,*,#1189,.T.);
#5228 = ORIENTED_EDGE('',*,*,#5214,.T.);
#5229 = ORIENTED_EDGE('',*,*,#2659,.F.);
#5230 = ORIENTED_EDGE('',*,*,#5231,.F.);
#5231 = EDGE_CURVE('',#1182,#2652,#5232,.T.);
#5232 = LINE('',#5233,#5234);
#5233 = CARTESIAN_POINT('',(-9.502577388071,27.784609690827,-1.));
#5234 = VECTOR('',#5235,1.);
#5235 = DIRECTION('',(0.,0.,1.));
#5236 = PLANE('',#5237);
#5237 = AXIS2_PLACEMENT_3D('',#5238,#5239,#5240);
#5238 = CARTESIAN_POINT('',(-15.56475521456,31.284609690827,-1.));
#5239 = DIRECTION('',(0.5,0.866025403784,0.));
#5240 = DIRECTION('',(0.866025403784,-0.5,0.));
#5241 = ADVANCED_FACE('',(#5242),#5253,.T.);
#5242 = FACE_BOUND('',#5243,.T.);
#5243 = EDGE_LOOP('',(#5244,#5245,#5251,#5252));
#5244 = ORIENTED_EDGE('',*,*,#1157,.T.);
#5245 = ORIENTED_EDGE('',*,*,#5246,.T.);
#5246 = EDGE_CURVE('',#1158,#2628,#5247,.T.);
#5247 = LINE('',#5248,#5249);
#5248 = CARTESIAN_POINT('',(-9.502577388071,41.784609690827,-1.));
#5249 = VECTOR('',#5250,1.);
#5250 = DIRECTION('',(0.,0.,1.));
#5251 = ORIENTED_EDGE('',*,*,#2627,.F.);
#5252 = ORIENTED_EDGE('',*,*,#5207,.F.);
#5253 = PLANE('',#5254);
#5254 = AXIS2_PLACEMENT_3D('',#5255,#5256,#5257);
#5255 = CARTESIAN_POINT('',(-9.502577388071,41.784609690827,-1.));
#5256 = DIRECTION('',(0.5,-0.866025403784,0.));
#5257 = DIRECTION('',(-0.866025403784,-0.5,0.));
#5258 = ADVANCED_FACE('',(#5259),#5270,.T.);
#5259 = FACE_BOUND('',#5260,.T.);
#5260 = EDGE_LOOP('',(#5261,#5262,#5263,#5264));
#5261 = ORIENTED_EDGE('',*,*,#1181,.T.);
#5262 = ORIENTED_EDGE('',*,*,#5231,.T.);
#5263 = ORIENTED_EDGE('',*,*,#2651,.F.);
#5264 = ORIENTED_EDGE('',*,*,#5265,.F.);
#5265 = EDGE_CURVE('',#1174,#2644,#5266,.T.);
#5266 = LINE('',#5267,#5268);
#5267 = CARTESIAN_POINT('',(-3.44039956158,31.284609690827,-1.));
#5268 = VECTOR('',#5269,1.);
#5269 = DIRECTION('',(0.,0.,1.));
#5270 = PLANE('',#5271);
#5271 = AXIS2_PLACEMENT_3D('',#5272,#5273,#5274);
#5272 = CARTESIAN_POINT('',(-9.502577388071,27.784609690827,-1.));
#5273 = DIRECTION('',(-0.5,0.866025403784,0.));
#5274 = DIRECTION('',(0.866025403784,0.5,0.));
#5275 = ADVANCED_FACE('',(#5276),#5287,.T.);
#5276 = FACE_BOUND('',#5277,.T.);
#5277 = EDGE_LOOP('',(#5278,#5279,#5285,#5286));
#5278 = ORIENTED_EDGE('',*,*,#1165,.T.);
#5279 = ORIENTED_EDGE('',*,*,#5280,.T.);
#5280 = EDGE_CURVE('',#1166,#2636,#5281,.T.);
#5281 = LINE('',#5282,#5283);
#5282 = CARTESIAN_POINT('',(-3.44039956158,38.284609690827,-1.));
#5283 = VECTOR('',#5284,1.);
#5284 = DIRECTION('',(0.,0.,1.));
#5285 = ORIENTED_EDGE('',*,*,#2635,.F.);
#5286 = ORIENTED_EDGE('',*,*,#5246,.F.);
#5287 = PLANE('',#5288);
#5288 = AXIS2_PLACEMENT_3D('',#5289,#5290,#5291);
#5289 = CARTESIAN_POINT('',(-3.44039956158,38.284609690827,-1.));
#5290 = DIRECTION('',(-0.5,-0.866025403784,0.));
#5291 = DIRECTION('',(-0.866025403784,0.5,0.));
#5292 = ADVANCED_FACE('',(#5293),#5299,.T.);
#5293 = FACE_BOUND('',#5294,.T.);
#5294 = EDGE_LOOP('',(#5295,#5296,#5297,#5298));
#5295 = ORIENTED_EDGE('',*,*,#1173,.T.);
#5296 = ORIENTED_EDGE('',*,*,#5265,.T.);
#5297 = ORIENTED_EDGE('',*,*,#2643,.F.);
#5298 = ORIENTED_EDGE('',*,*,#5280,.F.);
#5299 = PLANE('',#5300);
#5300 = AXIS2_PLACEMENT_3D('',#5301,#5302,#5303);
#5301 = CARTESIAN_POINT('',(-3.44039956158,31.284609690827,-1.));
#5302 = DIRECTION('',(-1.,2.537652627715E-16,0.));
#5303 = DIRECTION('',(2.537652627715E-16,1.,0.));
#5304 = ADVANCED_FACE('',(#5305),#5321,.T.);
#5305 = FACE_BOUND('',#5306,.T.);
#5306 = EDGE_LOOP('',(#5307,#5308,#5314,#5315));
#5307 = ORIENTED_EDGE('',*,*,#1197,.T.);
#5308 = ORIENTED_EDGE('',*,*,#5309,.T.);
#5309 = EDGE_CURVE('',#1200,#2670,#5310,.T.);
#5310 = LINE('',#5311,#5312);
#5311 = CARTESIAN_POINT('',(-8.002577388071,51.38268590218,-1.));
#5312 = VECTOR('',#5313,1.);
#5313 = DIRECTION('',(0.,0.,1.));
#5314 = ORIENTED_EDGE('',*,*,#2667,.F.);
#5315 = ORIENTED_EDGE('',*,*,#5316,.F.);
#5316 = EDGE_CURVE('',#1198,#2668,#5317,.T.);
#5317 = LINE('',#5318,#5319);
#5318 = CARTESIAN_POINT('',(-8.002577388071,44.38268590218,-1.));
#5319 = VECTOR('',#5320,1.);
#5320 = DIRECTION('',(0.,0.,1.));
#5321 = PLANE('',#5322);
#5322 = AXIS2_PLACEMENT_3D('',#5323,#5324,#5325);
#5323 = CARTESIAN_POINT('',(-8.002577388071,51.38268590218,-1.));
#5324 = DIRECTION('',(1.,0.,0.));
#5325 = DIRECTION('',(0.,-1.,0.));
#5326 = ADVANCED_FACE('',(#5327),#5338,.T.);
#5327 = FACE_BOUND('',#5328,.T.);
#5328 = EDGE_LOOP('',(#5329,#5330,#5331,#5332));
#5329 = ORIENTED_EDGE('',*,*,#1239,.T.);
#5330 = ORIENTED_EDGE('',*,*,#5316,.T.);
#5331 = ORIENTED_EDGE('',*,*,#2709,.F.);
#5332 = ORIENTED_EDGE('',*,*,#5333,.F.);
#5333 = EDGE_CURVE('',#1232,#2702,#5334,.T.);
#5334 = LINE('',#5335,#5336);
#5335 = CARTESIAN_POINT('',(-1.94039956158,40.88268590218,-1.));
#5336 = VECTOR('',#5337,1.);
#5337 = DIRECTION('',(0.,0.,1.));
#5338 = PLANE('',#5339);
#5339 = AXIS2_PLACEMENT_3D('',#5340,#5341,#5342);
#5340 = CARTESIAN_POINT('',(-8.002577388071,44.38268590218,-1.));
#5341 = DIRECTION('',(0.5,0.866025403784,0.));
#5342 = DIRECTION('',(0.866025403784,-0.5,0.));
#5343 = ADVANCED_FACE('',(#5344),#5355,.T.);
#5344 = FACE_BOUND('',#5345,.T.);
#5345 = EDGE_LOOP('',(#5346,#5347,#5353,#5354));
#5346 = ORIENTED_EDGE('',*,*,#1207,.T.);
#5347 = ORIENTED_EDGE('',*,*,#5348,.T.);
#5348 = EDGE_CURVE('',#1208,#2678,#5349,.T.);
#5349 = LINE('',#5350,#5351);
#5350 = CARTESIAN_POINT('',(-1.94039956158,54.88268590218,-1.));
#5351 = VECTOR('',#5352,1.);
#5352 = DIRECTION('',(0.,0.,1.));
#5353 = ORIENTED_EDGE('',*,*,#2677,.F.);
#5354 = ORIENTED_EDGE('',*,*,#5309,.F.);
#5355 = PLANE('',#5356);
#5356 = AXIS2_PLACEMENT_3D('',#5357,#5358,#5359);
#5357 = CARTESIAN_POINT('',(-1.94039956158,54.88268590218,-1.));
#5358 = DIRECTION('',(0.5,-0.866025403784,0.));
#5359 = DIRECTION('',(-0.866025403784,-0.5,0.));
#5360 = ADVANCED_FACE('',(#5361),#5372,.T.);
#5361 = FACE_BOUND('',#5362,.T.);
#5362 = EDGE_LOOP('',(#5363,#5364,#5365,#5366));
#5363 = ORIENTED_EDGE('',*,*,#1231,.T.);
#5364 = ORIENTED_EDGE('',*,*,#5333,.T.);
#5365 = ORIENTED_EDGE('',*,*,#2701,.F.);
#5366 = ORIENTED_EDGE('',*,*,#5367,.F.);
#5367 = EDGE_CURVE('',#1224,#2694,#5368,.T.);
#5368 = LINE('',#5369,#5370);
#5369 = CARTESIAN_POINT('',(4.121778264911,44.38268590218,-1.));
#5370 = VECTOR('',#5371,1.);
#5371 = DIRECTION('',(0.,0.,1.));
#5372 = PLANE('',#5373);
#5373 = AXIS2_PLACEMENT_3D('',#5374,#5375,#5376);
#5374 = CARTESIAN_POINT('',(-1.94039956158,40.88268590218,-1.));
#5375 = DIRECTION('',(-0.5,0.866025403784,0.));
#5376 = DIRECTION('',(0.866025403784,0.5,0.));
#5377 = ADVANCED_FACE('',(#5378),#5389,.T.);
#5378 = FACE_BOUND('',#5379,.T.);
#5379 = EDGE_LOOP('',(#5380,#5381,#5387,#5388));
#5380 = ORIENTED_EDGE('',*,*,#1215,.T.);
#5381 = ORIENTED_EDGE('',*,*,#5382,.T.);
#5382 = EDGE_CURVE('',#1216,#2686,#5383,.T.);
#5383 = LINE('',#5384,#5385);
#5384 = CARTESIAN_POINT('',(4.121778264911,51.38268590218,-1.));
#5385 = VECTOR('',#5386,1.);
#5386 = DIRECTION('',(0.,0.,1.));
#5387 = ORIENTED_EDGE('',*,*,#2685,.F.);
#5388 = ORIENTED_EDGE('',*,*,#5348,.F.);
#5389 = PLANE('',#5390);
#5390 = AXIS2_PLACEMENT_3D('',#5391,#5392,#5393);
#5391 = CARTESIAN_POINT('',(4.121778264911,51.38268590218,-1.));
#5392 = DIRECTION('',(-0.5,-0.866025403784,0.));
#5393 = DIRECTION('',(-0.866025403784,0.5,0.));
#5394 = ADVANCED_FACE('',(#5395),#5401,.T.);
#5395 = FACE_BOUND('',#5396,.T.);
#5396 = EDGE_LOOP('',(#5397,#5398,#5399,#5400));
#5397 = ORIENTED_EDGE('',*,*,#1223,.T.);
#5398 = ORIENTED_EDGE('',*,*,#5367,.T.);
#5399 = ORIENTED_EDGE('',*,*,#2693,.F.);
#5400 = ORIENTED_EDGE('',*,*,#5382,.F.);
#5401 = PLANE('',#5402);
#5402 = AXIS2_PLACEMENT_3D('',#5403,#5404,#5405);
#5403 = CARTESIAN_POINT('',(4.121778264911,44.38268590218,-1.));
#5404 = DIRECTION('',(-1.,2.537652627715E-16,0.));
#5405 = DIRECTION('',(2.537652627715E-16,1.,0.));
#5406 = ADVANCED_FACE('',(#5407),#5423,.T.);
#5407 = FACE_BOUND('',#5408,.T.);
#5408 = EDGE_LOOP('',(#5409,#5410,#5416,#5417));
#5409 = ORIENTED_EDGE('',*,*,#1247,.T.);
#5410 = ORIENTED_EDGE('',*,*,#5411,.T.);
#5411 = EDGE_CURVE('',#1250,#2720,#5412,.T.);
#5412 = LINE('',#5413,#5414);
#5413 = CARTESIAN_POINT('',(14.683956091402,12.08845726812,-1.));
#5414 = VECTOR('',#5415,1.);
#5415 = DIRECTION('',(0.,0.,1.));
#5416 = ORIENTED_EDGE('',*,*,#2717,.F.);
#5417 = ORIENTED_EDGE('',*,*,#5418,.F.);
#5418 = EDGE_CURVE('',#1248,#2718,#5419,.T.);
#5419 = LINE('',#5420,#5421);
#5420 = CARTESIAN_POINT('',(14.683956091402,5.08845726812,-1.));
#5421 = VECTOR('',#5422,1.);
#5422 = DIRECTION('',(0.,0.,1.));
#5423 = PLANE('',#5424);
#5424 = AXIS2_PLACEMENT_3D('',#5425,#5426,#5427);
#5425 = CARTESIAN_POINT('',(14.683956091402,12.08845726812,-1.));
#5426 = DIRECTION('',(1.,2.537652627715E-16,0.));
#5427 = DIRECTION('',(2.537652627715E-16,-1.,0.));
#5428 = ADVANCED_FACE('',(#5429),#5440,.T.);
#5429 = FACE_BOUND('',#5430,.T.);
#5430 = EDGE_LOOP('',(#5431,#5432,#5433,#5434));
#5431 = ORIENTED_EDGE('',*,*,#1289,.T.);
#5432 = ORIENTED_EDGE('',*,*,#5418,.T.);
#5433 = ORIENTED_EDGE('',*,*,#2759,.F.);
#5434 = ORIENTED_EDGE('',*,*,#5435,.F.);
#5435 = EDGE_CURVE('',#1282,#2752,#5436,.T.);
#5436 = LINE('',#5437,#5438);
#5437 = CARTESIAN_POINT('',(20.746133917893,1.58845726812,-1.));
#5438 = VECTOR('',#5439,1.);
#5439 = DIRECTION('',(0.,0.,1.));
#5440 = PLANE('',#5441);
#5441 = AXIS2_PLACEMENT_3D('',#5442,#5443,#5444);
#5442 = CARTESIAN_POINT('',(14.683956091402,5.08845726812,-1.));
#5443 = DIRECTION('',(0.5,0.866025403784,0.));
#5444 = DIRECTION('',(0.866025403784,-0.5,0.));
#5445 = ADVANCED_FACE('',(#5446),#5457,.T.);
#5446 = FACE_BOUND('',#5447,.T.);
#5447 = EDGE_LOOP('',(#5448,#5449,#5455,#5456));
#5448 = ORIENTED_EDGE('',*,*,#1257,.T.);
#5449 = ORIENTED_EDGE('',*,*,#5450,.T.);
#5450 = EDGE_CURVE('',#1258,#2728,#5451,.T.);
#5451 = LINE('',#5452,#5453);
#5452 = CARTESIAN_POINT('',(20.746133917893,15.58845726812,-1.));
#5453 = VECTOR('',#5454,1.);
#5454 = DIRECTION('',(0.,0.,1.));
#5455 = ORIENTED_EDGE('',*,*,#2727,.F.);
#5456 = ORIENTED_EDGE('',*,*,#5411,.F.);
#5457 = PLANE('',#5458);
#5458 = AXIS2_PLACEMENT_3D('',#5459,#5460,#5461);
#5459 = CARTESIAN_POINT('',(20.746133917893,15.58845726812,-1.));
#5460 = DIRECTION('',(0.5,-0.866025403784,0.));
#5461 = DIRECTION('',(-0.866025403784,-0.5,0.));
#5462 = ADVANCED_FACE('',(#5463),#5474,.T.);
#5463 = FACE_BOUND('',#5464,.T.);
#5464 = EDGE_LOOP('',(#5465,#5466,#5467,#5468));
#5465 = ORIENTED_EDGE('',*,*,#1281,.T.);
#5466 = ORIENTED_EDGE('',*,*,#5435,.T.);
#5467 = ORIENTED_EDGE('',*,*,#2751,.F.);
#5468 = ORIENTED_EDGE('',*,*,#5469,.F.);
#5469 = EDGE_CURVE('',#1274,#2744,#5470,.T.);
#5470 = LINE('',#5471,#5472);
#5471 = CARTESIAN_POINT('',(26.808311744384,5.08845726812,-1.));
#5472 = VECTOR('',#5473,1.);
#5473 = DIRECTION('',(0.,0.,1.));
#5474 = PLANE('',#5475);
#5475 = AXIS2_PLACEMENT_3D('',#5476,#5477,#5478);
#5476 = CARTESIAN_POINT('',(20.746133917893,1.58845726812,-1.));
#5477 = DIRECTION('',(-0.5,0.866025403784,0.));
#5478 = DIRECTION('',(0.866025403784,0.5,0.));
#5479 = ADVANCED_FACE('',(#5480),#5491,.T.);
#5480 = FACE_BOUND('',#5481,.T.);
#5481 = EDGE_LOOP('',(#5482,#5483,#5489,#5490));
#5482 = ORIENTED_EDGE('',*,*,#1265,.T.);
#5483 = ORIENTED_EDGE('',*,*,#5484,.T.);
#5484 = EDGE_CURVE('',#1266,#2736,#5485,.T.);
#5485 = LINE('',#5486,#5487);
#5486 = CARTESIAN_POINT('',(26.808311744384,12.08845726812,-1.));
#5487 = VECTOR('',#5488,1.);
#5488 = DIRECTION('',(0.,0.,1.));
#5489 = ORIENTED_EDGE('',*,*,#2735,.F.);
#5490 = ORIENTED_EDGE('',*,*,#5450,.F.);
#5491 = PLANE('',#5492);
#5492 = AXIS2_PLACEMENT_3D('',#5493,#5494,#5495);
#5493 = CARTESIAN_POINT('',(26.808311744384,12.08845726812,-1.));
#5494 = DIRECTION('',(-0.5,-0.866025403784,0.));
#5495 = DIRECTION('',(-0.866025403784,0.5,0.));
#5496 = ADVANCED_FACE('',(#5497),#5503,.T.);
#5497 = FACE_BOUND('',#5498,.T.);
#5498 = EDGE_LOOP('',(#5499,#5500,#5501,#5502));
#5499 = ORIENTED_EDGE('',*,*,#1273,.T.);
#5500 = ORIENTED_EDGE('',*,*,#5469,.T.);
#5501 = ORIENTED_EDGE('',*,*,#2743,.F.);
#5502 = ORIENTED_EDGE('',*,*,#5484,.F.);
#5503 = PLANE('',#5504);
#5504 = AXIS2_PLACEMENT_3D('',#5505,#5506,#5507);
#5505 = CARTESIAN_POINT('',(26.808311744384,5.08845726812,-1.));
#5506 = DIRECTION('',(-1.,0.,0.));
#5507 = DIRECTION('',(0.,1.,0.));
#5508 = ADVANCED_FACE('',(#5509),#5525,.T.);
#5509 = FACE_BOUND('',#5510,.T.);
#5510 = EDGE_LOOP('',(#5511,#5512,#5518,#5519));
#5511 = ORIENTED_EDGE('',*,*,#1297,.T.);
#5512 = ORIENTED_EDGE('',*,*,#5513,.T.);
#5513 = EDGE_CURVE('',#1300,#2770,#5514,.T.);
#5514 = LINE('',#5515,#5516);
#5515 = CARTESIAN_POINT('',(7.121778264911,25.186533479473,-1.));
#5516 = VECTOR('',#5517,1.);
#5517 = DIRECTION('',(0.,0.,1.));
#5518 = ORIENTED_EDGE('',*,*,#2767,.F.);
#5519 = ORIENTED_EDGE('',*,*,#5520,.F.);
#5520 = EDGE_CURVE('',#1298,#2768,#5521,.T.);
#5521 = LINE('',#5522,#5523);
#5522 = CARTESIAN_POINT('',(7.121778264911,18.186533479473,-1.));
#5523 = VECTOR('',#5524,1.);
#5524 = DIRECTION('',(0.,0.,1.));
#5525 = PLANE('',#5526);
#5526 = AXIS2_PLACEMENT_3D('',#5527,#5528,#5529);
#5527 = CARTESIAN_POINT('',(7.121778264911,25.186533479473,-1.));
#5528 = DIRECTION('',(1.,1.268826313857E-16,0.));
#5529 = DIRECTION('',(1.268826313857E-16,-1.,0.));
#5530 = ADVANCED_FACE('',(#5531),#5542,.T.);
#5531 = FACE_BOUND('',#5532,.T.);
#5532 = EDGE_LOOP('',(#5533,#5534,#5535,#5536));
#5533 = ORIENTED_EDGE('',*,*,#1339,.T.);
#5534 = ORIENTED_EDGE('',*,*,#5520,.T.);
#5535 = ORIENTED_EDGE('',*,*,#2809,.F.);
#5536 = ORIENTED_EDGE('',*,*,#5537,.F.);
#5537 = EDGE_CURVE('',#1332,#2802,#5538,.T.);
#5538 = LINE('',#5539,#5540);
#5539 = CARTESIAN_POINT('',(13.183956091402,14.686533479473,-1.));
#5540 = VECTOR('',#5541,1.);
#5541 = DIRECTION('',(0.,0.,1.));
#5542 = PLANE('',#5543);
#5543 = AXIS2_PLACEMENT_3D('',#5544,#5545,#5546);
#5544 = CARTESIAN_POINT('',(7.121778264911,18.186533479473,-1.));
#5545 = DIRECTION('',(0.5,0.866025403784,0.));
#5546 = DIRECTION('',(0.866025403784,-0.5,0.));
#5547 = ADVANCED_FACE('',(#5548),#5559,.T.);
#5548 = FACE_BOUND('',#5549,.T.);
#5549 = EDGE_LOOP('',(#5550,#5551,#5557,#5558));
#5550 = ORIENTED_EDGE('',*,*,#1307,.T.);
#5551 = ORIENTED_EDGE('',*,*,#5552,.T.);
#5552 = EDGE_CURVE('',#1308,#2778,#5553,.T.);
#5553 = LINE('',#5554,#5555);
#5554 = CARTESIAN_POINT('',(13.183956091402,28.686533479473,-1.));
#5555 = VECTOR('',#5556,1.);
#5556 = DIRECTION('',(0.,0.,1.));
#5557 = ORIENTED_EDGE('',*,*,#2777,.F.);
#5558 = ORIENTED_EDGE('',*,*,#5513,.F.);
#5559 = PLANE('',#5560);
#5560 = AXIS2_PLACEMENT_3D('',#5561,#5562,#5563);
#5561 = CARTESIAN_POINT('',(13.183956091402,28.686533479473,-1.));
#5562 = DIRECTION('',(0.5,-0.866025403784,0.));
#5563 = DIRECTION('',(-0.866025403784,-0.5,0.));
#5564 = ADVANCED_FACE('',(#5565),#5576,.T.);
#5565 = FACE_BOUND('',#5566,.T.);
#5566 = EDGE_LOOP('',(#5567,#5568,#5569,#5570));
#5567 = ORIENTED_EDGE('',*,*,#1331,.T.);
#5568 = ORIENTED_EDGE('',*,*,#5537,.T.);
#5569 = ORIENTED_EDGE('',*,*,#2801,.F.);
#5570 = ORIENTED_EDGE('',*,*,#5571,.F.);
#5571 = EDGE_CURVE('',#1324,#2794,#5572,.T.);
#5572 = LINE('',#5573,#5574);
#5573 = CARTESIAN_POINT('',(19.246133917893,18.186533479473,-1.));
#5574 = VECTOR('',#5575,1.);
#5575 = DIRECTION('',(0.,0.,1.));
#5576 = PLANE('',#5577);
#5577 = AXIS2_PLACEMENT_3D('',#5578,#5579,#5580);
#5578 = CARTESIAN_POINT('',(13.183956091402,14.686533479473,-1.));
#5579 = DIRECTION('',(-0.5,0.866025403784,0.));
#5580 = DIRECTION('',(0.866025403784,0.5,0.));
#5581 = ADVANCED_FACE('',(#5582),#5593,.T.);
#5582 = FACE_BOUND('',#5583,.T.);
#5583 = EDGE_LOOP('',(#5584,#5585,#5591,#5592));
#5584 = ORIENTED_EDGE('',*,*,#1315,.T.);
#5585 = ORIENTED_EDGE('',*,*,#5586,.T.);
#5586 = EDGE_CURVE('',#1316,#2786,#5587,.T.);
#5587 = LINE('',#5588,#5589);
#5588 = CARTESIAN_POINT('',(19.246133917893,25.186533479473,-1.));
#5589 = VECTOR('',#5590,1.);
#5590 = DIRECTION('',(0.,0.,1.));
#5591 = ORIENTED_EDGE('',*,*,#2785,.F.);
#5592 = ORIENTED_EDGE('',*,*,#5552,.F.);
#5593 = PLANE('',#5594);
#5594 = AXIS2_PLACEMENT_3D('',#5595,#5596,#5597);
#5595 = CARTESIAN_POINT('',(19.246133917893,25.186533479473,-1.));
#5596 = DIRECTION('',(-0.5,-0.866025403784,0.));
#5597 = DIRECTION('',(-0.866025403784,0.5,0.));
#5598 = ADVANCED_FACE('',(#5599),#5605,.T.);
#5599 = FACE_BOUND('',#5600,.T.);
#5600 = EDGE_LOOP('',(#5601,#5602,#5603,#5604));
#5601 = ORIENTED_EDGE('',*,*,#1323,.T.);
#5602 = ORIENTED_EDGE('',*,*,#5571,.T.);
#5603 = ORIENTED_EDGE('',*,*,#2793,.F.);
#5604 = ORIENTED_EDGE('',*,*,#5586,.F.);
#5605 = PLANE('',#5606);
#5606 = AXIS2_PLACEMENT_3D('',#5607,#5608,#5609);
#5607 = CARTESIAN_POINT('',(19.246133917893,18.186533479473,-1.));
#5608 = DIRECTION('',(-1.,0.,0.));
#5609 = DIRECTION('',(0.,1.,0.));
#5610 = ADVANCED_FACE('',(#5611),#5622,.F.);
#5611 = FACE_BOUND('',#5612,.F.);
#5612 = EDGE_LOOP('',(#5613,#5614,#5620,#5621));
#5613 = ORIENTED_EDGE('',*,*,#2817,.F.);
#5614 = ORIENTED_EDGE('',*,*,#5615,.F.);
#5615 = EDGE_CURVE('',#1348,#2818,#5616,.T.);
#5616 = LINE('',#5617,#5618);
#5617 = CARTESIAN_POINT('',(24.32741699797,22.62741699797,-2.));
#5618 = VECTOR('',#5619,1.);
#5619 = DIRECTION('',(0.,0.,1.));
#5620 = ORIENTED_EDGE('',*,*,#1347,.T.);
#5621 = ORIENTED_EDGE('',*,*,#5615,.T.);
#5622 = CYLINDRICAL_SURFACE('',#5623,1.7);
#5623 = AXIS2_PLACEMENT_3D('',#5624,#5625,#5626);
#5624 = CARTESIAN_POINT('',(22.62741699797,22.62741699797,-2.));
#5625 = DIRECTION('',(0.,0.,1.));
#5626 = DIRECTION('',(1.,0.,0.));
#5627 = ADVANCED_FACE('',(#5628),#5644,.T.);
#5628 = FACE_BOUND('',#5629,.T.);
#5629 = EDGE_LOOP('',(#5630,#5631,#5637,#5638));
#5630 = ORIENTED_EDGE('',*,*,#1358,.T.);
#5631 = ORIENTED_EDGE('',*,*,#5632,.T.);
#5632 = EDGE_CURVE('',#1361,#2831,#5633,.T.);
#5633 = LINE('',#5634,#5635);
#5634 = CARTESIAN_POINT('',(29.808311744384,12.08845726812,-1.));
#5635 = VECTOR('',#5636,1.);
#5636 = DIRECTION('',(0.,0.,1.));
#5637 = ORIENTED_EDGE('',*,*,#2828,.F.);
#5638 = ORIENTED_EDGE('',*,*,#5639,.F.);
#5639 = EDGE_CURVE('',#1359,#2829,#5640,.T.);
#5640 = LINE('',#5641,#5642);
#5641 = CARTESIAN_POINT('',(29.808311744384,5.08845726812,-1.));
#5642 = VECTOR('',#5643,1.);
#5643 = DIRECTION('',(0.,0.,1.));
#5644 = PLANE('',#5645);
#5645 = AXIS2_PLACEMENT_3D('',#5646,#5647,#5648);
#5646 = CARTESIAN_POINT('',(29.808311744384,12.08845726812,-1.));
#5647 = DIRECTION('',(1.,5.075305255429E-16,0.));
#5648 = DIRECTION('',(5.075305255429E-16,-1.,0.));
#5649 = ADVANCED_FACE('',(#5650),#5661,.T.);
#5650 = FACE_BOUND('',#5651,.T.);
#5651 = EDGE_LOOP('',(#5652,#5653,#5654,#5655));
#5652 = ORIENTED_EDGE('',*,*,#1400,.T.);
#5653 = ORIENTED_EDGE('',*,*,#5639,.T.);
#5654 = ORIENTED_EDGE('',*,*,#2870,.F.);
#5655 = ORIENTED_EDGE('',*,*,#5656,.F.);
#5656 = EDGE_CURVE('',#1393,#2863,#5657,.T.);
#5657 = LINE('',#5658,#5659);
#5658 = CARTESIAN_POINT('',(35.870489570875,1.58845726812,-1.));
#5659 = VECTOR('',#5660,1.);
#5660 = DIRECTION('',(0.,0.,1.));
#5661 = PLANE('',#5662);
#5662 = AXIS2_PLACEMENT_3D('',#5663,#5664,#5665);
#5663 = CARTESIAN_POINT('',(29.808311744384,5.08845726812,-1.));
#5664 = DIRECTION('',(0.5,0.866025403784,0.));
#5665 = DIRECTION('',(0.866025403784,-0.5,0.));
#5666 = ADVANCED_FACE('',(#5667),#5678,.T.);
#5667 = FACE_BOUND('',#5668,.T.);
#5668 = EDGE_LOOP('',(#5669,#5670,#5676,#5677));
#5669 = ORIENTED_EDGE('',*,*,#1368,.T.);
#5670 = ORIENTED_EDGE('',*,*,#5671,.T.);
#5671 = EDGE_CURVE('',#1369,#2839,#5672,.T.);
#5672 = LINE('',#5673,#5674);
#5673 = CARTESIAN_POINT('',(35.870489570875,15.58845726812,-1.));
#5674 = VECTOR('',#5675,1.);
#5675 = DIRECTION('',(0.,0.,1.));
#5676 = ORIENTED_EDGE('',*,*,#2838,.F.);
#5677 = ORIENTED_EDGE('',*,*,#5632,.F.);
#5678 = PLANE('',#5679);
#5679 = AXIS2_PLACEMENT_3D('',#5680,#5681,#5682);
#5680 = CARTESIAN_POINT('',(35.870489570875,15.58845726812,-1.));
#5681 = DIRECTION('',(0.5,-0.866025403784,0.));
#5682 = DIRECTION('',(-0.866025403784,-0.5,0.));
#5683 = ADVANCED_FACE('',(#5684),#5695,.T.);
#5684 = FACE_BOUND('',#5685,.T.);
#5685 = EDGE_LOOP('',(#5686,#5687,#5688,#5689));
#5686 = ORIENTED_EDGE('',*,*,#1392,.T.);
#5687 = ORIENTED_EDGE('',*,*,#5656,.T.);
#5688 = ORIENTED_EDGE('',*,*,#2862,.F.);
#5689 = ORIENTED_EDGE('',*,*,#5690,.F.);
#5690 = EDGE_CURVE('',#1385,#2855,#5691,.T.);
#5691 = LINE('',#5692,#5693);
#5692 = CARTESIAN_POINT('',(41.932667397366,5.08845726812,-1.));
#5693 = VECTOR('',#5694,1.);
#5694 = DIRECTION('',(0.,0.,1.));
#5695 = PLANE('',#5696);
#5696 = AXIS2_PLACEMENT_3D('',#5697,#5698,#5699);
#5697 = CARTESIAN_POINT('',(35.870489570875,1.58845726812,-1.));
#5698 = DIRECTION('',(-0.5,0.866025403784,0.));
#5699 = DIRECTION('',(0.866025403784,0.5,0.));
#5700 = ADVANCED_FACE('',(#5701),#5712,.T.);
#5701 = FACE_BOUND('',#5702,.T.);
#5702 = EDGE_LOOP('',(#5703,#5704,#5710,#5711));
#5703 = ORIENTED_EDGE('',*,*,#1376,.T.);
#5704 = ORIENTED_EDGE('',*,*,#5705,.T.);
#5705 = EDGE_CURVE('',#1377,#2847,#5706,.T.);
#5706 = LINE('',#5707,#5708);
#5707 = CARTESIAN_POINT('',(41.932667397366,12.08845726812,-1.));
#5708 = VECTOR('',#5709,1.);
#5709 = DIRECTION('',(0.,0.,1.));
#5710 = ORIENTED_EDGE('',*,*,#2846,.F.);
#5711 = ORIENTED_EDGE('',*,*,#5671,.F.);
#5712 = PLANE('',#5713);
#5713 = AXIS2_PLACEMENT_3D('',#5714,#5715,#5716);
#5714 = CARTESIAN_POINT('',(41.932667397366,12.08845726812,-1.));
#5715 = DIRECTION('',(-0.5,-0.866025403784,0.));
#5716 = DIRECTION('',(-0.866025403784,0.5,0.));
#5717 = ADVANCED_FACE('',(#5718),#5724,.T.);
#5718 = FACE_BOUND('',#5719,.T.);
#5719 = EDGE_LOOP('',(#5720,#5721,#5722,#5723));
#5720 = ORIENTED_EDGE('',*,*,#1384,.T.);
#5721 = ORIENTED_EDGE('',*,*,#5690,.T.);
#5722 = ORIENTED_EDGE('',*,*,#2854,.F.);
#5723 = ORIENTED_EDGE('',*,*,#5705,.F.);
#5724 = PLANE('',#5725);
#5725 = AXIS2_PLACEMENT_3D('',#5726,#5727,#5728);
#5726 = CARTESIAN_POINT('',(41.932667397366,5.08845726812,-1.));
#5727 = DIRECTION('',(-1.,1.015061051086E-15,0.));
#5728 = DIRECTION('',(1.015061051086E-15,1.,0.));
#5729 = ADVANCED_FACE('',(#5730),#5746,.T.);
#5730 = FACE_BOUND('',#5731,.T.);
#5731 = EDGE_LOOP('',(#5732,#5733,#5739,#5740));
#5732 = ORIENTED_EDGE('',*,*,#1408,.T.);
#5733 = ORIENTED_EDGE('',*,*,#5734,.T.);
#5734 = EDGE_CURVE('',#1411,#2881,#5735,.T.);
#5735 = LINE('',#5736,#5737);
#5736 = CARTESIAN_POINT('',(37.370489570875,25.186533479473,-1.));
#5737 = VECTOR('',#5738,1.);
#5738 = DIRECTION('',(0.,0.,1.));
#5739 = ORIENTED_EDGE('',*,*,#2878,.F.);
#5740 = ORIENTED_EDGE('',*,*,#5741,.F.);
#5741 = EDGE_CURVE('',#1409,#2879,#5742,.T.);
#5742 = LINE('',#5743,#5744);
#5743 = CARTESIAN_POINT('',(37.370489570875,18.186533479473,-1.));
#5744 = VECTOR('',#5745,1.);
#5745 = DIRECTION('',(0.,0.,1.));
#5746 = PLANE('',#5747);
#5747 = AXIS2_PLACEMENT_3D('',#5748,#5749,#5750);
#5748 = CARTESIAN_POINT('',(37.370489570875,25.186533479473,-1.));
#5749 = DIRECTION('',(1.,0.,0.));
#5750 = DIRECTION('',(0.,-1.,0.));
#5751 = ADVANCED_FACE('',(#5752),#5763,.T.);
#5752 = FACE_BOUND('',#5753,.T.);
#5753 = EDGE_LOOP('',(#5754,#5755,#5756,#5757));
#5754 = ORIENTED_EDGE('',*,*,#1450,.T.);
#5755 = ORIENTED_EDGE('',*,*,#5741,.T.);
#5756 = ORIENTED_EDGE('',*,*,#2920,.F.);
#5757 = ORIENTED_EDGE('',*,*,#5758,.F.);
#5758 = EDGE_CURVE('',#1443,#2913,#5759,.T.);
#5759 = LINE('',#5760,#5761);
#5760 = CARTESIAN_POINT('',(43.432667397366,14.686533479473,-1.));
#5761 = VECTOR('',#5762,1.);
#5762 = DIRECTION('',(0.,0.,1.));
#5763 = PLANE('',#5764);
#5764 = AXIS2_PLACEMENT_3D('',#5765,#5766,#5767);
#5765 = CARTESIAN_POINT('',(37.370489570875,18.186533479473,-1.));
#5766 = DIRECTION('',(0.5,0.866025403784,0.));
#5767 = DIRECTION('',(0.866025403784,-0.5,0.));
#5768 = ADVANCED_FACE('',(#5769),#5780,.T.);
#5769 = FACE_BOUND('',#5770,.T.);
#5770 = EDGE_LOOP('',(#5771,#5772,#5778,#5779));
#5771 = ORIENTED_EDGE('',*,*,#1418,.T.);
#5772 = ORIENTED_EDGE('',*,*,#5773,.T.);
#5773 = EDGE_CURVE('',#1419,#2889,#5774,.T.);
#5774 = LINE('',#5775,#5776);
#5775 = CARTESIAN_POINT('',(43.432667397366,28.686533479473,-1.));
#5776 = VECTOR('',#5777,1.);
#5777 = DIRECTION('',(0.,0.,1.));
#5778 = ORIENTED_EDGE('',*,*,#2888,.F.);
#5779 = ORIENTED_EDGE('',*,*,#5734,.F.);
#5780 = PLANE('',#5781);
#5781 = AXIS2_PLACEMENT_3D('',#5782,#5783,#5784);
#5782 = CARTESIAN_POINT('',(43.432667397366,28.686533479473,-1.));
#5783 = DIRECTION('',(0.5,-0.866025403784,0.));
#5784 = DIRECTION('',(-0.866025403784,-0.5,0.));
#5785 = ADVANCED_FACE('',(#5786),#5797,.T.);
#5786 = FACE_BOUND('',#5787,.T.);
#5787 = EDGE_LOOP('',(#5788,#5789,#5790,#5791));
#5788 = ORIENTED_EDGE('',*,*,#1442,.T.);
#5789 = ORIENTED_EDGE('',*,*,#5758,.T.);
#5790 = ORIENTED_EDGE('',*,*,#2912,.F.);
#5791 = ORIENTED_EDGE('',*,*,#5792,.F.);
#5792 = EDGE_CURVE('',#1435,#2905,#5793,.T.);
#5793 = LINE('',#5794,#5795);
#5794 = CARTESIAN_POINT('',(49.494845223857,18.186533479473,-1.));
#5795 = VECTOR('',#5796,1.);
#5796 = DIRECTION('',(0.,0.,1.));
#5797 = PLANE('',#5798);
#5798 = AXIS2_PLACEMENT_3D('',#5799,#5800,#5801);
#5799 = CARTESIAN_POINT('',(43.432667397366,14.686533479473,-1.));
#5800 = DIRECTION('',(-0.5,0.866025403784,0.));
#5801 = DIRECTION('',(0.866025403784,0.5,0.));
#5802 = ADVANCED_FACE('',(#5803),#5814,.T.);
#5803 = FACE_BOUND('',#5804,.T.);
#5804 = EDGE_LOOP('',(#5805,#5806,#5812,#5813));
#5805 = ORIENTED_EDGE('',*,*,#1426,.T.);
#5806 = ORIENTED_EDGE('',*,*,#5807,.T.);
#5807 = EDGE_CURVE('',#1427,#2897,#5808,.T.);
#5808 = LINE('',#5809,#5810);
#5809 = CARTESIAN_POINT('',(49.494845223857,25.186533479473,-1.));
#5810 = VECTOR('',#5811,1.);
#5811 = DIRECTION('',(0.,0.,1.));
#5812 = ORIENTED_EDGE('',*,*,#2896,.F.);
#5813 = ORIENTED_EDGE('',*,*,#5773,.F.);
#5814 = PLANE('',#5815);
#5815 = AXIS2_PLACEMENT_3D('',#5816,#5817,#5818);
#5816 = CARTESIAN_POINT('',(49.494845223857,25.186533479473,-1.));
#5817 = DIRECTION('',(-0.5,-0.866025403784,0.));
#5818 = DIRECTION('',(-0.866025403784,0.5,0.));
#5819 = ADVANCED_FACE('',(#5820),#5826,.T.);
#5820 = FACE_BOUND('',#5821,.T.);
#5821 = EDGE_LOOP('',(#5822,#5823,#5824,#5825));
#5822 = ORIENTED_EDGE('',*,*,#1434,.T.);
#5823 = ORIENTED_EDGE('',*,*,#5792,.T.);
#5824 = ORIENTED_EDGE('',*,*,#2904,.F.);
#5825 = ORIENTED_EDGE('',*,*,#5807,.F.);
#5826 = PLANE('',#5827);
#5827 = AXIS2_PLACEMENT_3D('',#5828,#5829,#5830);
#5828 = CARTESIAN_POINT('',(49.494845223857,18.186533479473,-1.));
#5829 = DIRECTION('',(-1.,1.015061051086E-15,0.));
#5830 = DIRECTION('',(1.015061051086E-15,1.,0.));
#5831 = ADVANCED_FACE('',(#5832),#5848,.T.);
#5832 = FACE_BOUND('',#5833,.T.);
#5833 = EDGE_LOOP('',(#5834,#5835,#5841,#5842));
#5834 = ORIENTED_EDGE('',*,*,#1458,.T.);
#5835 = ORIENTED_EDGE('',*,*,#5836,.T.);
#5836 = EDGE_CURVE('',#1461,#2931,#5837,.T.);
#5837 = LINE('',#5838,#5839);
#5838 = CARTESIAN_POINT('',(-0.44039956158,38.284609690827,-1.));
#5839 = VECTOR('',#5840,1.);
#5840 = DIRECTION('',(0.,0.,1.));
#5841 = ORIENTED_EDGE('',*,*,#2928,.F.);
#5842 = ORIENTED_EDGE('',*,*,#5843,.F.);
#5843 = EDGE_CURVE('',#1459,#2929,#5844,.T.);
#5844 = LINE('',#5845,#5846);
#5845 = CARTESIAN_POINT('',(-0.44039956158,31.284609690827,-1.));
#5846 = VECTOR('',#5847,1.);
#5847 = DIRECTION('',(0.,0.,1.));
#5848 = PLANE('',#5849);
#5849 = AXIS2_PLACEMENT_3D('',#5850,#5851,#5852);
#5850 = CARTESIAN_POINT('',(-0.44039956158,38.284609690827,-1.));
#5851 = DIRECTION('',(1.,1.268826313857E-16,0.));
#5852 = DIRECTION('',(1.268826313857E-16,-1.,0.));
#5853 = ADVANCED_FACE('',(#5854),#5865,.T.);
#5854 = FACE_BOUND('',#5855,.T.);
#5855 = EDGE_LOOP('',(#5856,#5857,#5858,#5859));
#5856 = ORIENTED_EDGE('',*,*,#1500,.T.);
#5857 = ORIENTED_EDGE('',*,*,#5843,.T.);
#5858 = ORIENTED_EDGE('',*,*,#2970,.F.);
#5859 = ORIENTED_EDGE('',*,*,#5860,.F.);
#5860 = EDGE_CURVE('',#1493,#2963,#5861,.T.);
#5861 = LINE('',#5862,#5863);
#5862 = CARTESIAN_POINT('',(5.621778264911,27.784609690827,-1.));
#5863 = VECTOR('',#5864,1.);
#5864 = DIRECTION('',(0.,0.,1.));
#5865 = PLANE('',#5866);
#5866 = AXIS2_PLACEMENT_3D('',#5867,#5868,#5869);
#5867 = CARTESIAN_POINT('',(-0.44039956158,31.284609690827,-1.));
#5868 = DIRECTION('',(0.5,0.866025403784,0.));
#5869 = DIRECTION('',(0.866025403784,-0.5,0.));
#5870 = ADVANCED_FACE('',(#5871),#5882,.T.);
#5871 = FACE_BOUND('',#5872,.T.);
#5872 = EDGE_LOOP('',(#5873,#5874,#5880,#5881));
#5873 = ORIENTED_EDGE('',*,*,#1468,.T.);
#5874 = ORIENTED_EDGE('',*,*,#5875,.T.);
#5875 = EDGE_CURVE('',#1469,#2939,#5876,.T.);
#5876 = LINE('',#5877,#5878);
#5877 = CARTESIAN_POINT('',(5.621778264911,41.784609690827,-1.));
#5878 = VECTOR('',#5879,1.);
#5879 = DIRECTION('',(0.,0.,1.));
#5880 = ORIENTED_EDGE('',*,*,#2938,.F.);
#5881 = ORIENTED_EDGE('',*,*,#5836,.F.);
#5882 = PLANE('',#5883);
#5883 = AXIS2_PLACEMENT_3D('',#5884,#5885,#5886);
#5884 = CARTESIAN_POINT('',(5.621778264911,41.784609690827,-1.));
#5885 = DIRECTION('',(0.5,-0.866025403784,0.));
#5886 = DIRECTION('',(-0.866025403784,-0.5,0.));
#5887 = ADVANCED_FACE('',(#5888),#5899,.T.);
#5888 = FACE_BOUND('',#5889,.T.);
#5889 = EDGE_LOOP('',(#5890,#5891,#5892,#5893));
#5890 = ORIENTED_EDGE('',*,*,#1492,.T.);
#5891 = ORIENTED_EDGE('',*,*,#5860,.T.);
#5892 = ORIENTED_EDGE('',*,*,#2962,.F.);
#5893 = ORIENTED_EDGE('',*,*,#5894,.F.);
#5894 = EDGE_CURVE('',#1485,#2955,#5895,.T.);
#5895 = LINE('',#5896,#5897);
#5896 = CARTESIAN_POINT('',(11.683956091402,31.284609690827,-1.));
#5897 = VECTOR('',#5898,1.);
#5898 = DIRECTION('',(0.,0.,1.));
#5899 = PLANE('',#5900);
#5900 = AXIS2_PLACEMENT_3D('',#5901,#5902,#5903);
#5901 = CARTESIAN_POINT('',(5.621778264911,27.784609690827,-1.));
#5902 = DIRECTION('',(-0.5,0.866025403784,0.));
#5903 = DIRECTION('',(0.866025403784,0.5,0.));
#5904 = ADVANCED_FACE('',(#5905),#5916,.T.);
#5905 = FACE_BOUND('',#5906,.T.);
#5906 = EDGE_LOOP('',(#5907,#5908,#5914,#5915));
#5907 = ORIENTED_EDGE('',*,*,#1476,.T.);
#5908 = ORIENTED_EDGE('',*,*,#5909,.T.);
#5909 = EDGE_CURVE('',#1477,#2947,#5910,.T.);
#5910 = LINE('',#5911,#5912);
#5911 = CARTESIAN_POINT('',(11.683956091402,38.284609690827,-1.));
#5912 = VECTOR('',#5913,1.);
#5913 = DIRECTION('',(0.,0.,1.));
#5914 = ORIENTED_EDGE('',*,*,#2946,.F.);
#5915 = ORIENTED_EDGE('',*,*,#5875,.F.);
#5916 = PLANE('',#5917);
#5917 = AXIS2_PLACEMENT_3D('',#5918,#5919,#5920);
#5918 = CARTESIAN_POINT('',(11.683956091402,38.284609690827,-1.));
#5919 = DIRECTION('',(-0.5,-0.866025403784,0.));
#5920 = DIRECTION('',(-0.866025403784,0.5,0.));
#5921 = ADVANCED_FACE('',(#5922),#5928,.T.);
#5922 = FACE_BOUND('',#5923,.T.);
#5923 = EDGE_LOOP('',(#5924,#5925,#5926,#5927));
#5924 = ORIENTED_EDGE('',*,*,#1484,.T.);
#5925 = ORIENTED_EDGE('',*,*,#5894,.T.);
#5926 = ORIENTED_EDGE('',*,*,#2954,.F.);
#5927 = ORIENTED_EDGE('',*,*,#5909,.F.);
#5928 = PLANE('',#5929);
#5929 = AXIS2_PLACEMENT_3D('',#5930,#5931,#5932);
#5930 = CARTESIAN_POINT('',(11.683956091402,31.284609690827,-1.));
#5931 = DIRECTION('',(-1.,0.,0.));
#5932 = DIRECTION('',(0.,1.,0.));
#5933 = ( GEOMETRIC_REPRESENTATION_CONTEXT(3) 
GLOBAL_UNCERTAINTY_ASSIGNED_CONTEXT((#5937)) 
GLOBAL_UNIT_ASSIGNED_CONTEXT((#5934,#5935,#5936)) REPRESENTATION_CONTEXT
('Context #1','3D Context with UNIT and UNCERTAINTY') );
#5934 = ( LENGTH_UNIT() NAMED_UNIT(*) SI_UNIT(.MILLI.,.METRE.) );
#5935 = ( NAMED_UNIT(*) PLANE_ANGLE_UNIT() SI_UNIT($,.RADIAN.) );
#5936 = ( NAMED_UNIT(*) SI_UNIT($,.STERADIAN.) SOLID_ANGLE_UNIT() );
#5937 = UNCERTAINTY_MEASURE_WITH_UNIT(LENGTH_MEASURE(2.E-07),#5934,
  'distance_accuracy_value','confusion accuracy');
#5938 = PRODUCT_RELATED_PRODUCT_CATEGORY('part',$,(#7));
ENDSEC;
END-ISO-10303-21;
