ISO-10303-21;
HEADER;
FILE_DESCRIPTION(('FreeCAD Model'),'2;1');
FILE_NAME('Open CASCADE Shape Model','2026-08-14T11:04:36',('FreeCAD'),(
    'FreeCAD'),'Open CASCADE STEP processor 7.8','FreeCAD','Unknown');
FILE_SCHEMA(('AUTOMOTIVE_DESIGN { 1 0 10303 214 1 1 1 1 }'));
ENDSEC;
DATA;
#1 = APPLICATION_PROTOCOL_DEFINITION('international standard',
  'automotive_design',2000,#2);
#2 = APPLICATION_CONTEXT(
  'core data for automotive mechanical design processes');
#3 = SHAPE_DEFINITION_REPRESENTATION(#4,#10);
#4 = PRODUCT_DEFINITION_SHAPE('','',#5);
#5 = PRODUCT_DEFINITION('design','',#6,#9);
#6 = PRODUCT_DEFINITION_FORMATION('','',#7);
#7 = PRODUCT('Open CASCADE STEP translator 7.8 1',
  'Open CASCADE STEP translator 7.8 1','',(#8));
#8 = PRODUCT_CONTEXT('',#2,'mechanical');
#9 = PRODUCT_DEFINITION_CONTEXT('part definition',#2,'design');
#10 = ADVANCED_BREP_SHAPE_REPRESENTATION('',(#11,#15),#13656);
#11 = AXIS2_PLACEMENT_3D('',#12,#13,#14);
#12 = CARTESIAN_POINT('',(0.,0.,0.));
#13 = DIRECTION('',(0.,0.,1.));
#14 = DIRECTION('',(1.,0.,-0.));
#15 = MANIFOLD_SOLID_BREP('',#16);
#16 = CLOSED_SHELL('',(#17,#57,#3269,#3293,#6642,#6659,#6676,#6693,#6710
    ,#6727,#6744,#6763,#6780,#6797,#6814,#6831,#6848,#6865,#6882,#6899,
    #6916,#6933,#6950,#6967,#6984,#7001,#7018,#7035,#7052,#7069,#7086,
    #7103,#7120,#7137,#7154,#7171,#7188,#7205,#7222,#7239,#7256,#7273,
    #7290,#7307,#7324,#7341,#7358,#7375,#7392,#7409,#7426,#7443,#7460,
    #7477,#7494,#7513,#7530,#7549,#7566,#7583,#7600,#7617,#7634,#7651,
    #7668,#7685,#7702,#7719,#7736,#7753,#7770,#7787,#7804,#7821,#7838,
    #7855,#7872,#7889,#7906,#7923,#7940,#7957,#7974,#7991,#8008,#8025,
    #8042,#8059,#8076,#8093,#8110,#8127,#8144,#8161,#8178,#8195,#8212,
    #8229,#8248,#8265,#8282,#8299,#8316,#8333,#8350,#8367,#8386,#8403,
    #8420,#8437,#8454,#8471,#8488,#8505,#8522,#8539,#8556,#8573,#8590,
    #8607,#8624,#8641,#8658,#8675,#8692,#8709,#8726,#8743,#8760,#8777,
    #8794,#8811,#8828,#8845,#8862,#8879,#8896,#8913,#8930,#8947,#8964,
    #8981,#8998,#9015,#9032,#9049,#9066,#9083,#9100,#9117,#9134,#9151,
    #9168,#9185,#9202,#9219,#9236,#9253,#9270,#9287,#9304,#9316,#9333,
    #9350,#9367,#9384,#9401,#9418,#9435,#9457,#9474,#9491,#9508,#9525,
    #9537,#9559,#9576,#9593,#9610,#9627,#9639,#9661,#9678,#9695,#9712,
    #9729,#9741,#9758,#9780,#9797,#9814,#9831,#9848,#9860,#9882,#9899,
    #9916,#9933,#9950,#9962,#9984,#10001,#10018,#10035,#10052,#10064,
    #10086,#10103,#10120,#10137,#10154,#10166,#10188,#10205,#10222,
    #10239,#10256,#10268,#10285,#10302,#10319,#10344,#10369,#10386,
    #10403,#10425,#10442,#10459,#10476,#10493,#10505,#10527,#10544,
    #10561,#10578,#10595,#10607,#10629,#10646,#10663,#10680,#10697,
    #10709,#10731,#10748,#10765,#10782,#10799,#10811,#10833,#10850,
    #10867,#10884,#10901,#10913,#10930,#10952,#10969,#10986,#11003,
    #11020,#11032,#11054,#11071,#11088,#11105,#11122,#11134,#11156,
    #11173,#11190,#11207,#11224,#11236,#11253,#11270,#11287,#11304,
    #11321,#11346,#11371,#11393,#11410,#11427,#11444,#11461,#11473,
    #11495,#11512,#11529,#11546,#11563,#11575,#11597,#11614,#11631,
    #11648,#11665,#11677,#11694,#11716,#11733,#11750,#11767,#11784,
    #11796,#11818,#11835,#11852,#11869,#11886,#11898,#11920,#11937,
    #11954,#11971,#11988,#12000,#12022,#12039,#12056,#12073,#12090,
    #12102,#12119,#12136,#12153,#12170,#12187,#12209,#12226,#12243,
    #12260,#12277,#12289,#12311,#12328,#12345,#12362,#12379,#12391,
    #12413,#12430,#12447,#12464,#12481,#12493,#12515,#12532,#12549,
    #12566,#12583,#12595,#12612,#12634,#12651,#12668,#12685,#12702,
    #12714,#12736,#12753,#12770,#12787,#12804,#12816,#12833,#12850,
    #12867,#12892,#12917,#12934,#12951,#12968,#12985,#13002,#13033,
    #13058,#13083,#13107,#13131,#13156,#13181,#13198,#13229,#13254,
    #13279,#13303,#13327,#13352,#13377,#13394,#13425,#13450,#13475,
    #13499,#13523,#13548,#13573,#13590,#13612,#13634));
#17 = ADVANCED_FACE('',(#18),#52,.F.);
#18 = FACE_BOUND('',#19,.F.);
#19 = EDGE_LOOP('',(#20,#30,#38,#46));
#20 = ORIENTED_EDGE('',*,*,#21,.F.);
#21 = EDGE_CURVE('',#22,#24,#26,.T.);
#22 = VERTEX_POINT('',#23);
#23 = CARTESIAN_POINT('',(50.776050973685,-12.51224674486,0.));
#24 = VERTEX_POINT('',#25);
#25 = CARTESIAN_POINT('',(54.1885398547,-12.4240687376,0.));
#26 = LINE('',#27,#28);
#27 = CARTESIAN_POINT('',(31.9,-13.,0.));
#28 = VECTOR('',#29,1.);
#29 = DIRECTION('',(0.99966631963,2.583117104987E-02,0.));
#30 = ORIENTED_EDGE('',*,*,#31,.F.);
#31 = EDGE_CURVE('',#32,#22,#34,.T.);
#32 = VERTEX_POINT('',#33);
#33 = CARTESIAN_POINT('',(50.776050973685,-12.51224674486,6.));
#34 = LINE('',#35,#36);
#35 = CARTESIAN_POINT('',(50.776050973685,-12.51224674486,0.));
#36 = VECTOR('',#37,1.);
#37 = DIRECTION('',(0.,0.,-1.));
#38 = ORIENTED_EDGE('',*,*,#39,.T.);
#39 = EDGE_CURVE('',#32,#40,#42,.T.);
#40 = VERTEX_POINT('',#41);
#41 = CARTESIAN_POINT('',(54.1885398547,-12.4240687376,6.));
#42 = LINE('',#43,#44);
#43 = CARTESIAN_POINT('',(31.9,-13.,6.));
#44 = VECTOR('',#45,1.);
#45 = DIRECTION('',(0.99966631963,2.583117104987E-02,0.));
#46 = ORIENTED_EDGE('',*,*,#47,.T.);
#47 = EDGE_CURVE('',#40,#24,#48,.T.);
#48 = LINE('',#49,#50);
#49 = CARTESIAN_POINT('',(54.1885398547,-12.4240687376,-0.5));
#50 = VECTOR('',#51,1.);
#51 = DIRECTION('',(0.,0.,-1.));
#52 = PLANE('',#53);
#53 = AXIS2_PLACEMENT_3D('',#54,#55,#56);
#54 = CARTESIAN_POINT('',(31.9,-13.,0.));
#55 = DIRECTION('',(-2.583117104987E-02,0.99966631963,0.));
#56 = DIRECTION('',(0.99966631963,2.583117104987E-02,0.));
#57 = ADVANCED_FACE('',(#58,#1374,#1385,#1396,#1407,#1418,#1429,#1440,
    #1451,#1501,#1551,#1601,#1612,#1662,#1712,#1762,#1812,#1862,#1873,
    #1884,#1895,#1906,#1917,#1928,#1939,#1989,#2039,#2089,#2139,#2189,
    #2200,#2250,#2300,#2350,#2361,#2372,#2383,#2394,#2405,#2416,#2427,
    #2477,#2527,#2577,#2588,#2638,#2688,#2738,#2788,#2799,#2810,#2821,
    #2832,#2843,#2893,#2943,#2993,#3043,#3054,#3104,#3154,#3165,#3176,
    #3187,#3198,#3209,#3220,#3231,#3242,#3253),#3264,.T.);
#58 = FACE_BOUND('',#59,.T.);
#59 = EDGE_LOOP('',(#60,#61,#69,#77,#85,#93,#101,#109,#117,#125,#133,
    #141,#149,#157,#165,#173,#181,#189,#197,#205,#213,#221,#229,#237,
    #245,#253,#261,#269,#278,#287,#295,#303,#311,#319,#327,#335,#343,
    #351,#359,#367,#375,#383,#391,#399,#407,#415,#423,#431,#439,#447,
    #455,#463,#471,#479,#487,#496,#505,#513,#521,#529,#537,#545,#553,
    #561,#569,#577,#585,#593,#601,#609,#617,#625,#633,#641,#649,#657,
    #665,#673,#681,#689,#697,#705,#713,#721,#729,#737,#745,#753,#761,
    #769,#778,#786,#794,#802,#810,#818,#826,#834,#842,#850,#858,#866,
    #874,#882,#890,#898,#906,#914,#922,#930,#938,#946,#954,#962,#970,
    #979,#988,#996,#1004,#1012,#1020,#1028,#1036,#1044,#1052,#1060,#1068
    ,#1076,#1084,#1092,#1100,#1108,#1116,#1124,#1132,#1140,#1149,#1158,
    #1166,#1174,#1182,#1190,#1198,#1206,#1214,#1222,#1230,#1238,#1246,
    #1254,#1262,#1270,#1278,#1286,#1294,#1302,#1310,#1318,#1326,#1334,
    #1343,#1352,#1360,#1368));
#60 = ORIENTED_EDGE('',*,*,#21,.F.);
#61 = ORIENTED_EDGE('',*,*,#62,.F.);
#62 = EDGE_CURVE('',#63,#22,#65,.T.);
#63 = VERTEX_POINT('',#64);
#64 = CARTESIAN_POINT('',(46.370489570875,-20.14290293039,0.));
#65 = LINE('',#66,#67);
#66 = CARTESIAN_POINT('',(29.,-50.22947341949,0.));
#67 = VECTOR('',#68,1.);
#68 = DIRECTION('',(0.5,0.866025403784,0.));
#69 = ORIENTED_EDGE('',*,*,#70,.T.);
#70 = EDGE_CURVE('',#63,#71,#73,.T.);
#71 = VERTEX_POINT('',#72);
#72 = CARTESIAN_POINT('',(46.370489570875,-15.20577136594,0.));
#73 = LINE('',#74,#75);
#74 = CARTESIAN_POINT('',(46.370489570875,-11.10288568297,0.));
#75 = VECTOR('',#76,1.);
#76 = DIRECTION('',(1.015061051086E-15,1.,0.));
#77 = ORIENTED_EDGE('',*,*,#78,.T.);
#78 = EDGE_CURVE('',#71,#79,#81,.T.);
#79 = VERTEX_POINT('',#80);
#80 = CARTESIAN_POINT('',(40.308311744384,-11.70577136594,0.));
#81 = LINE('',#82,#83);
#82 = CARTESIAN_POINT('',(26.107243059692,-3.506780538053,
    1.110223024625E-16));
#83 = VECTOR('',#84,1.);
#84 = DIRECTION('',(-0.866025403784,0.5,0.));
#85 = ORIENTED_EDGE('',*,*,#86,.T.);
#86 = EDGE_CURVE('',#79,#87,#89,.T.);
#87 = VERTEX_POINT('',#88);
#88 = CARTESIAN_POINT('',(34.246133917893,-15.20577136594,0.));
#89 = LINE('',#90,#91);
#90 = CARTESIAN_POINT('',(28.144901833345,-18.72831935234,
    1.110223024625E-16));
#91 = VECTOR('',#92,1.);
#92 = DIRECTION('',(-0.866025403784,-0.5,0.));
#93 = ORIENTED_EDGE('',*,*,#94,.T.);
#94 = EDGE_CURVE('',#87,#95,#97,.T.);
#95 = VERTEX_POINT('',#96);
#96 = CARTESIAN_POINT('',(34.246133917893,-22.20577136594,0.));
#97 = LINE('',#98,#99);
#98 = CARTESIAN_POINT('',(34.246133917893,-7.60288568297,0.));
#99 = VECTOR('',#100,1.);
#100 = DIRECTION('',(0.,-1.,0.));
#101 = ORIENTED_EDGE('',*,*,#102,.T.);
#102 = EDGE_CURVE('',#95,#103,#105,.T.);
#103 = VERTEX_POINT('',#104);
#104 = CARTESIAN_POINT('',(40.308311744384,-25.70577136594,0.));
#105 = LINE('',#106,#107);
#106 = CARTESIAN_POINT('',(17.013976319956,-12.25678053805,
    1.110223024625E-16));
#107 = VECTOR('',#108,1.);
#108 = DIRECTION('',(0.866025403784,-0.5,0.));
#109 = ORIENTED_EDGE('',*,*,#110,.T.);
#110 = EDGE_CURVE('',#103,#111,#113,.T.);
#111 = VERTEX_POINT('',#112);
#112 = CARTESIAN_POINT('',(44.583993101029,-23.23720558371,0.));
#113 = LINE('',#114,#115);
#114 = CARTESIAN_POINT('',(31.175990746591,-30.97831935234,0.));
#115 = VECTOR('',#116,1.);
#116 = DIRECTION('',(0.866025403784,0.5,0.));
#117 = ORIENTED_EDGE('',*,*,#118,.F.);
#118 = EDGE_CURVE('',#119,#111,#121,.T.);
#119 = VERTEX_POINT('',#120);
#120 = CARTESIAN_POINT('',(38.808311744384,-33.24097914175,0.));
#121 = LINE('',#122,#123);
#122 = CARTESIAN_POINT('',(29.,-50.22947341949,0.));
#123 = VECTOR('',#124,1.);
#124 = DIRECTION('',(0.5,0.866025403784,0.));
#125 = ORIENTED_EDGE('',*,*,#126,.T.);
#126 = EDGE_CURVE('',#119,#127,#129,.T.);
#127 = VERTEX_POINT('',#128);
#128 = CARTESIAN_POINT('',(38.808311744384,-28.30384757729,0.));
#129 = LINE('',#130,#131);
#130 = CARTESIAN_POINT('',(38.808311744384,-17.65192378864,0.));
#131 = VECTOR('',#132,1.);
#132 = DIRECTION('',(1.015061051086E-15,1.,0.));
#133 = ORIENTED_EDGE('',*,*,#134,.T.);
#134 = EDGE_CURVE('',#127,#135,#137,.T.);
#135 = VERTEX_POINT('',#136);
#136 = CARTESIAN_POINT('',(32.746133917893,-24.80384757729,0.));
#137 = LINE('',#138,#139);
#138 = CARTESIAN_POINT('',(18.545065233201,-16.6048567494,
    1.110223024625E-16));
#139 = VECTOR('',#140,1.);
#140 = DIRECTION('',(-0.866025403784,0.5,0.));
#141 = ORIENTED_EDGE('',*,*,#142,.T.);
#142 = EDGE_CURVE('',#135,#143,#145,.T.);
#143 = VERTEX_POINT('',#144);
#144 = CARTESIAN_POINT('',(26.683956091402,-28.30384757729,0.));
#145 = LINE('',#146,#147);
#146 = CARTESIAN_POINT('',(26.254357376722,-28.55187651085,
    1.110223024625E-16));
#147 = VECTOR('',#148,1.);
#148 = DIRECTION('',(-0.866025403784,-0.5,0.));
#149 = ORIENTED_EDGE('',*,*,#150,.T.);
#150 = EDGE_CURVE('',#143,#151,#153,.T.);
#151 = VERTEX_POINT('',#152);
#152 = CARTESIAN_POINT('',(26.683956091402,-35.30384757729,0.));
#153 = LINE('',#154,#155);
#154 = CARTESIAN_POINT('',(26.683956091402,-14.15192378864,0.));
#155 = VECTOR('',#156,1.);
#156 = DIRECTION('',(5.075305255429E-16,-1.,0.));
#157 = ORIENTED_EDGE('',*,*,#158,.T.);
#158 = EDGE_CURVE('',#151,#159,#161,.T.);
#159 = VERTEX_POINT('',#160);
#160 = CARTESIAN_POINT('',(32.746133917893,-38.80384757729,0.));
#161 = LINE('',#162,#163);
#162 = CARTESIAN_POINT('',(9.451798493465,-25.3548567494,0.));
#163 = VECTOR('',#164,1.);
#164 = DIRECTION('',(0.866025403784,-0.5,0.));
#165 = ORIENTED_EDGE('',*,*,#166,.T.);
#166 = EDGE_CURVE('',#159,#167,#169,.T.);
#167 = VERTEX_POINT('',#168);
#168 = CARTESIAN_POINT('',(37.021815274538,-36.33528179506,0.));
#169 = LINE('',#170,#171);
#170 = CARTESIAN_POINT('',(29.285446289968,-40.80187651085,
    1.110223024625E-16));
#171 = VECTOR('',#172,1.);
#172 = DIRECTION('',(0.866025403784,0.5,0.));
#173 = ORIENTED_EDGE('',*,*,#174,.F.);
#174 = EDGE_CURVE('',#175,#167,#177,.T.);
#175 = VERTEX_POINT('',#176);
#176 = CARTESIAN_POINT('',(36.223949026315,-37.71722667463,0.));
#177 = LINE('',#178,#179);
#178 = CARTESIAN_POINT('',(29.,-50.22947341949,0.));
#179 = VECTOR('',#180,1.);
#180 = DIRECTION('',(0.5,0.866025403784,0.));
#181 = ORIENTED_EDGE('',*,*,#182,.F.);
#182 = EDGE_CURVE('',#183,#175,#185,.T.);
#183 = VERTEX_POINT('',#184);
#184 = CARTESIAN_POINT('',(37.27573673498,-39.65278178666,0.));
#185 = LINE('',#186,#187);
#186 = CARTESIAN_POINT('',(82.660254037844,-123.17175976,0.));
#187 = VECTOR('',#188,1.);
#188 = DIRECTION('',(-0.477462709476,0.878652013632,0.));
#189 = ORIENTED_EDGE('',*,*,#190,.T.);
#190 = EDGE_CURVE('',#183,#191,#193,.T.);
#191 = VERTEX_POINT('',#192);
#192 = CARTESIAN_POINT('',(34.246133917893,-41.40192378864,0.));
#193 = LINE('',#194,#195);
#194 = CARTESIAN_POINT('',(33.816535203213,-41.64995272221,
    1.110223024625E-16));
#195 = VECTOR('',#196,1.);
#196 = DIRECTION('',(-0.866025403784,-0.5,0.));
#197 = ORIENTED_EDGE('',*,*,#198,.T.);
#198 = EDGE_CURVE('',#191,#199,#201,.T.);
#199 = VERTEX_POINT('',#200);
#200 = CARTESIAN_POINT('',(34.246133917893,-48.40192378864,0.));
#201 = LINE('',#202,#203);
#202 = CARTESIAN_POINT('',(34.246133917893,-20.70096189432,0.));
#203 = VECTOR('',#204,1.);
#204 = DIRECTION('',(0.,-1.,0.));
#205 = ORIENTED_EDGE('',*,*,#206,.T.);
#206 = EDGE_CURVE('',#199,#207,#209,.T.);
#207 = VERTEX_POINT('',#208);
#208 = CARTESIAN_POINT('',(40.308311744384,-51.90192378864,0.));
#209 = LINE('',#210,#211);
#210 = CARTESIAN_POINT('',(11.342342950087,-35.17841390792,
    1.110223024625E-16));
#211 = VECTOR('',#212,1.);
#212 = DIRECTION('',(0.866025403784,-0.5,0.));
#213 = ORIENTED_EDGE('',*,*,#214,.T.);
#214 = EDGE_CURVE('',#207,#215,#217,.T.);
#215 = VERTEX_POINT('',#216);
#216 = CARTESIAN_POINT('',(43.066596732014,-50.30942720853,0.));
#217 = LINE('',#218,#219);
#218 = CARTESIAN_POINT('',(36.847624116459,-53.89995272221,
    1.110223024625E-16));
#219 = VECTOR('',#220,1.);
#220 = DIRECTION('',(0.866025403784,0.5,0.));
#221 = ORIENTED_EDGE('',*,*,#222,.F.);
#222 = EDGE_CURVE('',#223,#215,#225,.T.);
#223 = VERTEX_POINT('',#224);
#224 = CARTESIAN_POINT('',(44.499462979782,-52.94626310981,0.));
#225 = LINE('',#226,#227);
#226 = CARTESIAN_POINT('',(82.660254037844,-123.17175976,0.));
#227 = VECTOR('',#228,1.);
#228 = DIRECTION('',(-0.477462709476,0.878652013632,0.));
#229 = ORIENTED_EDGE('',*,*,#230,.T.);
#230 = EDGE_CURVE('',#223,#231,#233,.T.);
#231 = VERTEX_POINT('',#232);
#232 = CARTESIAN_POINT('',(41.808311744384,-54.5,0.));
#233 = LINE('',#234,#235);
#234 = CARTESIAN_POINT('',(41.378713029704,-54.74802893356,
    1.110223024625E-16));
#235 = VECTOR('',#236,1.);
#236 = DIRECTION('',(-0.866025403784,-0.5,0.));
#237 = ORIENTED_EDGE('',*,*,#238,.T.);
#238 = EDGE_CURVE('',#231,#239,#241,.T.);
#239 = VERTEX_POINT('',#240);
#240 = CARTESIAN_POINT('',(41.808311744384,-61.5,0.));
#241 = LINE('',#242,#243);
#242 = CARTESIAN_POINT('',(41.808311744384,-27.25,0.));
#243 = VECTOR('',#244,1.);
#244 = DIRECTION('',(0.,-1.,0.));
#245 = ORIENTED_EDGE('',*,*,#246,.T.);
#246 = EDGE_CURVE('',#239,#247,#249,.T.);
#247 = VERTEX_POINT('',#248);
#248 = CARTESIAN_POINT('',(47.870489570875,-65.,0.));
#249 = LINE('',#250,#251);
#250 = CARTESIAN_POINT('',(13.23288740671,-45.00197106643,
    1.110223024625E-16));
#251 = VECTOR('',#252,1.);
#252 = DIRECTION('',(0.866025403784,-0.5,0.));
#253 = ORIENTED_EDGE('',*,*,#254,.T.);
#254 = EDGE_CURVE('',#247,#255,#257,.T.);
#255 = VERTEX_POINT('',#256);
#256 = CARTESIAN_POINT('',(50.290322976816,-63.60290853168,0.));
#257 = LINE('',#258,#259);
#258 = CARTESIAN_POINT('',(44.40980194295,-66.99802893356,
    1.110223024625E-16));
#259 = VECTOR('',#260,1.);
#260 = DIRECTION('',(0.866025403784,0.5,0.));
#261 = ORIENTED_EDGE('',*,*,#262,.F.);
#262 = EDGE_CURVE('',#263,#255,#265,.T.);
#263 = VERTEX_POINT('',#264);
#264 = CARTESIAN_POINT('',(76.218402637552,-111.317125687,0.));
#265 = LINE('',#266,#267);
#266 = CARTESIAN_POINT('',(82.660254037844,-123.17175976,0.));
#267 = VECTOR('',#268,1.);
#268 = DIRECTION('',(-0.477462709476,0.878652013632,0.));
#269 = ORIENTED_EDGE('',*,*,#270,.F.);
#270 = EDGE_CURVE('',#271,#263,#273,.T.);
#271 = VERTEX_POINT('',#272);
#272 = CARTESIAN_POINT('',(91.,-128.17175976,0.));
#273 = CIRCLE('',#274,17.);
#274 = AXIS2_PLACEMENT_3D('',#275,#276,#277);
#275 = CARTESIAN_POINT('',(74.,-128.17175976,0.));
#276 = DIRECTION('',(0.,0.,1.));
#277 = DIRECTION('',(1.,0.,0.));
#278 = ORIENTED_EDGE('',*,*,#279,.F.);
#279 = EDGE_CURVE('',#280,#271,#282,.T.);
#280 = VERTEX_POINT('',#281);
#281 = CARTESIAN_POINT('',(58.294257402439,-121.6656357634,0.));
#282 = CIRCLE('',#283,17.);
#283 = AXIS2_PLACEMENT_3D('',#284,#285,#286);
#284 = CARTESIAN_POINT('',(74.,-128.17175976,0.));
#285 = DIRECTION('',(0.,0.,1.));
#286 = DIRECTION('',(1.,0.,0.));
#287 = ORIENTED_EDGE('',*,*,#288,.F.);
#288 = EDGE_CURVE('',#289,#280,#291,.T.);
#289 = VERTEX_POINT('',#290);
#290 = CARTESIAN_POINT('',(22.03594364643,-62.45148042873,0.));
#291 = LINE('',#292,#293);
#292 = CARTESIAN_POINT('',(4.691669750802,-34.12621038072,0.));
#293 = VECTOR('',#294,1.);
#294 = DIRECTION('',(0.522203610154,-0.852820842582,0.));
#295 = ORIENTED_EDGE('',*,*,#296,.T.);
#296 = EDGE_CURVE('',#289,#297,#299,.T.);
#297 = VERTEX_POINT('',#298);
#298 = CARTESIAN_POINT('',(23.683956091402,-61.5,0.));
#299 = LINE('',#300,#301);
#300 = CARTESIAN_POINT('',(25.504357376722,-60.44899082788,0.));
#301 = VECTOR('',#302,1.);
#302 = DIRECTION('',(0.866025403784,0.5,0.));
#303 = ORIENTED_EDGE('',*,*,#304,.T.);
#304 = EDGE_CURVE('',#297,#305,#307,.T.);
#305 = VERTEX_POINT('',#306);
#306 = CARTESIAN_POINT('',(23.683956091402,-54.5,0.));
#307 = LINE('',#308,#309);
#308 = CARTESIAN_POINT('',(23.683956091402,-30.75,0.));
#309 = VECTOR('',#310,1.);
#310 = DIRECTION('',(0.,1.,0.));
#311 = ORIENTED_EDGE('',*,*,#312,.T.);
#312 = EDGE_CURVE('',#305,#313,#315,.T.);
#313 = VERTEX_POINT('',#314);
#314 = CARTESIAN_POINT('',(17.621778264911,-51.,0.));
#315 = LINE('',#316,#317);
#316 = CARTESIAN_POINT('',(3.420709580219,-42.80100917211,0.));
#317 = VECTOR('',#318,1.);
#318 = DIRECTION('',(-0.866025403784,0.5,0.));
#319 = ORIENTED_EDGE('',*,*,#320,.T.);
#320 = EDGE_CURVE('',#313,#321,#323,.T.);
#321 = VERTEX_POINT('',#322);
#322 = CARTESIAN_POINT('',(15.702447990482,-52.1081258506,0.));
#323 = LINE('',#324,#325);
#324 = CARTESIAN_POINT('',(22.473268463477,-48.19899082788,0.));
#325 = VECTOR('',#326,1.);
#326 = DIRECTION('',(-0.866025403784,-0.5,0.));
#327 = ORIENTED_EDGE('',*,*,#328,.F.);
#328 = EDGE_CURVE('',#329,#321,#331,.T.);
#329 = VERTEX_POINT('',#330);
#330 = CARTESIAN_POINT('',(14.552101947369,-50.22947341949,0.));
#331 = LINE('',#332,#333);
#332 = CARTESIAN_POINT('',(4.691669750802,-34.12621038072,0.));
#333 = VECTOR('',#334,1.);
#334 = DIRECTION('',(0.522203610154,-0.852820842582,0.));
#335 = ORIENTED_EDGE('',*,*,#336,.F.);
#336 = EDGE_CURVE('',#337,#329,#339,.T.);
#337 = VERTEX_POINT('',#338);
#338 = CARTESIAN_POINT('',(12.956369450923,-50.22947341949,0.));
#339 = LINE('',#340,#341);
#340 = CARTESIAN_POINT('',(-29.,-50.22947341949,0.));
#341 = VECTOR('',#342,1.);
#342 = DIRECTION('',(1.,-2.45014736469E-16,0.));
#343 = ORIENTED_EDGE('',*,*,#344,.T.);
#344 = EDGE_CURVE('',#337,#345,#347,.T.);
#345 = VERTEX_POINT('',#346);
#346 = CARTESIAN_POINT('',(16.121778264911,-48.40192378864,0.));
#347 = LINE('',#348,#349);
#348 = CARTESIAN_POINT('',(17.942179550231,-47.35091461653,0.));
#349 = VECTOR('',#350,1.);
#350 = DIRECTION('',(0.866025403784,0.5,0.));
#351 = ORIENTED_EDGE('',*,*,#352,.T.);
#352 = EDGE_CURVE('',#345,#353,#355,.T.);
#353 = VERTEX_POINT('',#354);
#354 = CARTESIAN_POINT('',(16.121778264911,-41.40192378864,0.));
#355 = LINE('',#356,#357);
#356 = CARTESIAN_POINT('',(16.121778264911,-24.20096189432,0.));
#357 = VECTOR('',#358,1.);
#358 = DIRECTION('',(0.,1.,0.));
#359 = ORIENTED_EDGE('',*,*,#360,.T.);
#360 = EDGE_CURVE('',#353,#361,#363,.T.);
#361 = VERTEX_POINT('',#362);
#362 = CARTESIAN_POINT('',(10.05960043842,-37.90192378864,0.));
#363 = LINE('',#364,#365);
#364 = CARTESIAN_POINT('',(1.530165123596,-32.97745201359,0.));
#365 = VECTOR('',#366,1.);
#366 = DIRECTION('',(-0.866025403784,0.5,0.));
#367 = ORIENTED_EDGE('',*,*,#368,.T.);
#368 = EDGE_CURVE('',#361,#369,#371,.T.);
#369 = VERTEX_POINT('',#370);
#370 = CARTESIAN_POINT('',(3.997422611929,-41.40192378864,0.));
#371 = LINE('',#372,#373);
#372 = CARTESIAN_POINT('',(14.911090636986,-35.10091461653,0.));
#373 = VECTOR('',#374,1.);
#374 = DIRECTION('',(-0.866025403784,-0.5,0.));
#375 = ORIENTED_EDGE('',*,*,#376,.T.);
#376 = EDGE_CURVE('',#369,#377,#379,.T.);
#377 = VERTEX_POINT('',#378);
#378 = CARTESIAN_POINT('',(3.997422611929,-48.40192378864,0.));
#379 = LINE('',#380,#381);
#380 = CARTESIAN_POINT('',(3.997422611929,-20.70096189432,0.));
#381 = VECTOR('',#382,1.);
#382 = DIRECTION('',(1.268826313857E-16,-1.,0.));
#383 = ORIENTED_EDGE('',*,*,#384,.T.);
#384 = EDGE_CURVE('',#377,#385,#387,.T.);
#385 = VERTEX_POINT('',#386);
#386 = CARTESIAN_POINT('',(7.162831425916,-50.22947341949,0.));
#387 = LINE('',#388,#389);
#388 = CARTESIAN_POINT('',(-7.56310161614,-41.72745201359,0.));
#389 = VECTOR('',#390,1.);
#390 = DIRECTION('',(0.866025403784,-0.5,0.));
#391 = ORIENTED_EDGE('',*,*,#392,.F.);
#392 = EDGE_CURVE('',#393,#385,#395,.T.);
#393 = VERTEX_POINT('',#394);
#394 = CARTESIAN_POINT('',(-2.167986202059,-50.22947341949,0.));
#395 = LINE('',#396,#397);
#396 = CARTESIAN_POINT('',(-29.,-50.22947341949,0.));
#397 = VECTOR('',#398,1.);
#398 = DIRECTION('',(1.,-2.45014736469E-16,0.));
#399 = ORIENTED_EDGE('',*,*,#400,.T.);
#400 = EDGE_CURVE('',#393,#401,#403,.T.);
#401 = VERTEX_POINT('',#402);
#402 = CARTESIAN_POINT('',(0.997422611929,-48.40192378864,0.));
#403 = LINE('',#404,#405);
#404 = CARTESIAN_POINT('',(8.489457267117,-44.07639556369,0.));
#405 = VECTOR('',#406,1.);
#406 = DIRECTION('',(0.866025403784,0.5,0.));
#407 = ORIENTED_EDGE('',*,*,#408,.T.);
#408 = EDGE_CURVE('',#401,#409,#411,.T.);
#409 = VERTEX_POINT('',#410);
#410 = CARTESIAN_POINT('',(0.997422611929,-41.40192378864,0.));
#411 = LINE('',#412,#413);
#412 = CARTESIAN_POINT('',(0.997422611929,-24.20096189432,0.));
#413 = VECTOR('',#414,1.);
#414 = DIRECTION('',(2.537652627715E-16,1.,0.));
#415 = ORIENTED_EDGE('',*,*,#416,.T.);
#416 = EDGE_CURVE('',#409,#417,#419,.T.);
#417 = VERTEX_POINT('',#418);
#418 = CARTESIAN_POINT('',(-5.064755214563,-37.90192378864,0.));
#419 = LINE('',#420,#421);
#420 = CARTESIAN_POINT('',(-7.922557159518,-36.25197106643,
    1.110223024625E-16));
#421 = VECTOR('',#422,1.);
#422 = DIRECTION('',(-0.866025403784,0.5,0.));
#423 = ORIENTED_EDGE('',*,*,#424,.T.);
#424 = EDGE_CURVE('',#417,#425,#427,.T.);
#425 = VERTEX_POINT('',#426);
#426 = CARTESIAN_POINT('',(-11.12693304105,-41.40192378864,0.));
#427 = LINE('',#428,#429);
#428 = CARTESIAN_POINT('',(5.458368353872,-31.82639556369,0.));
#429 = VECTOR('',#430,1.);
#430 = DIRECTION('',(-0.866025403784,-0.5,0.));
#431 = ORIENTED_EDGE('',*,*,#432,.T.);
#432 = EDGE_CURVE('',#425,#433,#435,.T.);
#433 = VERTEX_POINT('',#434);
#434 = CARTESIAN_POINT('',(-11.12693304105,-48.40192378864,0.));
#435 = LINE('',#436,#437);
#436 = CARTESIAN_POINT('',(-11.12693304105,-20.70096189432,0.));
#437 = VECTOR('',#438,1.);
#438 = DIRECTION('',(0.,-1.,0.));
#439 = ORIENTED_EDGE('',*,*,#440,.T.);
#440 = EDGE_CURVE('',#433,#441,#443,.T.);
#441 = VERTEX_POINT('',#442);
#442 = CARTESIAN_POINT('',(-7.961524227066,-50.22947341949,0.));
#443 = LINE('',#444,#445);
#444 = CARTESIAN_POINT('',(-17.01582389925,-45.00197106643,
    1.110223024625E-16));
#445 = VECTOR('',#446,1.);
#446 = DIRECTION('',(0.866025403784,-0.5,0.));
#447 = ORIENTED_EDGE('',*,*,#448,.F.);
#448 = EDGE_CURVE('',#449,#441,#451,.T.);
#449 = VERTEX_POINT('',#450);
#450 = CARTESIAN_POINT('',(-14.55210194736,-50.22947341949,0.));
#451 = LINE('',#452,#453);
#452 = CARTESIAN_POINT('',(-29.,-50.22947341949,0.));
#453 = VECTOR('',#454,1.);
#454 = DIRECTION('',(1.,-2.45014736469E-16,0.));
#455 = ORIENTED_EDGE('',*,*,#456,.F.);
#456 = EDGE_CURVE('',#457,#449,#459,.T.);
#457 = VERTEX_POINT('',#458);
#458 = CARTESIAN_POINT('',(-16.33471078222,-53.14068647695,0.));
#459 = LINE('',#460,#461);
#460 = CARTESIAN_POINT('',(-65.33974596215,-133.17175976,0.));
#461 = VECTOR('',#462,1.);
#462 = DIRECTION('',(0.522203610154,0.852820842582,0.));
#463 = ORIENTED_EDGE('',*,*,#464,.T.);
#464 = EDGE_CURVE('',#457,#465,#467,.T.);
#465 = VERTEX_POINT('',#466);
#466 = CARTESIAN_POINT('',(-18.68911086754,-54.5,0.));
#467 = LINE('',#468,#469);
#468 = CARTESIAN_POINT('',(3.567823897249,-41.64995272221,0.));
#469 = VECTOR('',#470,1.);
#470 = DIRECTION('',(-0.866025403784,-0.5,0.));
#471 = ORIENTED_EDGE('',*,*,#472,.T.);
#472 = EDGE_CURVE('',#465,#473,#475,.T.);
#473 = VERTEX_POINT('',#474);
#474 = CARTESIAN_POINT('',(-18.68911086754,-56.98570291403,0.));
#475 = LINE('',#476,#477);
#476 = CARTESIAN_POINT('',(-18.68911086754,-27.25,0.));
#477 = VECTOR('',#478,1.);
#478 = DIRECTION('',(0.,-1.,0.));
#479 = ORIENTED_EDGE('',*,*,#480,.F.);
#480 = EDGE_CURVE('',#481,#473,#483,.T.);
#481 = VERTEX_POINT('',#482);
#482 = CARTESIAN_POINT('',(-58.29425740243,-121.6656357634,0.));
#483 = LINE('',#484,#485);
#484 = CARTESIAN_POINT('',(-65.33974596215,-133.17175976,0.));
#485 = VECTOR('',#486,1.);
#486 = DIRECTION('',(0.522203610154,0.852820842582,0.));
#487 = ORIENTED_EDGE('',*,*,#488,.F.);
#488 = EDGE_CURVE('',#489,#481,#491,.T.);
#489 = VERTEX_POINT('',#490);
#490 = CARTESIAN_POINT('',(-57.,-128.17175976,0.));
#491 = CIRCLE('',#492,17.);
#492 = AXIS2_PLACEMENT_3D('',#493,#494,#495);
#493 = CARTESIAN_POINT('',(-74.,-128.17175976,0.));
#494 = DIRECTION('',(0.,0.,1.));
#495 = DIRECTION('',(1.,0.,0.));
#496 = ORIENTED_EDGE('',*,*,#497,.F.);
#497 = EDGE_CURVE('',#498,#489,#500,.T.);
#498 = VERTEX_POINT('',#499);
#499 = CARTESIAN_POINT('',(-76.21840263755,-111.317125687,0.));
#500 = CIRCLE('',#501,17.);
#501 = AXIS2_PLACEMENT_3D('',#502,#503,#504);
#502 = CARTESIAN_POINT('',(-74.,-128.17175976,0.));
#503 = DIRECTION('',(0.,0.,1.));
#504 = DIRECTION('',(1.,0.,0.));
#505 = ORIENTED_EDGE('',*,*,#506,.F.);
#506 = EDGE_CURVE('',#507,#498,#509,.T.);
#507 = VERTEX_POINT('',#508);
#508 = CARTESIAN_POINT('',(-48.9378221735,-61.11396535208,0.));
#509 = LINE('',#510,#511);
#510 = CARTESIAN_POINT('',(-27.20833024919,-21.12621038072,0.));
#511 = VECTOR('',#512,1.);
#512 = DIRECTION('',(-0.477462709476,-0.878652013632,0.));
#513 = ORIENTED_EDGE('',*,*,#514,.T.);
#514 = EDGE_CURVE('',#507,#515,#517,.T.);
#515 = VERTEX_POINT('',#516);
#516 = CARTESIAN_POINT('',(-48.9378221735,-61.5,0.));
#517 = LINE('',#518,#519);
#518 = CARTESIAN_POINT('',(-48.9378221735,-27.25,0.));
#519 = VECTOR('',#520,1.);
#520 = DIRECTION('',(0.,-1.,0.));
#521 = ORIENTED_EDGE('',*,*,#522,.T.);
#522 = EDGE_CURVE('',#515,#523,#525,.T.);
#523 = VERTEX_POINT('',#524);
#524 = CARTESIAN_POINT('',(-42.87564434701,-65.,0.));
#525 = LINE('',#526,#527);
#526 = CARTESIAN_POINT('',(-43.48344629197,-64.64908538346,
    1.110223024625E-16));
#527 = VECTOR('',#528,1.);
#528 = DIRECTION('',(0.866025403784,-0.5,0.));
#529 = ORIENTED_EDGE('',*,*,#530,.T.);
#530 = EDGE_CURVE('',#523,#531,#533,.T.);
#531 = VERTEX_POINT('',#532);
#532 = CARTESIAN_POINT('',(-36.81346652052,-61.5,0.));
#533 = LINE('',#534,#535);
#534 = CARTESIAN_POINT('',(-12.30653175573,-47.35091461653,
    1.110223024625E-16));
#535 = VECTOR('',#536,1.);
#536 = DIRECTION('',(0.866025403784,0.5,0.));
#537 = ORIENTED_EDGE('',*,*,#538,.T.);
#538 = EDGE_CURVE('',#531,#539,#541,.T.);
#539 = VERTEX_POINT('',#540);
#540 = CARTESIAN_POINT('',(-36.81346652052,-54.5,0.));
#541 = LINE('',#542,#543);
#542 = CARTESIAN_POINT('',(-36.81346652052,-30.75,0.));
#543 = VECTOR('',#544,1.);
#544 = DIRECTION('',(1.015061051086E-15,1.,0.));
#545 = ORIENTED_EDGE('',*,*,#546,.T.);
#546 = EDGE_CURVE('',#539,#547,#549,.T.);
#547 = VERTEX_POINT('',#548);
#548 = CARTESIAN_POINT('',(-42.87564434701,-51.,0.));
#549 = LINE('',#550,#551);
#550 = CARTESIAN_POINT('',(-34.39017955223,-55.89908538346,
    1.110223024625E-16));
#551 = VECTOR('',#552,1.);
#552 = DIRECTION('',(-0.866025403784,0.5,0.));
#553 = ORIENTED_EDGE('',*,*,#554,.T.);
#554 = EDGE_CURVE('',#547,#555,#557,.T.);
#555 = VERTEX_POINT('',#556);
#556 = CARTESIAN_POINT('',(-43.70070687241,-51.47635007113,0.));
#557 = LINE('',#558,#559);
#558 = CARTESIAN_POINT('',(-15.33762066897,-35.10091461653,
    1.110223024625E-16));
#559 = VECTOR('',#560,1.);
#560 = DIRECTION('',(-0.866025403784,-0.5,0.));
#561 = ORIENTED_EDGE('',*,*,#562,.F.);
#562 = EDGE_CURVE('',#563,#555,#565,.T.);
#563 = VERTEX_POINT('',#564);
#564 = CARTESIAN_POINT('',(-41.37564434701,-47.19764761079,0.));
#565 = LINE('',#566,#567);
#566 = CARTESIAN_POINT('',(-27.20833024919,-21.12621038072,0.));
#567 = VECTOR('',#568,1.);
#568 = DIRECTION('',(-0.477462709476,-0.878652013632,0.));
#569 = ORIENTED_EDGE('',*,*,#570,.T.);
#570 = EDGE_CURVE('',#563,#571,#573,.T.);
#571 = VERTEX_POINT('',#572);
#572 = CARTESIAN_POINT('',(-41.37564434701,-48.40192378864,0.));
#573 = LINE('',#574,#575);
#574 = CARTESIAN_POINT('',(-41.37564434701,-20.70096189432,0.));
#575 = VECTOR('',#576,1.);
#576 = DIRECTION('',(0.,-1.,0.));
#577 = ORIENTED_EDGE('',*,*,#578,.T.);
#578 = EDGE_CURVE('',#571,#579,#581,.T.);
#579 = VERTEX_POINT('',#580);
#580 = CARTESIAN_POINT('',(-35.31346652052,-51.90192378864,0.));
#581 = LINE('',#582,#583);
#582 = CARTESIAN_POINT('',(-35.92126846548,-51.55100917211,
    1.110223024625E-16));
#583 = VECTOR('',#584,1.);
#584 = DIRECTION('',(0.866025403784,-0.5,0.));
#585 = ORIENTED_EDGE('',*,*,#586,.T.);
#586 = EDGE_CURVE('',#579,#587,#589,.T.);
#587 = VERTEX_POINT('',#588);
#588 = CARTESIAN_POINT('',(-29.25128869403,-48.40192378864,0.));
#589 = LINE('',#590,#591);
#590 = CARTESIAN_POINT('',(-10.41598729911,-37.52735745801,0.));
#591 = VECTOR('',#592,1.);
#592 = DIRECTION('',(0.866025403784,0.5,0.));
#593 = ORIENTED_EDGE('',*,*,#594,.T.);
#594 = EDGE_CURVE('',#587,#595,#597,.T.);
#595 = VERTEX_POINT('',#596);
#596 = CARTESIAN_POINT('',(-29.25128869403,-41.40192378864,0.));
#597 = LINE('',#598,#599);
#598 = CARTESIAN_POINT('',(-29.25128869403,-24.20096189432,0.));
#599 = VECTOR('',#600,1.);
#600 = DIRECTION('',(0.,1.,0.));
#601 = ORIENTED_EDGE('',*,*,#602,.T.);
#602 = EDGE_CURVE('',#595,#603,#605,.T.);
#603 = VERTEX_POINT('',#604);
#604 = CARTESIAN_POINT('',(-35.31346652052,-37.90192378864,0.));
#605 = LINE('',#606,#607);
#606 = CARTESIAN_POINT('',(-26.82800172574,-42.80100917211,0.));
#607 = VECTOR('',#608,1.);
#608 = DIRECTION('',(-0.866025403784,0.5,0.));
#609 = ORIENTED_EDGE('',*,*,#610,.T.);
#610 = EDGE_CURVE('',#603,#611,#613,.T.);
#611 = VERTEX_POINT('',#612);
#612 = CARTESIAN_POINT('',(-36.78643465297,-38.75234233642,0.));
#613 = LINE('',#614,#615);
#614 = CARTESIAN_POINT('',(-13.44707621235,-25.27735745801,
    1.110223024625E-16));
#615 = VECTOR('',#616,1.);
#616 = DIRECTION('',(-0.866025403784,-0.5,0.));
#617 = ORIENTED_EDGE('',*,*,#618,.F.);
#618 = EDGE_CURVE('',#619,#611,#621,.T.);
#619 = VERTEX_POINT('',#620);
#620 = CARTESIAN_POINT('',(-36.22394902631,-37.71722667463,0.));
#621 = LINE('',#622,#623);
#622 = CARTESIAN_POINT('',(-27.20833024919,-21.12621038072,0.));
#623 = VECTOR('',#624,1.);
#624 = DIRECTION('',(-0.477462709476,-0.878652013632,0.));
#625 = ORIENTED_EDGE('',*,*,#626,.F.);
#626 = EDGE_CURVE('',#627,#619,#629,.T.);
#627 = VERTEX_POINT('',#628);
#628 = CARTESIAN_POINT('',(-37.41635220349,-35.65192378864,0.));
#629 = LINE('',#630,#631);
#630 = CARTESIAN_POINT('',(-58.,7.102951435055E-15,0.));
#631 = VECTOR('',#632,1.);
#632 = DIRECTION('',(0.5,-0.866025403784,0.));
#633 = ORIENTED_EDGE('',*,*,#634,.T.);
#634 = EDGE_CURVE('',#627,#635,#637,.T.);
#635 = VERTEX_POINT('',#636);
#636 = CARTESIAN_POINT('',(-36.81346652052,-35.30384757729,0.));
#637 = LINE('',#638,#639);
#638 = CARTESIAN_POINT('',(-17.9781651256,-24.42928124666,
    1.110223024625E-16));
#639 = VECTOR('',#640,1.);
#640 = DIRECTION('',(0.866025403784,0.5,0.));
#641 = ORIENTED_EDGE('',*,*,#642,.T.);
#642 = EDGE_CURVE('',#635,#643,#645,.T.);
#643 = VERTEX_POINT('',#644);
#644 = CARTESIAN_POINT('',(-36.81346652052,-28.30384757729,0.));
#645 = LINE('',#646,#647);
#646 = CARTESIAN_POINT('',(-36.81346652052,-17.65192378864,0.));
#647 = VECTOR('',#648,1.);
#648 = DIRECTION('',(1.015061051086E-15,1.,0.));
#649 = ORIENTED_EDGE('',*,*,#650,.T.);
#650 = EDGE_CURVE('',#643,#651,#653,.T.);
#651 = VERTEX_POINT('',#652);
#652 = CARTESIAN_POINT('',(-42.87564434701,-24.80384757729,0.));
#653 = LINE('',#654,#655);
#654 = CARTESIAN_POINT('',(-28.71854618236,-32.97745201359,
    1.110223024625E-16));
#655 = VECTOR('',#656,1.);
#656 = DIRECTION('',(-0.866025403784,0.5,0.));
#657 = ORIENTED_EDGE('',*,*,#658,.T.);
#658 = EDGE_CURVE('',#651,#659,#661,.T.);
#659 = VERTEX_POINT('',#660);
#660 = CARTESIAN_POINT('',(-43.47853002998,-25.15192378864,0.));
#661 = LINE('',#662,#663);
#662 = CARTESIAN_POINT('',(-21.00925403884,-12.17928124666,
    1.110223024625E-16));
#663 = VECTOR('',#664,1.);
#664 = DIRECTION('',(-0.866025403784,-0.5,0.));
#665 = ORIENTED_EDGE('',*,*,#666,.F.);
#666 = EDGE_CURVE('',#667,#659,#669,.T.);
#667 = VERTEX_POINT('',#668);
#668 = CARTESIAN_POINT('',(-44.97853002998,-22.55384757729,0.));
#669 = LINE('',#670,#671);
#670 = CARTESIAN_POINT('',(-58.,7.102951435055E-15,0.));
#671 = VECTOR('',#672,1.);
#672 = DIRECTION('',(0.5,-0.866025403784,0.));
#673 = ORIENTED_EDGE('',*,*,#674,.T.);
#674 = EDGE_CURVE('',#667,#675,#677,.T.);
#675 = VERTEX_POINT('',#676);
#676 = CARTESIAN_POINT('',(-44.37564434701,-22.20577136594,0.));
#677 = LINE('',#678,#679);
#678 = CARTESIAN_POINT('',(-25.54034295209,-11.33120503531,0.));
#679 = VECTOR('',#680,1.);
#680 = DIRECTION('',(0.866025403784,0.5,0.));
#681 = ORIENTED_EDGE('',*,*,#682,.T.);
#682 = EDGE_CURVE('',#675,#683,#685,.T.);
#683 = VERTEX_POINT('',#684);
#684 = CARTESIAN_POINT('',(-44.37564434701,-15.20577136594,0.));
#685 = LINE('',#686,#687);
#686 = CARTESIAN_POINT('',(-44.37564434701,-11.10288568297,0.));
#687 = VECTOR('',#688,1.);
#688 = DIRECTION('',(1.015061051086E-15,1.,0.));
#689 = ORIENTED_EDGE('',*,*,#690,.T.);
#690 = EDGE_CURVE('',#683,#691,#693,.T.);
#691 = VERTEX_POINT('',#692);
#692 = CARTESIAN_POINT('',(-50.4378221735,-11.70577136594,0.));
#693 = LINE('',#694,#695);
#694 = CARTESIAN_POINT('',(-30.60909063899,-23.15389485508,
    1.110223024625E-16));
#695 = VECTOR('',#696,1.);
#696 = DIRECTION('',(-0.866025403784,0.5,0.));
#697 = ORIENTED_EDGE('',*,*,#698,.T.);
#698 = EDGE_CURVE('',#691,#699,#701,.T.);
#699 = VERTEX_POINT('',#700);
#700 = CARTESIAN_POINT('',(-51.78932842655,-12.48606386494,0.));
#701 = LINE('',#702,#703);
#702 = CARTESIAN_POINT('',(-28.57143186533,0.918794964688,
    1.110223024625E-16));
#703 = VECTOR('',#704,1.);
#704 = DIRECTION('',(-0.866025403784,-0.5,0.));
#705 = ORIENTED_EDGE('',*,*,#706,.F.);
#706 = EDGE_CURVE('',#707,#699,#709,.T.);
#707 = VERTEX_POINT('',#708);
#708 = CARTESIAN_POINT('',(-57.53229707054,-12.33766674236,0.));
#709 = LINE('',#710,#711);
#710 = CARTESIAN_POINT('',(-148.,-10.,0.));
#711 = VECTOR('',#712,1.);
#712 = DIRECTION('',(0.99966631963,-2.583117104987E-02,0.));
#713 = ORIENTED_EDGE('',*,*,#714,.T.);
#714 = EDGE_CURVE('',#707,#715,#717,.T.);
#715 = VERTEX_POINT('',#716);
#716 = CARTESIAN_POINT('',(-51.9378221735,-9.107695154587,0.));
#717 = LINE('',#718,#719);
#718 = CARTESIAN_POINT('',(-33.10252077858,1.766871176041,0.));
#719 = VECTOR('',#720,1.);
#720 = DIRECTION('',(0.866025403784,0.5,0.));
#721 = ORIENTED_EDGE('',*,*,#722,.T.);
#722 = EDGE_CURVE('',#715,#723,#725,.T.);
#723 = VERTEX_POINT('',#724);
#724 = CARTESIAN_POINT('',(-51.9378221735,-2.107695154587,0.));
#725 = LINE('',#726,#727);
#726 = CARTESIAN_POINT('',(-51.9378221735,-4.553847577293,0.));
#727 = VECTOR('',#728,1.);
#728 = DIRECTION('',(1.015061051086E-15,1.,0.));
#729 = ORIENTED_EDGE('',*,*,#730,.T.);
#730 = EDGE_CURVE('',#723,#731,#733,.T.);
#731 = VERTEX_POINT('',#732);
#732 = CARTESIAN_POINT('',(-58.,1.392304845413,0.));
#733 = LINE('',#734,#735);
#734 = CARTESIAN_POINT('',(-32.49963509561,-13.33033769656,
    1.110223024625E-16));
#735 = VECTOR('',#736,1.);
#736 = DIRECTION('',(-0.866025403784,0.5,0.));
#737 = ORIENTED_EDGE('',*,*,#738,.T.);
#738 = EDGE_CURVE('',#731,#739,#741,.T.);
#739 = VERTEX_POINT('',#740);
#740 = CARTESIAN_POINT('',(-64.06217782649,-2.107695154587,0.));
#741 = LINE('',#742,#743);
#742 = CARTESIAN_POINT('',(-36.13360969182,14.016871176041,
    1.110223024625E-16));
#743 = VECTOR('',#744,1.);
#744 = DIRECTION('',(-0.866025403784,-0.5,0.));
#745 = ORIENTED_EDGE('',*,*,#746,.T.);
#746 = EDGE_CURVE('',#739,#747,#749,.T.);
#747 = VERTEX_POINT('',#748);
#748 = CARTESIAN_POINT('',(-64.06217782649,-9.107695154587,0.));
#749 = LINE('',#750,#751);
#750 = CARTESIAN_POINT('',(-64.06217782649,-1.053847577293,0.));
#751 = VECTOR('',#752,1.);
#752 = DIRECTION('',(0.,-1.,0.));
#753 = ORIENTED_EDGE('',*,*,#754,.T.);
#754 = EDGE_CURVE('',#747,#755,#757,.T.);
#755 = VERTEX_POINT('',#756);
#756 = CARTESIAN_POINT('',(-58.51152928468,-12.31236358437,0.));
#757 = LINE('',#758,#759);
#758 = CARTESIAN_POINT('',(-41.59290183535,-22.08033769656,
    1.110223024625E-16));
#759 = VECTOR('',#760,1.);
#760 = DIRECTION('',(0.866025403784,-0.5,0.));
#761 = ORIENTED_EDGE('',*,*,#762,.F.);
#762 = EDGE_CURVE('',#763,#755,#765,.T.);
#763 = VERTEX_POINT('',#764);
#764 = CARTESIAN_POINT('',(-134.5126600399,-10.34851007648,0.));
#765 = LINE('',#766,#767);
#766 = CARTESIAN_POINT('',(-148.,-10.,0.));
#767 = VECTOR('',#768,1.);
#768 = DIRECTION('',(0.99966631963,-2.583117104987E-02,0.));
#769 = ORIENTED_EDGE('',*,*,#770,.F.);
#770 = EDGE_CURVE('',#771,#763,#773,.T.);
#771 = VERTEX_POINT('',#772);
#772 = CARTESIAN_POINT('',(-134.5126600399,10.348510076486,0.));
#773 = CIRCLE('',#774,17.);
#774 = AXIS2_PLACEMENT_3D('',#775,#776,#777);
#775 = CARTESIAN_POINT('',(-148.,1.812477262738E-14,0.));
#776 = DIRECTION('',(0.,0.,1.));
#777 = DIRECTION('',(1.,0.,0.));
#778 = ORIENTED_EDGE('',*,*,#779,.F.);
#779 = EDGE_CURVE('',#780,#771,#782,.T.);
#780 = VERTEX_POINT('',#781);
#781 = CARTESIAN_POINT('',(-54.00873267413,12.428714917981,0.));
#782 = LINE('',#783,#784);
#783 = CARTESIAN_POINT('',(-31.9,13.,0.));
#784 = VECTOR('',#785,1.);
#785 = DIRECTION('',(-0.99966631963,-2.583117104987E-02,0.));
#786 = ORIENTED_EDGE('',*,*,#787,.T.);
#787 = EDGE_CURVE('',#780,#788,#790,.T.);
#788 = VERTEX_POINT('',#789);
#789 = CARTESIAN_POINT('',(-56.5,10.990381056767,0.));
#790 = LINE('',#791,#792);
#791 = CARTESIAN_POINT('',(-34.2430652352,23.840428334556,
    1.110223024625E-16));
#792 = VECTOR('',#793,1.);
#793 = DIRECTION('',(-0.866025403784,-0.5,0.));
#794 = ORIENTED_EDGE('',*,*,#795,.T.);
#795 = EDGE_CURVE('',#788,#796,#798,.T.);
#796 = VERTEX_POINT('',#797);
#797 = CARTESIAN_POINT('',(-56.5,3.990381056767,0.));
#798 = LINE('',#799,#800);
#799 = CARTESIAN_POINT('',(-56.5,5.495190528383,0.));
#800 = VECTOR('',#801,1.);
#801 = DIRECTION('',(0.,-1.,0.));
#802 = ORIENTED_EDGE('',*,*,#803,.T.);
#803 = EDGE_CURVE('',#796,#804,#806,.T.);
#804 = VERTEX_POINT('',#805);
#805 = CARTESIAN_POINT('',(-50.4378221735,0.490381056767,0.));
#806 = LINE('',#807,#808);
#807 = CARTESIAN_POINT('',(-34.03072400885,-8.982261485215,0.));
#808 = VECTOR('',#809,1.);
#809 = DIRECTION('',(0.866025403784,-0.5,0.));
#810 = ORIENTED_EDGE('',*,*,#811,.T.);
#811 = EDGE_CURVE('',#804,#812,#814,.T.);
#812 = VERTEX_POINT('',#813);
#813 = CARTESIAN_POINT('',(-44.37564434701,3.990381056767,0.));
#814 = LINE('',#815,#816);
#815 = CARTESIAN_POINT('',(-31.21197632196,11.590428334556,0.));
#816 = VECTOR('',#817,1.);
#817 = DIRECTION('',(0.866025403784,0.5,0.));
#818 = ORIENTED_EDGE('',*,*,#819,.T.);
#819 = EDGE_CURVE('',#812,#820,#822,.T.);
#820 = VERTEX_POINT('',#821);
#821 = CARTESIAN_POINT('',(-44.37564434701,10.990381056767,0.));
#822 = LINE('',#823,#824);
#823 = CARTESIAN_POINT('',(-44.37564434701,1.995190528383,0.));
#824 = VECTOR('',#825,1.);
#825 = DIRECTION('',(1.015061051086E-15,1.,0.));
#826 = ORIENTED_EDGE('',*,*,#827,.T.);
#827 = EDGE_CURVE('',#820,#828,#830,.T.);
#828 = VERTEX_POINT('',#829);
#829 = CARTESIAN_POINT('',(-49.83493649053,14.142304845413,0.));
#830 = LINE('',#831,#832);
#831 = CARTESIAN_POINT('',(-24.93745726912,-0.232261485215,
    1.110223024625E-16));
#832 = VECTOR('',#833,1.);
#833 = DIRECTION('',(-0.866025403784,0.5,0.));
#834 = ORIENTED_EDGE('',*,*,#835,.F.);
#835 = EDGE_CURVE('',#836,#828,#838,.T.);
#836 = VERTEX_POINT('',#837);
#837 = CARTESIAN_POINT('',(-48.33493649053,16.740381056767,0.));
#838 = LINE('',#839,#840);
#839 = CARTESIAN_POINT('',(-29.,50.229473419497,0.));
#840 = VECTOR('',#841,1.);
#841 = DIRECTION('',(-0.5,-0.866025403784,0.));
#842 = ORIENTED_EDGE('',*,*,#843,.T.);
#843 = EDGE_CURVE('',#836,#844,#846,.T.);
#844 = VERTEX_POINT('',#845);
#845 = CARTESIAN_POINT('',(-42.87564434701,13.58845726812,0.));
#846 = LINE('',#847,#848);
#847 = CARTESIAN_POINT('',(-26.46854618236,4.115814726139,
    1.110223024625E-16));
#848 = VECTOR('',#849,1.);
#849 = DIRECTION('',(0.866025403784,-0.5,0.));
#850 = ORIENTED_EDGE('',*,*,#851,.T.);
#851 = EDGE_CURVE('',#844,#852,#854,.T.);
#852 = VERTEX_POINT('',#853);
#853 = CARTESIAN_POINT('',(-36.81346652052,17.08845726812,0.));
#854 = LINE('',#855,#856);
#855 = CARTESIAN_POINT('',(-29.32143186533,21.413985493071,0.));
#856 = VECTOR('',#857,1.);
#857 = DIRECTION('',(0.866025403784,0.5,0.));
#858 = ORIENTED_EDGE('',*,*,#859,.T.);
#859 = EDGE_CURVE('',#852,#860,#862,.T.);
#860 = VERTEX_POINT('',#861);
#861 = CARTESIAN_POINT('',(-36.81346652052,24.08845726812,0.));
#862 = LINE('',#863,#864);
#863 = CARTESIAN_POINT('',(-36.81346652052,8.54422863406,0.));
#864 = VECTOR('',#865,1.);
#865 = DIRECTION('',(1.015061051086E-15,1.,0.));
#866 = ORIENTED_EDGE('',*,*,#867,.T.);
#867 = EDGE_CURVE('',#860,#868,#870,.T.);
#868 = VERTEX_POINT('',#869);
#869 = CARTESIAN_POINT('',(-42.27275866404,27.240381056767,0.));
#870 = LINE('',#871,#872);
#871 = CARTESIAN_POINT('',(-17.37527944263,12.865814726139,
    1.110223024625E-16));
#872 = VECTOR('',#873,1.);
#873 = DIRECTION('',(-0.866025403784,0.5,0.));
#874 = ORIENTED_EDGE('',*,*,#875,.F.);
#875 = EDGE_CURVE('',#876,#868,#878,.T.);
#876 = VERTEX_POINT('',#877);
#877 = CARTESIAN_POINT('',(-40.77275866404,29.83845726812,0.));
#878 = LINE('',#879,#880);
#879 = CARTESIAN_POINT('',(-29.,50.229473419497,0.));
#880 = VECTOR('',#881,1.);
#881 = DIRECTION('',(-0.5,-0.866025403784,0.));
#882 = ORIENTED_EDGE('',*,*,#883,.T.);
#883 = EDGE_CURVE('',#876,#884,#886,.T.);
#884 = VERTEX_POINT('',#885);
#885 = CARTESIAN_POINT('',(-35.31346652052,26.686533479473,0.));
#886 = LINE('',#887,#888);
#887 = CARTESIAN_POINT('',(-18.90636835587,17.213890937492,
    1.110223024625E-16));
#888 = VECTOR('',#889,1.);
#889 = DIRECTION('',(0.866025403784,-0.5,0.));
#890 = ORIENTED_EDGE('',*,*,#891,.T.);
#891 = EDGE_CURVE('',#884,#892,#894,.T.);
#892 = VERTEX_POINT('',#893);
#893 = CARTESIAN_POINT('',(-29.25128869403,30.186533479473,0.));
#894 = LINE('',#895,#896);
#895 = CARTESIAN_POINT('',(-27.43088740871,31.237542651586,0.));
#896 = VECTOR('',#897,1.);
#897 = DIRECTION('',(0.866025403784,0.5,0.));
#898 = ORIENTED_EDGE('',*,*,#899,.T.);
#899 = EDGE_CURVE('',#892,#900,#902,.T.);
#900 = VERTEX_POINT('',#901);
#901 = CARTESIAN_POINT('',(-29.25128869403,37.186533479473,0.));
#902 = LINE('',#903,#904);
#903 = CARTESIAN_POINT('',(-29.25128869403,15.093266739737,0.));
#904 = VECTOR('',#905,1.);
#905 = DIRECTION('',(0.,1.,0.));
#906 = ORIENTED_EDGE('',*,*,#907,.T.);
#907 = EDGE_CURVE('',#900,#908,#910,.T.);
#908 = VERTEX_POINT('',#909);
#909 = CARTESIAN_POINT('',(-35.31346652052,40.686533479473,0.));
#910 = LINE('',#911,#912);
#911 = CARTESIAN_POINT('',(-9.81310161614,25.963890937492,0.));
#912 = VECTOR('',#913,1.);
#913 = DIRECTION('',(-0.866025403784,0.5,0.));
#914 = ORIENTED_EDGE('',*,*,#915,.T.);
#915 = EDGE_CURVE('',#908,#916,#918,.T.);
#916 = VERTEX_POINT('',#917);
#917 = CARTESIAN_POINT('',(-37.23471860781,39.577298069694,0.));
#918 = LINE('',#919,#920);
#919 = CARTESIAN_POINT('',(-30.46197632196,43.487542651586,
    1.110223024625E-16));
#920 = VECTOR('',#921,1.);
#921 = DIRECTION('',(-0.866025403784,-0.5,0.));
#922 = ORIENTED_EDGE('',*,*,#923,.F.);
#923 = EDGE_CURVE('',#924,#916,#926,.T.);
#924 = VERTEX_POINT('',#925);
#925 = CARTESIAN_POINT('',(-38.66758485558,42.21413397097,0.));
#926 = LINE('',#927,#928);
#927 = CARTESIAN_POINT('',(-82.66025403784,123.17175976009,0.));
#928 = VECTOR('',#929,1.);
#929 = DIRECTION('',(0.477462709476,-0.878652013632,0.));
#930 = ORIENTED_EDGE('',*,*,#931,.T.);
#931 = EDGE_CURVE('',#924,#932,#934,.T.);
#932 = VERTEX_POINT('',#933);
#933 = CARTESIAN_POINT('',(-36.81346652052,43.284609690827,0.));
#934 = LINE('',#935,#936);
#935 = CARTESIAN_POINT('',(-34.9930652352,44.335618862939,
    1.110223024625E-16));
#936 = VECTOR('',#937,1.);
#937 = DIRECTION('',(0.866025403784,0.5,0.));
#938 = ORIENTED_EDGE('',*,*,#939,.T.);
#939 = EDGE_CURVE('',#932,#940,#942,.T.);
#940 = VERTEX_POINT('',#941);
#941 = CARTESIAN_POINT('',(-36.81346652052,50.284609690827,0.));
#942 = LINE('',#943,#944);
#943 = CARTESIAN_POINT('',(-36.81346652052,21.642304845413,0.));
#944 = VECTOR('',#945,1.);
#945 = DIRECTION('',(1.015061051086E-15,1.,0.));
#946 = ORIENTED_EDGE('',*,*,#947,.T.);
#947 = EDGE_CURVE('',#940,#948,#950,.T.);
#948 = VERTEX_POINT('',#949);
#949 = CARTESIAN_POINT('',(-42.87564434701,53.784609690827,0.));
#950 = LINE('',#951,#952);
#951 = CARTESIAN_POINT('',(-11.70364607276,35.787448096007,
    1.110223024625E-16));
#952 = VECTOR('',#953,1.);
#953 = DIRECTION('',(-0.866025403784,0.5,0.));
#954 = ORIENTED_EDGE('',*,*,#955,.T.);
#955 = EDGE_CURVE('',#948,#956,#958,.T.);
#956 = VERTEX_POINT('',#957);
#957 = CARTESIAN_POINT('',(-44.45844485262,52.870779392843,0.));
#958 = LINE('',#959,#960);
#959 = CARTESIAN_POINT('',(-38.02415414845,56.585618862939,
    1.110223024625E-16));
#960 = VECTOR('',#961,1.);
#961 = DIRECTION('',(-0.866025403784,-0.5,0.));
#962 = ORIENTED_EDGE('',*,*,#963,.F.);
#963 = EDGE_CURVE('',#964,#956,#966,.T.);
#964 = VERTEX_POINT('',#965);
#965 = CARTESIAN_POINT('',(-76.21840263755,111.317125687,0.));
#966 = LINE('',#967,#968);
#967 = CARTESIAN_POINT('',(-82.66025403784,123.17175976009,0.));
#968 = VECTOR('',#969,1.);
#969 = DIRECTION('',(0.477462709476,-0.878652013632,0.));
#970 = ORIENTED_EDGE('',*,*,#971,.F.);
#971 = EDGE_CURVE('',#972,#964,#974,.T.);
#972 = VERTEX_POINT('',#973);
#973 = CARTESIAN_POINT('',(-57.,128.17175976009,0.));
#974 = CIRCLE('',#975,17.);
#975 = AXIS2_PLACEMENT_3D('',#976,#977,#978);
#976 = CARTESIAN_POINT('',(-74.,128.17175976009,0.));
#977 = DIRECTION('',(0.,0.,1.));
#978 = DIRECTION('',(1.,0.,0.));
#979 = ORIENTED_EDGE('',*,*,#980,.F.);
#980 = EDGE_CURVE('',#981,#972,#983,.T.);
#981 = VERTEX_POINT('',#982);
#982 = CARTESIAN_POINT('',(-58.29425740243,121.66563576349,0.));
#983 = CIRCLE('',#984,17.);
#984 = AXIS2_PLACEMENT_3D('',#985,#986,#987);
#985 = CARTESIAN_POINT('',(-74.,128.17175976009,0.));
#986 = DIRECTION('',(0.,0.,1.));
#987 = DIRECTION('',(1.,0.,0.));
#988 = ORIENTED_EDGE('',*,*,#989,.F.);
#989 = EDGE_CURVE('',#990,#981,#992,.T.);
#990 = VERTEX_POINT('',#991);
#991 = CARTESIAN_POINT('',(-15.65758623759,52.034861251983,0.));
#992 = LINE('',#993,#994);
#993 = CARTESIAN_POINT('',(-4.691669750802,34.126210380724,0.));
#994 = VECTOR('',#995,1.);
#995 = DIRECTION('',(-0.522203610154,0.852820842582,0.));
#996 = ORIENTED_EDGE('',*,*,#997,.T.);
#997 = EDGE_CURVE('',#990,#998,#1000,.T.);
#998 = VERTEX_POINT('',#999);
#999 = CARTESIAN_POINT('',(-18.68911086754,50.284609690827,0.));
#1000 = LINE('',#1001,#1002);
#1001 = CARTESIAN_POINT('',(-19.11870958222,50.036580757263,0.));
#1002 = VECTOR('',#1003,1.);
#1003 = DIRECTION('',(-0.866025403784,-0.5,0.));
#1004 = ORIENTED_EDGE('',*,*,#1005,.T.);
#1005 = EDGE_CURVE('',#998,#1006,#1008,.T.);
#1006 = VERTEX_POINT('',#1007);
#1007 = CARTESIAN_POINT('',(-18.68911086754,43.284609690827,0.));
#1008 = LINE('',#1009,#1010);
#1009 = CARTESIAN_POINT('',(-18.68911086754,25.142304845413,0.));
#1010 = VECTOR('',#1011,1.);
#1011 = DIRECTION('',(0.,-1.,0.));
#1012 = ORIENTED_EDGE('',*,*,#1013,.T.);
#1013 = EDGE_CURVE('',#1006,#1014,#1016,.T.);
#1014 = VERTEX_POINT('',#1015);
#1015 = CARTESIAN_POINT('',(-12.62693304105,39.784609690827,0.));
#1016 = LINE('',#1017,#1018);
#1017 = CARTESIAN_POINT('',(-1.891468246272,33.586486201684,0.));
#1018 = VECTOR('',#1019,1.);
#1019 = DIRECTION('',(0.866025403784,-0.5,0.));
#1020 = ORIENTED_EDGE('',*,*,#1021,.T.);
#1021 = EDGE_CURVE('',#1014,#1022,#1024,.T.);
#1022 = VERTEX_POINT('',#1023);
#1023 = CARTESIAN_POINT('',(-6.564755214563,43.284609690827,0.));
#1024 = LINE('',#1025,#1026);
#1025 = CARTESIAN_POINT('',(-16.08762066897,37.786580757263,
    1.110223024625E-16));
#1026 = VECTOR('',#1027,1.);
#1027 = DIRECTION('',(0.866025403784,0.5,0.));
#1028 = ORIENTED_EDGE('',*,*,#1029,.T.);
#1029 = EDGE_CURVE('',#1022,#1030,#1032,.T.);
#1030 = VERTEX_POINT('',#1031);
#1031 = CARTESIAN_POINT('',(-6.564755214563,50.229473419497,0.));
#1032 = LINE('',#1033,#1034);
#1033 = CARTESIAN_POINT('',(-6.564755214563,21.642304845413,0.));
#1034 = VECTOR('',#1035,1.);
#1035 = DIRECTION('',(2.537652627715E-16,1.,0.));
#1036 = ORIENTED_EDGE('',*,*,#1037,.F.);
#1037 = EDGE_CURVE('',#1038,#1030,#1040,.T.);
#1038 = VERTEX_POINT('',#1039);
#1039 = CARTESIAN_POINT('',(-3.564755214563,50.229473419497,0.));
#1040 = LINE('',#1041,#1042);
#1041 = CARTESIAN_POINT('',(29.,50.229473419497,0.));
#1042 = VECTOR('',#1043,1.);
#1043 = DIRECTION('',(-1.,1.225073682345E-16,0.));
#1044 = ORIENTED_EDGE('',*,*,#1045,.T.);
#1045 = EDGE_CURVE('',#1038,#1046,#1048,.T.);
#1046 = VERTEX_POINT('',#1047);
#1047 = CARTESIAN_POINT('',(-3.564755214563,43.284609690827,0.));
#1048 = LINE('',#1049,#1050);
#1049 = CARTESIAN_POINT('',(-3.564755214563,25.142304845413,0.));
#1050 = VECTOR('',#1051,1.);
#1051 = DIRECTION('',(1.268826313857E-16,-1.,0.));
#1052 = ORIENTED_EDGE('',*,*,#1053,.T.);
#1053 = EDGE_CURVE('',#1046,#1054,#1056,.T.);
#1054 = VERTEX_POINT('',#1055);
#1055 = CARTESIAN_POINT('',(2.497422611929,39.784609690827,0.));
#1056 = LINE('',#1057,#1058);
#1057 = CARTESIAN_POINT('',(7.561254036842,36.861005254522,0.));
#1058 = VECTOR('',#1059,1.);
#1059 = DIRECTION('',(0.866025403784,-0.5,0.));
#1060 = ORIENTED_EDGE('',*,*,#1061,.T.);
#1061 = EDGE_CURVE('',#1054,#1062,#1064,.T.);
#1062 = VERTEX_POINT('',#1063);
#1063 = CARTESIAN_POINT('',(8.55960043842,43.284609690827,0.));
#1064 = LINE('',#1065,#1066);
#1065 = CARTESIAN_POINT('',(-6.634898385865,34.512061704424,0.));
#1066 = VECTOR('',#1067,1.);
#1067 = DIRECTION('',(0.866025403784,0.5,0.));
#1068 = ORIENTED_EDGE('',*,*,#1069,.T.);
#1069 = EDGE_CURVE('',#1062,#1070,#1072,.T.);
#1070 = VERTEX_POINT('',#1071);
#1071 = CARTESIAN_POINT('',(8.55960043842,50.229473419497,0.));
#1072 = LINE('',#1073,#1074);
#1073 = CARTESIAN_POINT('',(8.55960043842,21.642304845413,0.));
#1074 = VECTOR('',#1075,1.);
#1075 = DIRECTION('',(0.,1.,0.));
#1076 = ORIENTED_EDGE('',*,*,#1077,.F.);
#1077 = EDGE_CURVE('',#1078,#1070,#1080,.T.);
#1078 = VERTEX_POINT('',#1079);
#1079 = CARTESIAN_POINT('',(11.55960043842,50.229473419497,0.));
#1080 = LINE('',#1081,#1082);
#1081 = CARTESIAN_POINT('',(29.,50.229473419497,0.));
#1082 = VECTOR('',#1083,1.);
#1083 = DIRECTION('',(-1.,1.225073682345E-16,0.));
#1084 = ORIENTED_EDGE('',*,*,#1085,.T.);
#1085 = EDGE_CURVE('',#1078,#1086,#1088,.T.);
#1086 = VERTEX_POINT('',#1087);
#1087 = CARTESIAN_POINT('',(11.55960043842,43.284609690827,0.));
#1088 = LINE('',#1089,#1090);
#1089 = CARTESIAN_POINT('',(11.55960043842,25.142304845413,0.));
#1090 = VECTOR('',#1091,1.);
#1091 = DIRECTION('',(2.537652627715E-16,-1.,0.));
#1092 = ORIENTED_EDGE('',*,*,#1093,.T.);
#1093 = EDGE_CURVE('',#1086,#1094,#1096,.T.);
#1094 = VERTEX_POINT('',#1095);
#1095 = CARTESIAN_POINT('',(17.621778264911,39.784609690827,0.));
#1096 = LINE('',#1097,#1098);
#1097 = CARTESIAN_POINT('',(17.013976319956,40.13552430736,0.));
#1098 = VECTOR('',#1099,1.);
#1099 = DIRECTION('',(0.866025403784,-0.5,0.));
#1100 = ORIENTED_EDGE('',*,*,#1101,.T.);
#1101 = EDGE_CURVE('',#1094,#1102,#1104,.T.);
#1102 = VERTEX_POINT('',#1103);
#1103 = CARTESIAN_POINT('',(23.683956091402,43.284609690827,0.));
#1104 = LINE('',#1105,#1106);
#1105 = CARTESIAN_POINT('',(2.817823897249,31.237542651586,0.));
#1106 = VECTOR('',#1107,1.);
#1107 = DIRECTION('',(0.866025403784,0.5,0.));
#1108 = ORIENTED_EDGE('',*,*,#1109,.T.);
#1109 = EDGE_CURVE('',#1102,#1110,#1112,.T.);
#1110 = VERTEX_POINT('',#1111);
#1111 = CARTESIAN_POINT('',(23.683956091402,50.284609690827,0.));
#1112 = LINE('',#1113,#1114);
#1113 = CARTESIAN_POINT('',(23.683956091402,21.642304845413,0.));
#1114 = VECTOR('',#1115,1.);
#1115 = DIRECTION('',(0.,1.,0.));
#1116 = ORIENTED_EDGE('',*,*,#1117,.T.);
#1117 = EDGE_CURVE('',#1110,#1118,#1120,.T.);
#1118 = VERTEX_POINT('',#1119);
#1119 = CARTESIAN_POINT('',(17.621778264911,53.784609690827,0.));
#1120 = LINE('',#1121,#1122);
#1121 = CARTESIAN_POINT('',(26.107243059692,48.88552430736,0.));
#1122 = VECTOR('',#1123,1.);
#1123 = DIRECTION('',(-0.866025403784,0.5,0.));
#1124 = ORIENTED_EDGE('',*,*,#1125,.T.);
#1125 = EDGE_CURVE('',#1118,#1126,#1128,.T.);
#1126 = VERTEX_POINT('',#1127);
#1127 = CARTESIAN_POINT('',(16.240783481699,52.98729198099,0.));
#1128 = LINE('',#1129,#1130);
#1129 = CARTESIAN_POINT('',(-0.213265015997,43.487542651586,0.));
#1130 = VECTOR('',#1131,1.);
#1131 = DIRECTION('',(-0.866025403784,-0.5,0.));
#1132 = ORIENTED_EDGE('',*,*,#1133,.F.);
#1133 = EDGE_CURVE('',#1134,#1126,#1136,.T.);
#1134 = VERTEX_POINT('',#1135);
#1135 = CARTESIAN_POINT('',(58.294257402439,121.66563576349,0.));
#1136 = LINE('',#1137,#1138);
#1137 = CARTESIAN_POINT('',(65.339745962156,133.17175976009,0.));
#1138 = VECTOR('',#1139,1.);
#1139 = DIRECTION('',(-0.522203610154,-0.852820842582,0.));
#1140 = ORIENTED_EDGE('',*,*,#1141,.F.);
#1141 = EDGE_CURVE('',#1142,#1134,#1144,.T.);
#1142 = VERTEX_POINT('',#1143);
#1143 = CARTESIAN_POINT('',(91.,128.17175976009,0.));
#1144 = CIRCLE('',#1145,17.);
#1145 = AXIS2_PLACEMENT_3D('',#1146,#1147,#1148);
#1146 = CARTESIAN_POINT('',(74.,128.17175976009,0.));
#1147 = DIRECTION('',(0.,0.,1.));
#1148 = DIRECTION('',(1.,0.,0.));
#1149 = ORIENTED_EDGE('',*,*,#1150,.F.);
#1150 = EDGE_CURVE('',#1151,#1142,#1153,.T.);
#1151 = VERTEX_POINT('',#1152);
#1152 = CARTESIAN_POINT('',(76.218402637552,111.317125687,0.));
#1153 = CIRCLE('',#1154,17.);
#1154 = AXIS2_PLACEMENT_3D('',#1155,#1156,#1157);
#1155 = CARTESIAN_POINT('',(74.,128.17175976009,0.));
#1156 = DIRECTION('',(0.,0.,1.));
#1157 = DIRECTION('',(1.,0.,0.));
#1158 = ORIENTED_EDGE('',*,*,#1159,.F.);
#1159 = EDGE_CURVE('',#1160,#1151,#1162,.T.);
#1160 = VERTEX_POINT('',#1161);
#1161 = CARTESIAN_POINT('',(43.622184933038,51.331849864572,0.));
#1162 = LINE('',#1163,#1164);
#1163 = CARTESIAN_POINT('',(27.208330249198,21.126210380724,0.));
#1164 = VECTOR('',#1165,1.);
#1165 = DIRECTION('',(0.477462709476,0.878652013632,0.));
#1166 = ORIENTED_EDGE('',*,*,#1167,.T.);
#1167 = EDGE_CURVE('',#1160,#1168,#1170,.T.);
#1168 = VERTEX_POINT('',#1169);
#1169 = CARTESIAN_POINT('',(41.808311744384,50.284609690827,0.));
#1170 = LINE('',#1171,#1172);
#1171 = CARTESIAN_POINT('',(18.692179550231,36.938504545909,
    1.110223024625E-16));
#1172 = VECTOR('',#1173,1.);
#1173 = DIRECTION('',(-0.866025403784,-0.5,0.));
#1174 = ORIENTED_EDGE('',*,*,#1175,.T.);
#1175 = EDGE_CURVE('',#1168,#1176,#1178,.T.);
#1176 = VERTEX_POINT('',#1177);
#1177 = CARTESIAN_POINT('',(41.808311744384,47.993864932864,0.));
#1178 = LINE('',#1179,#1180);
#1179 = CARTESIAN_POINT('',(41.808311744384,25.142304845413,0.));
#1180 = VECTOR('',#1181,1.);
#1181 = DIRECTION('',(0.,-1.,0.));
#1182 = ORIENTED_EDGE('',*,*,#1183,.F.);
#1183 = EDGE_CURVE('',#1184,#1176,#1186,.T.);
#1184 = VERTEX_POINT('',#1185);
#1185 = CARTESIAN_POINT('',(36.707912713596,38.607842129858,0.));
#1186 = LINE('',#1187,#1188);
#1187 = CARTESIAN_POINT('',(27.208330249198,21.126210380724,0.));
#1188 = VECTOR('',#1189,1.);
#1189 = DIRECTION('',(0.477462709476,0.878652013632,0.));
#1190 = ORIENTED_EDGE('',*,*,#1191,.T.);
#1191 = EDGE_CURVE('',#1184,#1192,#1194,.T.);
#1192 = VERTEX_POINT('',#1193);
#1193 = CARTESIAN_POINT('',(34.246133917893,37.186533479473,0.));
#1194 = LINE('',#1195,#1196);
#1195 = CARTESIAN_POINT('',(16.801635093608,27.114947387394,
    1.110223024625E-16));
#1196 = VECTOR('',#1197,1.);
#1197 = DIRECTION('',(-0.866025403784,-0.5,0.));
#1198 = ORIENTED_EDGE('',*,*,#1199,.T.);
#1199 = EDGE_CURVE('',#1192,#1200,#1202,.T.);
#1200 = VERTEX_POINT('',#1201);
#1201 = CARTESIAN_POINT('',(34.246133917893,30.186533479473,0.));
#1202 = LINE('',#1203,#1204);
#1203 = CARTESIAN_POINT('',(34.246133917893,18.593266739737,0.));
#1204 = VECTOR('',#1205,1.);
#1205 = DIRECTION('',(0.,-1.,0.));
#1206 = ORIENTED_EDGE('',*,*,#1207,.T.);
#1207 = EDGE_CURVE('',#1200,#1208,#1210,.T.);
#1208 = VERTEX_POINT('',#1209);
#1209 = CARTESIAN_POINT('',(40.308311744384,26.686533479473,0.));
#1210 = LINE('',#1211,#1212);
#1211 = CARTESIAN_POINT('',(28.357243059692,33.586486201684,
    1.110223024625E-16));
#1212 = VECTOR('',#1213,1.);
#1213 = DIRECTION('',(0.866025403784,-0.5,0.));
#1214 = ORIENTED_EDGE('',*,*,#1215,.T.);
#1215 = EDGE_CURVE('',#1208,#1216,#1218,.T.);
#1216 = VERTEX_POINT('',#1217);
#1217 = CARTESIAN_POINT('',(42.021469970012,27.675625842204,0.));
#1218 = LINE('',#1219,#1220);
#1219 = CARTESIAN_POINT('',(19.832724006854,14.864947387394,0.));
#1220 = VECTOR('',#1221,1.);
#1221 = DIRECTION('',(0.866025403784,0.5,0.));
#1222 = ORIENTED_EDGE('',*,*,#1223,.F.);
#1223 = EDGE_CURVE('',#1224,#1216,#1226,.T.);
#1224 = VERTEX_POINT('',#1225);
#1225 = CARTESIAN_POINT('',(43.521469970012,25.077549630851,0.));
#1226 = LINE('',#1227,#1228);
#1227 = CARTESIAN_POINT('',(58.,0.,0.));
#1228 = VECTOR('',#1229,1.);
#1229 = DIRECTION('',(-0.5,0.866025403784,0.));
#1230 = ORIENTED_EDGE('',*,*,#1231,.T.);
#1231 = EDGE_CURVE('',#1224,#1232,#1234,.T.);
#1232 = VERTEX_POINT('',#1233);
#1233 = CARTESIAN_POINT('',(41.808311744384,24.08845726812,0.));
#1234 = LINE('',#1235,#1236);
#1235 = CARTESIAN_POINT('',(24.363812920099,14.016871176041,
    1.110223024625E-16));
#1236 = VECTOR('',#1237,1.);
#1237 = DIRECTION('',(-0.866025403784,-0.5,0.));
#1238 = ORIENTED_EDGE('',*,*,#1239,.T.);
#1239 = EDGE_CURVE('',#1232,#1240,#1242,.T.);
#1240 = VERTEX_POINT('',#1241);
#1241 = CARTESIAN_POINT('',(41.808311744384,17.08845726812,0.));
#1242 = LINE('',#1243,#1244);
#1243 = CARTESIAN_POINT('',(41.808311744384,12.04422863406,0.));
#1244 = VECTOR('',#1245,1.);
#1245 = DIRECTION('',(0.,-1.,0.));
#1246 = ORIENTED_EDGE('',*,*,#1247,.T.);
#1247 = EDGE_CURVE('',#1240,#1248,#1250,.T.);
#1248 = VERTEX_POINT('',#1249);
#1249 = CARTESIAN_POINT('',(47.870489570875,13.58845726812,0.));
#1250 = LINE('',#1251,#1252);
#1251 = CARTESIAN_POINT('',(30.247787516315,23.762929043169,
    1.110223024625E-16));
#1252 = VECTOR('',#1253,1.);
#1253 = DIRECTION('',(0.866025403784,-0.5,0.));
#1254 = ORIENTED_EDGE('',*,*,#1255,.T.);
#1255 = EDGE_CURVE('',#1248,#1256,#1258,.T.);
#1256 = VERTEX_POINT('',#1257);
#1257 = CARTESIAN_POINT('',(49.583647796503,14.577549630851,0.));
#1258 = LINE('',#1259,#1260);
#1259 = CARTESIAN_POINT('',(27.394901833345,1.766871176041,0.));
#1260 = VECTOR('',#1261,1.);
#1261 = DIRECTION('',(0.866025403784,0.5,0.));
#1262 = ORIENTED_EDGE('',*,*,#1263,.F.);
#1263 = EDGE_CURVE('',#1264,#1256,#1266,.T.);
#1264 = VERTEX_POINT('',#1265);
#1265 = CARTESIAN_POINT('',(50.776050973685,12.512246744866,0.));
#1266 = LINE('',#1267,#1268);
#1267 = CARTESIAN_POINT('',(58.,0.,0.));
#1268 = VECTOR('',#1269,1.);
#1269 = DIRECTION('',(-0.5,0.866025403784,0.));
#1270 = ORIENTED_EDGE('',*,*,#1271,.F.);
#1271 = EDGE_CURVE('',#1272,#1264,#1274,.T.);
#1272 = VERTEX_POINT('',#1273);
#1273 = CARTESIAN_POINT('',(51.953730245976,12.481815755918,0.));
#1274 = LINE('',#1275,#1276);
#1275 = CARTESIAN_POINT('',(148.,10.,0.));
#1276 = VECTOR('',#1277,1.);
#1277 = DIRECTION('',(-0.99966631963,2.583117104987E-02,0.));
#1278 = ORIENTED_EDGE('',*,*,#1279,.T.);
#1279 = EDGE_CURVE('',#1272,#1280,#1282,.T.);
#1280 = VERTEX_POINT('',#1281);
#1281 = CARTESIAN_POINT('',(49.370489570875,10.990381056767,0.));
#1282 = LINE('',#1283,#1284);
#1283 = CARTESIAN_POINT('',(31.925990746591,0.918794964688,
    1.110223024625E-16));
#1284 = VECTOR('',#1285,1.);
#1285 = DIRECTION('',(-0.866025403784,-0.5,0.));
#1286 = ORIENTED_EDGE('',*,*,#1287,.T.);
#1287 = EDGE_CURVE('',#1280,#1288,#1290,.T.);
#1288 = VERTEX_POINT('',#1289);
#1289 = CARTESIAN_POINT('',(49.370489570875,3.990381056767,0.));
#1290 = LINE('',#1291,#1292);
#1291 = CARTESIAN_POINT('',(49.370489570875,5.495190528383,0.));
#1292 = VECTOR('',#1293,1.);
#1293 = DIRECTION('',(0.,-1.,0.));
#1294 = ORIENTED_EDGE('',*,*,#1295,.T.);
#1295 = EDGE_CURVE('',#1288,#1296,#1298,.T.);
#1296 = VERTEX_POINT('',#1297);
#1297 = CARTESIAN_POINT('',(55.432667397366,0.490381056767,0.));
#1298 = LINE('',#1299,#1300);
#1299 = CARTESIAN_POINT('',(32.138331972938,13.939371884654,0.));
#1300 = VECTOR('',#1301,1.);
#1301 = DIRECTION('',(0.866025403784,-0.5,0.));
#1302 = ORIENTED_EDGE('',*,*,#1303,.T.);
#1303 = EDGE_CURVE('',#1296,#1304,#1306,.T.);
#1304 = VERTEX_POINT('',#1305);
#1305 = CARTESIAN_POINT('',(61.494845223857,3.990381056767,0.));
#1306 = LINE('',#1307,#1308);
#1307 = CARTESIAN_POINT('',(34.957079659836,-11.33120503531,0.));
#1308 = VECTOR('',#1309,1.);
#1309 = DIRECTION('',(0.866025403784,0.5,0.));
#1310 = ORIENTED_EDGE('',*,*,#1311,.T.);
#1311 = EDGE_CURVE('',#1304,#1312,#1314,.T.);
#1312 = VERTEX_POINT('',#1313);
#1313 = CARTESIAN_POINT('',(61.494845223857,10.990381056767,0.));
#1314 = LINE('',#1315,#1316);
#1315 = CARTESIAN_POINT('',(61.494845223857,1.995190528383,0.));
#1316 = VECTOR('',#1317,1.);
#1317 = DIRECTION('',(1.015061051086E-15,1.,0.));
#1318 = ORIENTED_EDGE('',*,*,#1319,.T.);
#1319 = EDGE_CURVE('',#1312,#1320,#1322,.T.);
#1320 = VERTEX_POINT('',#1321);
#1321 = CARTESIAN_POINT('',(59.237600230647,12.293602061224,0.));
#1322 = LINE('',#1323,#1324);
#1323 = CARTESIAN_POINT('',(41.231598712674,22.689371884654,
    1.110223024625E-16));
#1324 = VECTOR('',#1325,1.);
#1325 = DIRECTION('',(-0.866025403784,0.5,0.));
#1326 = ORIENTED_EDGE('',*,*,#1327,.F.);
#1327 = EDGE_CURVE('',#1328,#1320,#1330,.T.);
#1328 = VERTEX_POINT('',#1329);
#1329 = CARTESIAN_POINT('',(134.51266003999,10.348510076486,0.));
#1330 = LINE('',#1331,#1332);
#1331 = CARTESIAN_POINT('',(148.,10.,0.));
#1332 = VECTOR('',#1333,1.);
#1333 = DIRECTION('',(-0.99966631963,2.583117104987E-02,0.));
#1334 = ORIENTED_EDGE('',*,*,#1335,.F.);
#1335 = EDGE_CURVE('',#1336,#1328,#1338,.T.);
#1336 = VERTEX_POINT('',#1337);
#1337 = CARTESIAN_POINT('',(165.,-4.163799117101E-15,0.));
#1338 = CIRCLE('',#1339,17.);
#1339 = AXIS2_PLACEMENT_3D('',#1340,#1341,#1342);
#1340 = CARTESIAN_POINT('',(148.,0.,0.));
#1341 = DIRECTION('',(0.,0.,1.));
#1342 = DIRECTION('',(1.,0.,0.));
#1343 = ORIENTED_EDGE('',*,*,#1344,.F.);
#1344 = EDGE_CURVE('',#1345,#1336,#1347,.T.);
#1345 = VERTEX_POINT('',#1346);
#1346 = CARTESIAN_POINT('',(134.51266003999,-10.34851007648,0.));
#1347 = CIRCLE('',#1348,17.);
#1348 = AXIS2_PLACEMENT_3D('',#1349,#1350,#1351);
#1349 = CARTESIAN_POINT('',(148.,0.,0.));
#1350 = DIRECTION('',(0.,0.,1.));
#1351 = DIRECTION('',(1.,0.,0.));
#1352 = ORIENTED_EDGE('',*,*,#1353,.F.);
#1353 = EDGE_CURVE('',#1354,#1345,#1356,.T.);
#1354 = VERTEX_POINT('',#1355);
#1355 = CARTESIAN_POINT('',(56.570201676918,-12.36252708845,0.));
#1356 = LINE('',#1357,#1358);
#1357 = CARTESIAN_POINT('',(31.9,-13.,0.));
#1358 = VECTOR('',#1359,1.);
#1359 = DIRECTION('',(0.99966631963,2.583117104987E-02,0.));
#1360 = ORIENTED_EDGE('',*,*,#1361,.T.);
#1361 = EDGE_CURVE('',#1354,#1362,#1364,.T.);
#1362 = VERTEX_POINT('',#1363);
#1363 = CARTESIAN_POINT('',(55.432667397366,-11.70577136594,0.));
#1364 = LINE('',#1365,#1366);
#1365 = CARTESIAN_POINT('',(35.559965342806,-0.232261485215,
    1.110223024625E-16));
#1366 = VECTOR('',#1367,1.);
#1367 = DIRECTION('',(-0.866025403784,0.5,0.));
#1368 = ORIENTED_EDGE('',*,*,#1369,.T.);
#1369 = EDGE_CURVE('',#1362,#24,#1370,.T.);
#1370 = LINE('',#1371,#1372);
#1371 = CARTESIAN_POINT('',(37.597624116459,-22.00283840518,
    1.110223024625E-16));
#1372 = VECTOR('',#1373,1.);
#1373 = DIRECTION('',(-0.866025403784,-0.5,0.));
#1374 = FACE_BOUND('',#1375,.T.);
#1375 = EDGE_LOOP('',(#1376));
#1376 = ORIENTED_EDGE('',*,*,#1377,.T.);
#1377 = EDGE_CURVE('',#1378,#1378,#1380,.T.);
#1378 = VERTEX_POINT('',#1379);
#1379 = CARTESIAN_POINT('',(81.156854249492,-133.8286140095,0.));
#1380 = CIRCLE('',#1381,1.5);
#1381 = AXIS2_PLACEMENT_3D('',#1382,#1383,#1384);
#1382 = CARTESIAN_POINT('',(79.656854249492,-133.8286140095,0.));
#1383 = DIRECTION('',(0.,0.,1.));
#1384 = DIRECTION('',(1.,0.,0.));
#1385 = FACE_BOUND('',#1386,.T.);
#1386 = EDGE_LOOP('',(#1387));
#1387 = ORIENTED_EDGE('',*,*,#1388,.T.);
#1388 = EDGE_CURVE('',#1389,#1389,#1391,.T.);
#1389 = VERTEX_POINT('',#1390);
#1390 = CARTESIAN_POINT('',(81.156854249492,-122.5149055106,0.));
#1391 = CIRCLE('',#1392,1.5);
#1392 = AXIS2_PLACEMENT_3D('',#1393,#1394,#1395);
#1393 = CARTESIAN_POINT('',(79.656854249492,-122.5149055106,0.));
#1394 = DIRECTION('',(0.,0.,1.));
#1395 = DIRECTION('',(1.,0.,0.));
#1396 = FACE_BOUND('',#1397,.T.);
#1397 = EDGE_LOOP('',(#1398));
#1398 = ORIENTED_EDGE('',*,*,#1399,.T.);
#1399 = EDGE_CURVE('',#1400,#1400,#1402,.T.);
#1400 = VERTEX_POINT('',#1401);
#1401 = CARTESIAN_POINT('',(69.843145750508,-133.8286140095,0.));
#1402 = CIRCLE('',#1403,1.5);
#1403 = AXIS2_PLACEMENT_3D('',#1404,#1405,#1406);
#1404 = CARTESIAN_POINT('',(68.343145750508,-133.8286140095,0.));
#1405 = DIRECTION('',(0.,0.,1.));
#1406 = DIRECTION('',(1.,0.,0.));
#1407 = FACE_BOUND('',#1408,.T.);
#1408 = EDGE_LOOP('',(#1409));
#1409 = ORIENTED_EDGE('',*,*,#1410,.T.);
#1410 = EDGE_CURVE('',#1411,#1411,#1413,.T.);
#1411 = VERTEX_POINT('',#1412);
#1412 = CARTESIAN_POINT('',(78.,-128.17175976,0.));
#1413 = CIRCLE('',#1414,4.);
#1414 = AXIS2_PLACEMENT_3D('',#1415,#1416,#1417);
#1415 = CARTESIAN_POINT('',(74.,-128.17175976,0.));
#1416 = DIRECTION('',(0.,0.,1.));
#1417 = DIRECTION('',(1.,0.,0.));
#1418 = FACE_BOUND('',#1419,.T.);
#1419 = EDGE_LOOP('',(#1420));
#1420 = ORIENTED_EDGE('',*,*,#1421,.T.);
#1421 = EDGE_CURVE('',#1422,#1422,#1424,.T.);
#1422 = VERTEX_POINT('',#1423);
#1423 = CARTESIAN_POINT('',(69.843145750508,-122.5149055106,0.));
#1424 = CIRCLE('',#1425,1.5);
#1425 = AXIS2_PLACEMENT_3D('',#1426,#1427,#1428);
#1426 = CARTESIAN_POINT('',(68.343145750508,-122.5149055106,0.));
#1427 = DIRECTION('',(0.,0.,1.));
#1428 = DIRECTION('',(1.,0.,0.));
#1429 = FACE_BOUND('',#1430,.T.);
#1430 = EDGE_LOOP('',(#1431));
#1431 = ORIENTED_EDGE('',*,*,#1432,.T.);
#1432 = EDGE_CURVE('',#1433,#1433,#1435,.T.);
#1433 = VERTEX_POINT('',#1434);
#1434 = CARTESIAN_POINT('',(155.15685424949,-5.656854249492,0.));
#1435 = CIRCLE('',#1436,1.5);
#1436 = AXIS2_PLACEMENT_3D('',#1437,#1438,#1439);
#1437 = CARTESIAN_POINT('',(153.65685424949,-5.656854249492,0.));
#1438 = DIRECTION('',(0.,0.,1.));
#1439 = DIRECTION('',(1.,0.,0.));
#1440 = FACE_BOUND('',#1441,.T.);
#1441 = EDGE_LOOP('',(#1442));
#1442 = ORIENTED_EDGE('',*,*,#1443,.T.);
#1443 = EDGE_CURVE('',#1444,#1444,#1446,.T.);
#1444 = VERTEX_POINT('',#1445);
#1445 = CARTESIAN_POINT('',(143.8431457505,-5.656854249492,0.));
#1446 = CIRCLE('',#1447,1.5);
#1447 = AXIS2_PLACEMENT_3D('',#1448,#1449,#1450);
#1448 = CARTESIAN_POINT('',(142.3431457505,-5.656854249492,0.));
#1449 = DIRECTION('',(0.,0.,1.));
#1450 = DIRECTION('',(1.,0.,0.));
#1451 = FACE_BOUND('',#1452,.T.);
#1452 = EDGE_LOOP('',(#1453,#1463,#1471,#1479,#1487,#1495));
#1453 = ORIENTED_EDGE('',*,*,#1454,.T.);
#1454 = EDGE_CURVE('',#1455,#1457,#1459,.T.);
#1455 = VERTEX_POINT('',#1456);
#1456 = CARTESIAN_POINT('',(38.808311744384,-54.5,0.));
#1457 = VERTEX_POINT('',#1458);
#1458 = CARTESIAN_POINT('',(32.746133917893,-51.,0.));
#1459 = LINE('',#1460,#1461);
#1460 = CARTESIAN_POINT('',(12.873431863333,-39.52649011927,
    1.110223024625E-16));
#1461 = VECTOR('',#1462,1.);
#1462 = DIRECTION('',(-0.866025403784,0.5,0.));
#1463 = ORIENTED_EDGE('',*,*,#1464,.T.);
#1464 = EDGE_CURVE('',#1457,#1465,#1467,.T.);
#1465 = VERTEX_POINT('',#1466);
#1466 = CARTESIAN_POINT('',(26.683956091402,-54.5,0.));
#1467 = LINE('',#1468,#1469);
#1468 = CARTESIAN_POINT('',(31.925990746591,-51.47350988072,
    1.110223024625E-16));
#1469 = VECTOR('',#1470,1.);
#1470 = DIRECTION('',(-0.866025403784,-0.5,0.));
#1471 = ORIENTED_EDGE('',*,*,#1472,.T.);
#1472 = EDGE_CURVE('',#1465,#1473,#1475,.T.);
#1473 = VERTEX_POINT('',#1474);
#1474 = CARTESIAN_POINT('',(26.683956091402,-61.5,0.));
#1475 = LINE('',#1476,#1477);
#1476 = CARTESIAN_POINT('',(26.683956091402,-27.25,0.));
#1477 = VECTOR('',#1478,1.);
#1478 = DIRECTION('',(5.075305255429E-16,-1.,0.));
#1479 = ORIENTED_EDGE('',*,*,#1480,.T.);
#1480 = EDGE_CURVE('',#1473,#1481,#1483,.T.);
#1481 = VERTEX_POINT('',#1482);
#1482 = CARTESIAN_POINT('',(32.746133917893,-65.,0.));
#1483 = LINE('',#1484,#1485);
#1484 = CARTESIAN_POINT('',(3.780165123596,-48.27649011927,0.));
#1485 = VECTOR('',#1486,1.);
#1486 = DIRECTION('',(0.866025403784,-0.5,0.));
#1487 = ORIENTED_EDGE('',*,*,#1488,.T.);
#1488 = EDGE_CURVE('',#1481,#1489,#1491,.T.);
#1489 = VERTEX_POINT('',#1490);
#1490 = CARTESIAN_POINT('',(38.808311744384,-61.5,0.));
#1491 = LINE('',#1492,#1493);
#1492 = CARTESIAN_POINT('',(34.957079659836,-63.72350988072,
    1.110223024625E-16));
#1493 = VECTOR('',#1494,1.);
#1494 = DIRECTION('',(0.866025403784,0.5,0.));
#1495 = ORIENTED_EDGE('',*,*,#1496,.T.);
#1496 = EDGE_CURVE('',#1489,#1455,#1497,.T.);
#1497 = LINE('',#1498,#1499);
#1498 = CARTESIAN_POINT('',(38.808311744384,-30.75,0.));
#1499 = VECTOR('',#1500,1.);
#1500 = DIRECTION('',(1.015061051086E-15,1.,0.));
#1501 = FACE_BOUND('',#1502,.T.);
#1502 = EDGE_LOOP('',(#1503,#1513,#1521,#1529,#1537,#1545));
#1503 = ORIENTED_EDGE('',*,*,#1504,.T.);
#1504 = EDGE_CURVE('',#1505,#1507,#1509,.T.);
#1505 = VERTEX_POINT('',#1506);
#1506 = CARTESIAN_POINT('',(31.246133917893,-41.40192378864,0.));
#1507 = VERTEX_POINT('',#1508);
#1508 = CARTESIAN_POINT('',(25.183956091402,-37.90192378864,0.));
#1509 = LINE('',#1510,#1511);
#1510 = CARTESIAN_POINT('',(10.98288740671,-29.70293296076,0.));
#1511 = VECTOR('',#1512,1.);
#1512 = DIRECTION('',(-0.866025403784,0.5,0.));
#1513 = ORIENTED_EDGE('',*,*,#1514,.T.);
#1514 = EDGE_CURVE('',#1507,#1515,#1517,.T.);
#1515 = VERTEX_POINT('',#1516);
#1516 = CARTESIAN_POINT('',(19.121778264911,-41.40192378864,0.));
#1517 = LINE('',#1518,#1519);
#1518 = CARTESIAN_POINT('',(24.363812920099,-38.37543366937,
    1.110223024625E-16));
#1519 = VECTOR('',#1520,1.);
#1520 = DIRECTION('',(-0.866025403784,-0.5,0.));
#1521 = ORIENTED_EDGE('',*,*,#1522,.T.);
#1522 = EDGE_CURVE('',#1515,#1523,#1525,.T.);
#1523 = VERTEX_POINT('',#1524);
#1524 = CARTESIAN_POINT('',(19.121778264911,-48.40192378864,0.));
#1525 = LINE('',#1526,#1527);
#1526 = CARTESIAN_POINT('',(19.121778264911,-20.70096189432,0.));
#1527 = VECTOR('',#1528,1.);
#1528 = DIRECTION('',(5.075305255429E-16,-1.,0.));
#1529 = ORIENTED_EDGE('',*,*,#1530,.T.);
#1530 = EDGE_CURVE('',#1523,#1531,#1533,.T.);
#1531 = VERTEX_POINT('',#1532);
#1532 = CARTESIAN_POINT('',(25.183956091402,-51.90192378864,0.));
#1533 = LINE('',#1534,#1535);
#1534 = CARTESIAN_POINT('',(1.889620666973,-38.45293296076,0.));
#1535 = VECTOR('',#1536,1.);
#1536 = DIRECTION('',(0.866025403784,-0.5,0.));
#1537 = ORIENTED_EDGE('',*,*,#1538,.T.);
#1538 = EDGE_CURVE('',#1531,#1539,#1541,.T.);
#1539 = VERTEX_POINT('',#1540);
#1540 = CARTESIAN_POINT('',(31.246133917893,-48.40192378864,0.));
#1541 = LINE('',#1542,#1543);
#1542 = CARTESIAN_POINT('',(27.394901833345,-50.62543366937,0.));
#1543 = VECTOR('',#1544,1.);
#1544 = DIRECTION('',(0.866025403784,0.5,0.));
#1545 = ORIENTED_EDGE('',*,*,#1546,.T.);
#1546 = EDGE_CURVE('',#1539,#1505,#1547,.T.);
#1547 = LINE('',#1548,#1549);
#1548 = CARTESIAN_POINT('',(31.246133917893,-24.20096189432,0.));
#1549 = VECTOR('',#1550,1.);
#1550 = DIRECTION('',(0.,1.,0.));
#1551 = FACE_BOUND('',#1552,.T.);
#1552 = EDGE_LOOP('',(#1553,#1563,#1571,#1579,#1587,#1595));
#1553 = ORIENTED_EDGE('',*,*,#1554,.T.);
#1554 = EDGE_CURVE('',#1555,#1557,#1559,.T.);
#1555 = VERTEX_POINT('',#1556);
#1556 = CARTESIAN_POINT('',(53.932667397366,-2.107695154587,0.));
#1557 = VERTEX_POINT('',#1558);
#1558 = CARTESIAN_POINT('',(47.870489570875,1.392304845413,0.));
#1559 = LINE('',#1560,#1561);
#1560 = CARTESIAN_POINT('',(33.669420886183,9.5912956733,
    1.110223024625E-16));
#1561 = VECTOR('',#1562,1.);
#1562 = DIRECTION('',(-0.866025403784,0.5,0.));
#1563 = ORIENTED_EDGE('',*,*,#1564,.T.);
#1564 = EDGE_CURVE('',#1557,#1565,#1567,.T.);
#1565 = VERTEX_POINT('',#1566);
#1566 = CARTESIAN_POINT('',(41.808311744384,-2.107695154587,0.));
#1567 = LINE('',#1568,#1569);
#1568 = CARTESIAN_POINT('',(30.035446289968,-8.904762193827,
    1.110223024625E-16));
#1569 = VECTOR('',#1570,1.);
#1570 = DIRECTION('',(-0.866025403784,-0.5,0.));
#1571 = ORIENTED_EDGE('',*,*,#1572,.T.);
#1572 = EDGE_CURVE('',#1565,#1573,#1575,.T.);
#1573 = VERTEX_POINT('',#1574);
#1574 = CARTESIAN_POINT('',(41.808311744384,-9.107695154587,0.));
#1575 = LINE('',#1576,#1577);
#1576 = CARTESIAN_POINT('',(41.808311744384,-1.053847577293,0.));
#1577 = VECTOR('',#1578,1.);
#1578 = DIRECTION('',(0.,-1.,0.));
#1579 = ORIENTED_EDGE('',*,*,#1580,.T.);
#1580 = EDGE_CURVE('',#1573,#1581,#1583,.T.);
#1581 = VERTEX_POINT('',#1582);
#1582 = CARTESIAN_POINT('',(47.870489570875,-12.60769515458,0.));
#1583 = LINE('',#1584,#1585);
#1584 = CARTESIAN_POINT('',(24.576154146447,0.8412956733,
    1.110223024625E-16));
#1585 = VECTOR('',#1586,1.);
#1586 = DIRECTION('',(0.866025403784,-0.5,0.));
#1587 = ORIENTED_EDGE('',*,*,#1588,.T.);
#1588 = EDGE_CURVE('',#1581,#1589,#1591,.T.);
#1589 = VERTEX_POINT('',#1590);
#1590 = CARTESIAN_POINT('',(53.932667397366,-9.107695154587,0.));
#1591 = LINE('',#1592,#1593);
#1592 = CARTESIAN_POINT('',(33.066535203213,-21.15476219382,0.));
#1593 = VECTOR('',#1594,1.);
#1594 = DIRECTION('',(0.866025403784,0.5,0.));
#1595 = ORIENTED_EDGE('',*,*,#1596,.T.);
#1596 = EDGE_CURVE('',#1589,#1555,#1597,.T.);
#1597 = LINE('',#1598,#1599);
#1598 = CARTESIAN_POINT('',(53.932667397366,-4.553847577293,0.));
#1599 = VECTOR('',#1600,1.);
#1600 = DIRECTION('',(1.015061051086E-15,1.,0.));
#1601 = FACE_BOUND('',#1602,.T.);
#1602 = EDGE_LOOP('',(#1603));
#1603 = ORIENTED_EDGE('',*,*,#1604,.T.);
#1604 = EDGE_CURVE('',#1605,#1605,#1607,.T.);
#1605 = VERTEX_POINT('',#1606);
#1606 = CARTESIAN_POINT('',(24.32741699797,-22.62741699797,0.));
#1607 = CIRCLE('',#1608,1.7);
#1608 = AXIS2_PLACEMENT_3D('',#1609,#1610,#1611);
#1609 = CARTESIAN_POINT('',(22.62741699797,-22.62741699797,0.));
#1610 = DIRECTION('',(0.,0.,1.));
#1611 = DIRECTION('',(1.,0.,0.));
#1612 = FACE_BOUND('',#1613,.T.);
#1613 = EDGE_LOOP('',(#1614,#1624,#1632,#1640,#1648,#1656));
#1614 = ORIENTED_EDGE('',*,*,#1615,.T.);
#1615 = EDGE_CURVE('',#1616,#1618,#1620,.T.);
#1616 = VERTEX_POINT('',#1617);
#1617 = CARTESIAN_POINT('',(23.683956091402,-28.30384757729,0.));
#1618 = VERTEX_POINT('',#1619);
#1619 = CARTESIAN_POINT('',(17.621778264911,-24.80384757729,0.));
#1620 = LINE('',#1621,#1622);
#1621 = CARTESIAN_POINT('',(9.092342950087,-19.87937580224,0.));
#1622 = VECTOR('',#1623,1.);
#1623 = DIRECTION('',(-0.866025403784,0.5,0.));
#1624 = ORIENTED_EDGE('',*,*,#1625,.T.);
#1625 = EDGE_CURVE('',#1618,#1626,#1628,.T.);
#1626 = VERTEX_POINT('',#1627);
#1627 = CARTESIAN_POINT('',(11.55960043842,-28.30384757729,0.));
#1628 = LINE('',#1629,#1630);
#1629 = CARTESIAN_POINT('',(16.801635093608,-25.27735745801,0.));
#1630 = VECTOR('',#1631,1.);
#1631 = DIRECTION('',(-0.866025403784,-0.5,0.));
#1632 = ORIENTED_EDGE('',*,*,#1633,.T.);
#1633 = EDGE_CURVE('',#1626,#1634,#1636,.T.);
#1634 = VERTEX_POINT('',#1635);
#1635 = CARTESIAN_POINT('',(11.55960043842,-35.30384757729,0.));
#1636 = LINE('',#1637,#1638);
#1637 = CARTESIAN_POINT('',(11.55960043842,-14.15192378864,0.));
#1638 = VECTOR('',#1639,1.);
#1639 = DIRECTION('',(2.537652627715E-16,-1.,0.));
#1640 = ORIENTED_EDGE('',*,*,#1641,.T.);
#1641 = EDGE_CURVE('',#1634,#1642,#1644,.T.);
#1642 = VERTEX_POINT('',#1643);
#1643 = CARTESIAN_POINT('',(17.621778264911,-38.80384757729,0.));
#1644 = LINE('',#1645,#1646);
#1645 = CARTESIAN_POINT('',(-9.237896492733E-04,-28.62937580224,0.));
#1646 = VECTOR('',#1647,1.);
#1647 = DIRECTION('',(0.866025403784,-0.5,0.));
#1648 = ORIENTED_EDGE('',*,*,#1649,.T.);
#1649 = EDGE_CURVE('',#1642,#1650,#1652,.T.);
#1650 = VERTEX_POINT('',#1651);
#1651 = CARTESIAN_POINT('',(23.683956091402,-35.30384757729,0.));
#1652 = LINE('',#1653,#1654);
#1653 = CARTESIAN_POINT('',(19.832724006854,-37.52735745801,0.));
#1654 = VECTOR('',#1655,1.);
#1655 = DIRECTION('',(0.866025403784,0.5,0.));
#1656 = ORIENTED_EDGE('',*,*,#1657,.T.);
#1657 = EDGE_CURVE('',#1650,#1616,#1658,.T.);
#1658 = LINE('',#1659,#1660);
#1659 = CARTESIAN_POINT('',(23.683956091402,-17.65192378864,0.));
#1660 = VECTOR('',#1661,1.);
#1661 = DIRECTION('',(0.,1.,0.));
#1662 = FACE_BOUND('',#1663,.T.);
#1663 = EDGE_LOOP('',(#1664,#1674,#1682,#1690,#1698,#1706));
#1664 = ORIENTED_EDGE('',*,*,#1665,.T.);
#1665 = EDGE_CURVE('',#1666,#1668,#1670,.T.);
#1666 = VERTEX_POINT('',#1667);
#1667 = CARTESIAN_POINT('',(8.55960043842,-28.30384757729,0.));
#1668 = VERTEX_POINT('',#1669);
#1669 = CARTESIAN_POINT('',(2.497422611929,-24.80384757729,0.));
#1670 = LINE('',#1671,#1672);
#1671 = CARTESIAN_POINT('',(-0.360379333027,-23.15389485508,0.));
#1672 = VECTOR('',#1673,1.);
#1673 = DIRECTION('',(-0.866025403784,0.5,0.));
#1674 = ORIENTED_EDGE('',*,*,#1675,.T.);
#1675 = EDGE_CURVE('',#1668,#1676,#1678,.T.);
#1676 = VERTEX_POINT('',#1677);
#1677 = CARTESIAN_POINT('',(-3.564755214563,-28.30384757729,0.));
#1678 = LINE('',#1679,#1680);
#1679 = CARTESIAN_POINT('',(7.348912810495,-22.00283840518,0.));
#1680 = VECTOR('',#1681,1.);
#1681 = DIRECTION('',(-0.866025403784,-0.5,0.));
#1682 = ORIENTED_EDGE('',*,*,#1683,.T.);
#1683 = EDGE_CURVE('',#1676,#1684,#1686,.T.);
#1684 = VERTEX_POINT('',#1685);
#1685 = CARTESIAN_POINT('',(-3.564755214563,-35.30384757729,0.));
#1686 = LINE('',#1687,#1688);
#1687 = CARTESIAN_POINT('',(-3.564755214563,-14.15192378864,0.));
#1688 = VECTOR('',#1689,1.);
#1689 = DIRECTION('',(1.268826313857E-16,-1.,0.));
#1690 = ORIENTED_EDGE('',*,*,#1691,.T.);
#1691 = EDGE_CURVE('',#1684,#1692,#1694,.T.);
#1692 = VERTEX_POINT('',#1693);
#1693 = CARTESIAN_POINT('',(2.497422611929,-38.80384757729,0.));
#1694 = LINE('',#1695,#1696);
#1695 = CARTESIAN_POINT('',(-9.453646072763,-31.90389485508,0.));
#1696 = VECTOR('',#1697,1.);
#1697 = DIRECTION('',(0.866025403784,-0.5,0.));
#1698 = ORIENTED_EDGE('',*,*,#1699,.T.);
#1699 = EDGE_CURVE('',#1692,#1700,#1702,.T.);
#1700 = VERTEX_POINT('',#1701);
#1701 = CARTESIAN_POINT('',(8.55960043842,-35.30384757729,0.));
#1702 = LINE('',#1703,#1704);
#1703 = CARTESIAN_POINT('',(10.38000172374,-34.25283840518,0.));
#1704 = VECTOR('',#1705,1.);
#1705 = DIRECTION('',(0.866025403784,0.5,0.));
#1706 = ORIENTED_EDGE('',*,*,#1707,.T.);
#1707 = EDGE_CURVE('',#1700,#1666,#1708,.T.);
#1708 = LINE('',#1709,#1710);
#1709 = CARTESIAN_POINT('',(8.55960043842,-17.65192378864,0.));
#1710 = VECTOR('',#1711,1.);
#1711 = DIRECTION('',(0.,1.,0.));
#1712 = FACE_BOUND('',#1713,.T.);
#1713 = EDGE_LOOP('',(#1714,#1724,#1732,#1740,#1748,#1756));
#1714 = ORIENTED_EDGE('',*,*,#1715,.T.);
#1715 = EDGE_CURVE('',#1716,#1718,#1720,.T.);
#1716 = VERTEX_POINT('',#1717);
#1717 = CARTESIAN_POINT('',(16.121778264911,-15.20577136594,0.));
#1718 = VERTEX_POINT('',#1719);
#1719 = CARTESIAN_POINT('',(10.05960043842,-11.70577136594,0.));
#1720 = LINE('',#1721,#1722);
#1721 = CARTESIAN_POINT('',(7.201798493465,-10.05581864373,0.));
#1722 = VECTOR('',#1723,1.);
#1723 = DIRECTION('',(-0.866025403784,0.5,0.));
#1724 = ORIENTED_EDGE('',*,*,#1725,.T.);
#1725 = EDGE_CURVE('',#1718,#1726,#1728,.T.);
#1726 = VERTEX_POINT('',#1727);
#1727 = CARTESIAN_POINT('',(3.997422611929,-15.20577136594,0.));
#1728 = LINE('',#1729,#1730);
#1729 = CARTESIAN_POINT('',(9.239457267117,-12.17928124666,0.));
#1730 = VECTOR('',#1731,1.);
#1731 = DIRECTION('',(-0.866025403784,-0.5,0.));
#1732 = ORIENTED_EDGE('',*,*,#1733,.T.);
#1733 = EDGE_CURVE('',#1726,#1734,#1736,.T.);
#1734 = VERTEX_POINT('',#1735);
#1735 = CARTESIAN_POINT('',(3.997422611929,-22.20577136594,0.));
#1736 = LINE('',#1737,#1738);
#1737 = CARTESIAN_POINT('',(3.997422611929,-7.60288568297,0.));
#1738 = VECTOR('',#1739,1.);
#1739 = DIRECTION('',(1.268826313857E-16,-1.,0.));
#1740 = ORIENTED_EDGE('',*,*,#1741,.T.);
#1741 = EDGE_CURVE('',#1734,#1742,#1744,.T.);
#1742 = VERTEX_POINT('',#1743);
#1743 = CARTESIAN_POINT('',(10.05960043842,-25.70577136594,0.));
#1744 = LINE('',#1745,#1746);
#1745 = CARTESIAN_POINT('',(-1.891468246272,-18.80581864373,0.));
#1746 = VECTOR('',#1747,1.);
#1747 = DIRECTION('',(0.866025403784,-0.5,0.));
#1748 = ORIENTED_EDGE('',*,*,#1749,.T.);
#1749 = EDGE_CURVE('',#1742,#1750,#1752,.T.);
#1750 = VERTEX_POINT('',#1751);
#1751 = CARTESIAN_POINT('',(16.121778264911,-22.20577136594,0.));
#1752 = LINE('',#1753,#1754);
#1753 = CARTESIAN_POINT('',(12.270546180363,-24.42928124666,0.));
#1754 = VECTOR('',#1755,1.);
#1755 = DIRECTION('',(0.866025403784,0.5,0.));
#1756 = ORIENTED_EDGE('',*,*,#1757,.T.);
#1757 = EDGE_CURVE('',#1750,#1716,#1758,.T.);
#1758 = LINE('',#1759,#1760);
#1759 = CARTESIAN_POINT('',(16.121778264911,-11.10288568297,0.));
#1760 = VECTOR('',#1761,1.);
#1761 = DIRECTION('',(0.,1.,0.));
#1762 = FACE_BOUND('',#1763,.T.);
#1763 = EDGE_LOOP('',(#1764,#1774,#1782,#1790,#1798,#1806));
#1764 = ORIENTED_EDGE('',*,*,#1765,.T.);
#1765 = EDGE_CURVE('',#1766,#1768,#1770,.T.);
#1766 = VERTEX_POINT('',#1767);
#1767 = CARTESIAN_POINT('',(38.808311744384,-2.107695154587,0.));
#1768 = VERTEX_POINT('',#1769);
#1769 = CARTESIAN_POINT('',(32.746133917893,1.392304845413,0.));
#1770 = LINE('',#1771,#1772);
#1771 = CARTESIAN_POINT('',(24.216698603069,6.316776620462,
    1.110223024625E-16));
#1772 = VECTOR('',#1773,1.);
#1773 = DIRECTION('',(-0.866025403784,0.5,0.));
#1774 = ORIENTED_EDGE('',*,*,#1775,.T.);
#1775 = EDGE_CURVE('',#1768,#1776,#1778,.T.);
#1776 = VERTEX_POINT('',#1777);
#1777 = CARTESIAN_POINT('',(26.683956091402,-2.107695154587,0.));
#1778 = LINE('',#1779,#1780);
#1779 = CARTESIAN_POINT('',(20.582724006854,-5.630243140989,
    1.110223024625E-16));
#1780 = VECTOR('',#1781,1.);
#1781 = DIRECTION('',(-0.866025403784,-0.5,0.));
#1782 = ORIENTED_EDGE('',*,*,#1783,.T.);
#1783 = EDGE_CURVE('',#1776,#1784,#1786,.T.);
#1784 = VERTEX_POINT('',#1785);
#1785 = CARTESIAN_POINT('',(26.683956091402,-9.107695154587,0.));
#1786 = LINE('',#1787,#1788);
#1787 = CARTESIAN_POINT('',(26.683956091402,-1.053847577293,0.));
#1788 = VECTOR('',#1789,1.);
#1789 = DIRECTION('',(5.075305255429E-16,-1.,0.));
#1790 = ORIENTED_EDGE('',*,*,#1791,.T.);
#1791 = EDGE_CURVE('',#1784,#1792,#1794,.T.);
#1792 = VERTEX_POINT('',#1793);
#1793 = CARTESIAN_POINT('',(32.746133917893,-12.60769515458,0.));
#1794 = LINE('',#1795,#1796);
#1795 = CARTESIAN_POINT('',(15.123431863333,-2.433223379538,0.));
#1796 = VECTOR('',#1797,1.);
#1797 = DIRECTION('',(0.866025403784,-0.5,0.));
#1798 = ORIENTED_EDGE('',*,*,#1799,.T.);
#1799 = EDGE_CURVE('',#1792,#1800,#1802,.T.);
#1800 = VERTEX_POINT('',#1801);
#1801 = CARTESIAN_POINT('',(38.808311744384,-9.107695154587,0.));
#1802 = LINE('',#1803,#1804);
#1803 = CARTESIAN_POINT('',(23.613812920099,-17.88024314098,0.));
#1804 = VECTOR('',#1805,1.);
#1805 = DIRECTION('',(0.866025403784,0.5,0.));
#1806 = ORIENTED_EDGE('',*,*,#1807,.T.);
#1807 = EDGE_CURVE('',#1800,#1766,#1808,.T.);
#1808 = LINE('',#1809,#1810);
#1809 = CARTESIAN_POINT('',(38.808311744384,-4.553847577293,0.));
#1810 = VECTOR('',#1811,1.);
#1811 = DIRECTION('',(1.015061051086E-15,1.,0.));
#1812 = FACE_BOUND('',#1813,.T.);
#1813 = EDGE_LOOP('',(#1814,#1824,#1832,#1840,#1848,#1856));
#1814 = ORIENTED_EDGE('',*,*,#1815,.T.);
#1815 = EDGE_CURVE('',#1816,#1818,#1820,.T.);
#1816 = VERTEX_POINT('',#1817);
#1817 = CARTESIAN_POINT('',(23.683956091402,-2.107695154587,0.));
#1818 = VERTEX_POINT('',#1819);
#1819 = CARTESIAN_POINT('',(17.621778264911,1.392304845413,0.));
#1820 = LINE('',#1821,#1822);
#1821 = CARTESIAN_POINT('',(14.763976319956,3.042257567624,0.));
#1822 = VECTOR('',#1823,1.);
#1823 = DIRECTION('',(-0.866025403784,0.5,0.));
#1824 = ORIENTED_EDGE('',*,*,#1825,.T.);
#1825 = EDGE_CURVE('',#1818,#1826,#1828,.T.);
#1826 = VERTEX_POINT('',#1827);
#1827 = CARTESIAN_POINT('',(11.55960043842,-2.107695154587,0.));
#1828 = LINE('',#1829,#1830);
#1829 = CARTESIAN_POINT('',(11.13000172374,-2.35572408815,
    1.110223024625E-16));
#1830 = VECTOR('',#1831,1.);
#1831 = DIRECTION('',(-0.866025403784,-0.5,0.));
#1832 = ORIENTED_EDGE('',*,*,#1833,.T.);
#1833 = EDGE_CURVE('',#1826,#1834,#1836,.T.);
#1834 = VERTEX_POINT('',#1835);
#1835 = CARTESIAN_POINT('',(11.55960043842,-9.107695154587,0.));
#1836 = LINE('',#1837,#1838);
#1837 = CARTESIAN_POINT('',(11.55960043842,-1.053847577293,0.));
#1838 = VECTOR('',#1839,1.);
#1839 = DIRECTION('',(2.537652627715E-16,-1.,0.));
#1840 = ORIENTED_EDGE('',*,*,#1841,.T.);
#1841 = EDGE_CURVE('',#1834,#1842,#1844,.T.);
#1842 = VERTEX_POINT('',#1843);
#1843 = CARTESIAN_POINT('',(17.621778264911,-12.60769515458,0.));
#1844 = LINE('',#1845,#1846);
#1845 = CARTESIAN_POINT('',(5.670709580219,-5.707742432376,0.));
#1846 = VECTOR('',#1847,1.);
#1847 = DIRECTION('',(0.866025403784,-0.5,0.));
#1848 = ORIENTED_EDGE('',*,*,#1849,.T.);
#1849 = EDGE_CURVE('',#1842,#1850,#1852,.T.);
#1850 = VERTEX_POINT('',#1851);
#1851 = CARTESIAN_POINT('',(23.683956091402,-9.107695154587,0.));
#1852 = LINE('',#1853,#1854);
#1853 = CARTESIAN_POINT('',(14.161090636986,-14.60572408815,0.));
#1854 = VECTOR('',#1855,1.);
#1855 = DIRECTION('',(0.866025403784,0.5,0.));
#1856 = ORIENTED_EDGE('',*,*,#1857,.T.);
#1857 = EDGE_CURVE('',#1850,#1816,#1858,.T.);
#1858 = LINE('',#1859,#1860);
#1859 = CARTESIAN_POINT('',(23.683956091402,-4.553847577293,0.));
#1860 = VECTOR('',#1861,1.);
#1861 = DIRECTION('',(0.,1.,0.));
#1862 = FACE_BOUND('',#1863,.T.);
#1863 = EDGE_LOOP('',(#1864));
#1864 = ORIENTED_EDGE('',*,*,#1865,.T.);
#1865 = EDGE_CURVE('',#1866,#1866,#1868,.T.);
#1866 = VERTEX_POINT('',#1867);
#1867 = CARTESIAN_POINT('',(-66.8431457505,-133.8286140095,0.));
#1868 = CIRCLE('',#1869,1.5);
#1869 = AXIS2_PLACEMENT_3D('',#1870,#1871,#1872);
#1870 = CARTESIAN_POINT('',(-68.3431457505,-133.8286140095,0.));
#1871 = DIRECTION('',(0.,0.,1.));
#1872 = DIRECTION('',(1.,0.,0.));
#1873 = FACE_BOUND('',#1874,.T.);
#1874 = EDGE_LOOP('',(#1875));
#1875 = ORIENTED_EDGE('',*,*,#1876,.T.);
#1876 = EDGE_CURVE('',#1877,#1877,#1879,.T.);
#1877 = VERTEX_POINT('',#1878);
#1878 = CARTESIAN_POINT('',(-70.,-128.17175976,0.));
#1879 = CIRCLE('',#1880,4.);
#1880 = AXIS2_PLACEMENT_3D('',#1881,#1882,#1883);
#1881 = CARTESIAN_POINT('',(-74.,-128.17175976,0.));
#1882 = DIRECTION('',(0.,0.,1.));
#1883 = DIRECTION('',(1.,0.,0.));
#1884 = FACE_BOUND('',#1885,.T.);
#1885 = EDGE_LOOP('',(#1886));
#1886 = ORIENTED_EDGE('',*,*,#1887,.T.);
#1887 = EDGE_CURVE('',#1888,#1888,#1890,.T.);
#1888 = VERTEX_POINT('',#1889);
#1889 = CARTESIAN_POINT('',(-66.8431457505,-122.5149055106,0.));
#1890 = CIRCLE('',#1891,1.5);
#1891 = AXIS2_PLACEMENT_3D('',#1892,#1893,#1894);
#1892 = CARTESIAN_POINT('',(-68.3431457505,-122.5149055106,0.));
#1893 = DIRECTION('',(0.,0.,1.));
#1894 = DIRECTION('',(1.,0.,0.));
#1895 = FACE_BOUND('',#1896,.T.);
#1896 = EDGE_LOOP('',(#1897));
#1897 = ORIENTED_EDGE('',*,*,#1898,.T.);
#1898 = EDGE_CURVE('',#1899,#1899,#1901,.T.);
#1899 = VERTEX_POINT('',#1900);
#1900 = CARTESIAN_POINT('',(-53.841,-95.16060341864,0.));
#1901 = CIRCLE('',#1902,1.1);
#1902 = AXIS2_PLACEMENT_3D('',#1903,#1904,#1905);
#1903 = CARTESIAN_POINT('',(-54.941,-95.16060341864,0.));
#1904 = DIRECTION('',(0.,0.,1.));
#1905 = DIRECTION('',(1.,0.,0.));
#1906 = FACE_BOUND('',#1907,.T.);
#1907 = EDGE_LOOP('',(#1908));
#1908 = ORIENTED_EDGE('',*,*,#1909,.T.);
#1909 = EDGE_CURVE('',#1910,#1910,#1912,.T.);
#1910 = VERTEX_POINT('',#1911);
#1911 = CARTESIAN_POINT('',(-47.841,-84.76829857322,0.));
#1912 = CIRCLE('',#1913,1.1);
#1913 = AXIS2_PLACEMENT_3D('',#1914,#1915,#1916);
#1914 = CARTESIAN_POINT('',(-48.941,-84.76829857322,0.));
#1915 = DIRECTION('',(0.,0.,1.));
#1916 = DIRECTION('',(1.,0.,0.));
#1917 = FACE_BOUND('',#1918,.T.);
#1918 = EDGE_LOOP('',(#1919));
#1919 = ORIENTED_EDGE('',*,*,#1920,.T.);
#1920 = EDGE_CURVE('',#1921,#1921,#1923,.T.);
#1921 = VERTEX_POINT('',#1922);
#1922 = CARTESIAN_POINT('',(-78.15685424949,-133.8286140095,0.));
#1923 = CIRCLE('',#1924,1.5);
#1924 = AXIS2_PLACEMENT_3D('',#1925,#1926,#1927);
#1925 = CARTESIAN_POINT('',(-79.65685424949,-133.8286140095,0.));
#1926 = DIRECTION('',(0.,0.,1.));
#1927 = DIRECTION('',(1.,0.,0.));
#1928 = FACE_BOUND('',#1929,.T.);
#1929 = EDGE_LOOP('',(#1930));
#1930 = ORIENTED_EDGE('',*,*,#1931,.T.);
#1931 = EDGE_CURVE('',#1932,#1932,#1934,.T.);
#1932 = VERTEX_POINT('',#1933);
#1933 = CARTESIAN_POINT('',(-78.15685424949,-122.5149055106,0.));
#1934 = CIRCLE('',#1935,1.5);
#1935 = AXIS2_PLACEMENT_3D('',#1936,#1937,#1938);
#1936 = CARTESIAN_POINT('',(-79.65685424949,-122.5149055106,0.));
#1937 = DIRECTION('',(0.,0.,1.));
#1938 = DIRECTION('',(1.,0.,0.));
#1939 = FACE_BOUND('',#1940,.T.);
#1940 = EDGE_LOOP('',(#1941,#1951,#1959,#1967,#1975,#1983));
#1941 = ORIENTED_EDGE('',*,*,#1942,.T.);
#1942 = EDGE_CURVE('',#1943,#1945,#1947,.T.);
#1943 = VERTEX_POINT('',#1944);
#1944 = CARTESIAN_POINT('',(-21.68911086754,-54.5,0.));
#1945 = VERTEX_POINT('',#1946);
#1946 = CARTESIAN_POINT('',(-27.75128869403,-51.,0.));
#1947 = LINE('',#1948,#1949);
#1948 = CARTESIAN_POINT('',(-24.93745726912,-52.62456633062,0.));
#1949 = VECTOR('',#1950,1.);
#1950 = DIRECTION('',(-0.866025403784,0.5,0.));
#1951 = ORIENTED_EDGE('',*,*,#1952,.T.);
#1952 = EDGE_CURVE('',#1945,#1953,#1955,.T.);
#1953 = VERTEX_POINT('',#1954);
#1954 = CARTESIAN_POINT('',(-33.81346652052,-54.5,0.));
#1955 = LINE('',#1956,#1957);
#1956 = CARTESIAN_POINT('',(-5.884898385865,-38.37543366937,
    1.110223024625E-16));
#1957 = VECTOR('',#1958,1.);
#1958 = DIRECTION('',(-0.866025403784,-0.5,0.));
#1959 = ORIENTED_EDGE('',*,*,#1960,.T.);
#1960 = EDGE_CURVE('',#1953,#1961,#1963,.T.);
#1961 = VERTEX_POINT('',#1962);
#1962 = CARTESIAN_POINT('',(-33.81346652052,-61.5,0.));
#1963 = LINE('',#1964,#1965);
#1964 = CARTESIAN_POINT('',(-33.81346652052,-27.25,0.));
#1965 = VECTOR('',#1966,1.);
#1966 = DIRECTION('',(0.,-1.,0.));
#1967 = ORIENTED_EDGE('',*,*,#1968,.T.);
#1968 = EDGE_CURVE('',#1961,#1969,#1971,.T.);
#1969 = VERTEX_POINT('',#1970);
#1970 = CARTESIAN_POINT('',(-27.75128869403,-65.,0.));
#1971 = LINE('',#1972,#1973);
#1972 = CARTESIAN_POINT('',(-34.03072400885,-61.37456633062,
    1.110223024625E-16));
#1973 = VECTOR('',#1974,1.);
#1974 = DIRECTION('',(0.866025403784,-0.5,0.));
#1975 = ORIENTED_EDGE('',*,*,#1976,.T.);
#1976 = EDGE_CURVE('',#1969,#1977,#1979,.T.);
#1977 = VERTEX_POINT('',#1978);
#1978 = CARTESIAN_POINT('',(-21.68911086754,-61.5,0.));
#1979 = LINE('',#1980,#1981);
#1980 = CARTESIAN_POINT('',(-2.853809472619,-50.62543366937,0.));
#1981 = VECTOR('',#1982,1.);
#1982 = DIRECTION('',(0.866025403784,0.5,0.));
#1983 = ORIENTED_EDGE('',*,*,#1984,.T.);
#1984 = EDGE_CURVE('',#1977,#1943,#1985,.T.);
#1985 = LINE('',#1986,#1987);
#1986 = CARTESIAN_POINT('',(-21.68911086754,-30.75,0.));
#1987 = VECTOR('',#1988,1.);
#1988 = DIRECTION('',(0.,1.,0.));
#1989 = FACE_BOUND('',#1990,.T.);
#1990 = EDGE_LOOP('',(#1991,#2001,#2009,#2017,#2025,#2033));
#1991 = ORIENTED_EDGE('',*,*,#1992,.T.);
#1992 = EDGE_CURVE('',#1993,#1995,#1997,.T.);
#1993 = VERTEX_POINT('',#1994);
#1994 = CARTESIAN_POINT('',(-14.12693304105,-41.40192378864,0.));
#1995 = VERTEX_POINT('',#1996);
#1996 = CARTESIAN_POINT('',(-20.18911086754,-37.90192378864,0.));
#1997 = LINE('',#1998,#1999);
#1998 = CARTESIAN_POINT('',(-17.37527944263,-39.52649011927,0.));
#1999 = VECTOR('',#2000,1.);
#2000 = DIRECTION('',(-0.866025403784,0.5,0.));
#2001 = ORIENTED_EDGE('',*,*,#2002,.T.);
#2002 = EDGE_CURVE('',#1995,#2003,#2005,.T.);
#2003 = VERTEX_POINT('',#2004);
#2004 = CARTESIAN_POINT('',(-26.25128869403,-41.40192378864,0.));
#2005 = LINE('',#2006,#2007);
#2006 = CARTESIAN_POINT('',(-3.994353929242,-28.55187651085,
    1.110223024625E-16));
#2007 = VECTOR('',#2008,1.);
#2008 = DIRECTION('',(-0.866025403784,-0.5,0.));
#2009 = ORIENTED_EDGE('',*,*,#2010,.T.);
#2010 = EDGE_CURVE('',#2003,#2011,#2013,.T.);
#2011 = VERTEX_POINT('',#2012);
#2012 = CARTESIAN_POINT('',(-26.25128869403,-48.40192378864,0.));
#2013 = LINE('',#2014,#2015);
#2014 = CARTESIAN_POINT('',(-26.25128869403,-20.70096189432,0.));
#2015 = VECTOR('',#2016,1.);
#2016 = DIRECTION('',(5.075305255429E-16,-1.,0.));
#2017 = ORIENTED_EDGE('',*,*,#2018,.T.);
#2018 = EDGE_CURVE('',#2011,#2019,#2021,.T.);
#2019 = VERTEX_POINT('',#2020);
#2020 = CARTESIAN_POINT('',(-20.18911086754,-51.90192378864,0.));
#2021 = LINE('',#2022,#2023);
#2022 = CARTESIAN_POINT('',(-26.46854618236,-48.27649011927,0.));
#2023 = VECTOR('',#2024,1.);
#2024 = DIRECTION('',(0.866025403784,-0.5,0.));
#2025 = ORIENTED_EDGE('',*,*,#2026,.T.);
#2026 = EDGE_CURVE('',#2019,#2027,#2029,.T.);
#2027 = VERTEX_POINT('',#2028);
#2028 = CARTESIAN_POINT('',(-14.12693304105,-48.40192378864,0.));
#2029 = LINE('',#2030,#2031);
#2030 = CARTESIAN_POINT('',(-0.963265015997,-40.80187651085,0.));
#2031 = VECTOR('',#2032,1.);
#2032 = DIRECTION('',(0.866025403784,0.5,0.));
#2033 = ORIENTED_EDGE('',*,*,#2034,.T.);
#2034 = EDGE_CURVE('',#2027,#1993,#2035,.T.);
#2035 = LINE('',#2036,#2037);
#2036 = CARTESIAN_POINT('',(-14.12693304105,-24.20096189432,0.));
#2037 = VECTOR('',#2038,1.);
#2038 = DIRECTION('',(0.,1.,0.));
#2039 = FACE_BOUND('',#2040,.T.);
#2040 = EDGE_LOOP('',(#2041,#2051,#2059,#2067,#2075,#2083));
#2041 = ORIENTED_EDGE('',*,*,#2042,.T.);
#2042 = EDGE_CURVE('',#2043,#2045,#2047,.T.);
#2043 = VERTEX_POINT('',#2044);
#2044 = CARTESIAN_POINT('',(-6.564755214563,-28.30384757729,0.));
#2045 = VERTEX_POINT('',#2046);
#2046 = CARTESIAN_POINT('',(-12.62693304105,-24.80384757729,0.));
#2047 = LINE('',#2048,#2049);
#2048 = CARTESIAN_POINT('',(-9.81310161614,-26.42841390792,
    1.110223024625E-16));
#2049 = VECTOR('',#2050,1.);
#2050 = DIRECTION('',(-0.866025403784,0.5,0.));
#2051 = ORIENTED_EDGE('',*,*,#2052,.T.);
#2052 = EDGE_CURVE('',#2045,#2053,#2055,.T.);
#2053 = VERTEX_POINT('',#2054);
#2054 = CARTESIAN_POINT('',(-18.68911086754,-28.30384757729,0.));
#2055 = LINE('',#2056,#2057);
#2056 = CARTESIAN_POINT('',(-2.103809472619,-18.72831935234,0.));
#2057 = VECTOR('',#2058,1.);
#2058 = DIRECTION('',(-0.866025403784,-0.5,0.));
#2059 = ORIENTED_EDGE('',*,*,#2060,.T.);
#2060 = EDGE_CURVE('',#2053,#2061,#2063,.T.);
#2061 = VERTEX_POINT('',#2062);
#2062 = CARTESIAN_POINT('',(-18.68911086754,-35.30384757729,0.));
#2063 = LINE('',#2064,#2065);
#2064 = CARTESIAN_POINT('',(-18.68911086754,-14.15192378864,0.));
#2065 = VECTOR('',#2066,1.);
#2066 = DIRECTION('',(0.,-1.,0.));
#2067 = ORIENTED_EDGE('',*,*,#2068,.T.);
#2068 = EDGE_CURVE('',#2061,#2069,#2071,.T.);
#2069 = VERTEX_POINT('',#2070);
#2070 = CARTESIAN_POINT('',(-12.62693304105,-38.80384757729,0.));
#2071 = LINE('',#2072,#2073);
#2072 = CARTESIAN_POINT('',(-18.90636835587,-35.17841390792,0.));
#2073 = VECTOR('',#2074,1.);
#2074 = DIRECTION('',(0.866025403784,-0.5,0.));
#2075 = ORIENTED_EDGE('',*,*,#2076,.T.);
#2076 = EDGE_CURVE('',#2069,#2077,#2079,.T.);
#2077 = VERTEX_POINT('',#2078);
#2078 = CARTESIAN_POINT('',(-6.564755214563,-35.30384757729,0.));
#2079 = LINE('',#2080,#2081);
#2080 = CARTESIAN_POINT('',(0.927279440626,-30.97831935234,
    1.110223024625E-16));
#2081 = VECTOR('',#2082,1.);
#2082 = DIRECTION('',(0.866025403784,0.5,0.));
#2083 = ORIENTED_EDGE('',*,*,#2084,.T.);
#2084 = EDGE_CURVE('',#2077,#2043,#2085,.T.);
#2085 = LINE('',#2086,#2087);
#2086 = CARTESIAN_POINT('',(-6.564755214563,-17.65192378864,0.));
#2087 = VECTOR('',#2088,1.);
#2088 = DIRECTION('',(2.537652627715E-16,1.,0.));
#2089 = FACE_BOUND('',#2090,.T.);
#2090 = EDGE_LOOP('',(#2091,#2101,#2109,#2117,#2125,#2133));
#2091 = ORIENTED_EDGE('',*,*,#2092,.T.);
#2092 = EDGE_CURVE('',#2093,#2095,#2097,.T.);
#2093 = VERTEX_POINT('',#2094);
#2094 = CARTESIAN_POINT('',(0.997422611929,-15.20577136594,0.));
#2095 = VERTEX_POINT('',#2096);
#2096 = CARTESIAN_POINT('',(-5.064755214563,-11.70577136594,0.));
#2097 = LINE('',#2098,#2099);
#2098 = CARTESIAN_POINT('',(-2.250923789649,-13.33033769656,
    1.110223024625E-16));
#2099 = VECTOR('',#2100,1.);
#2100 = DIRECTION('',(-0.866025403784,0.5,0.));
#2101 = ORIENTED_EDGE('',*,*,#2102,.T.);
#2102 = EDGE_CURVE('',#2095,#2103,#2105,.T.);
#2103 = VERTEX_POINT('',#2104);
#2104 = CARTESIAN_POINT('',(-11.12693304105,-15.20577136594,0.));
#2105 = LINE('',#2106,#2107);
#2106 = CARTESIAN_POINT('',(-0.213265015997,-8.904762193827,0.));
#2107 = VECTOR('',#2108,1.);
#2108 = DIRECTION('',(-0.866025403784,-0.5,0.));
#2109 = ORIENTED_EDGE('',*,*,#2110,.T.);
#2110 = EDGE_CURVE('',#2103,#2111,#2113,.T.);
#2111 = VERTEX_POINT('',#2112);
#2112 = CARTESIAN_POINT('',(-11.12693304105,-22.20577136594,0.));
#2113 = LINE('',#2114,#2115);
#2114 = CARTESIAN_POINT('',(-11.12693304105,-7.60288568297,0.));
#2115 = VECTOR('',#2116,1.);
#2116 = DIRECTION('',(0.,-1.,0.));
#2117 = ORIENTED_EDGE('',*,*,#2118,.T.);
#2118 = EDGE_CURVE('',#2111,#2119,#2121,.T.);
#2119 = VERTEX_POINT('',#2120);
#2120 = CARTESIAN_POINT('',(-5.064755214563,-25.70577136594,0.));
#2121 = LINE('',#2122,#2123);
#2122 = CARTESIAN_POINT('',(-11.34419052938,-22.08033769656,
    1.110223024625E-16));
#2123 = VECTOR('',#2124,1.);
#2124 = DIRECTION('',(0.866025403784,-0.5,0.));
#2125 = ORIENTED_EDGE('',*,*,#2126,.T.);
#2126 = EDGE_CURVE('',#2119,#2127,#2129,.T.);
#2127 = VERTEX_POINT('',#2128);
#2128 = CARTESIAN_POINT('',(0.997422611929,-22.20577136594,0.));
#2129 = LINE('',#2130,#2131);
#2130 = CARTESIAN_POINT('',(2.817823897249,-21.15476219382,0.));
#2131 = VECTOR('',#2132,1.);
#2132 = DIRECTION('',(0.866025403784,0.5,0.));
#2133 = ORIENTED_EDGE('',*,*,#2134,.T.);
#2134 = EDGE_CURVE('',#2127,#2093,#2135,.T.);
#2135 = LINE('',#2136,#2137);
#2136 = CARTESIAN_POINT('',(0.997422611929,-11.10288568297,0.));
#2137 = VECTOR('',#2138,1.);
#2138 = DIRECTION('',(2.537652627715E-16,1.,0.));
#2139 = FACE_BOUND('',#2140,.T.);
#2140 = EDGE_LOOP('',(#2141,#2151,#2159,#2167,#2175,#2183));
#2141 = ORIENTED_EDGE('',*,*,#2142,.T.);
#2142 = EDGE_CURVE('',#2143,#2145,#2147,.T.);
#2143 = VERTEX_POINT('',#2144);
#2144 = CARTESIAN_POINT('',(-21.68911086754,-28.30384757729,0.));
#2145 = VERTEX_POINT('',#2146);
#2146 = CARTESIAN_POINT('',(-27.75128869403,-24.80384757729,0.));
#2147 = LINE('',#2148,#2149);
#2148 = CARTESIAN_POINT('',(-19.26582389925,-29.70293296076,0.));
#2149 = VECTOR('',#2150,1.);
#2150 = DIRECTION('',(-0.866025403784,0.5,0.));
#2151 = ORIENTED_EDGE('',*,*,#2152,.T.);
#2152 = EDGE_CURVE('',#2145,#2153,#2155,.T.);
#2153 = VERTEX_POINT('',#2154);
#2154 = CARTESIAN_POINT('',(-33.81346652052,-28.30384757729,0.));
#2155 = LINE('',#2156,#2157);
#2156 = CARTESIAN_POINT('',(-11.55653175573,-15.4538002995,
    1.110223024625E-16));
#2157 = VECTOR('',#2158,1.);
#2158 = DIRECTION('',(-0.866025403784,-0.5,0.));
#2159 = ORIENTED_EDGE('',*,*,#2160,.T.);
#2160 = EDGE_CURVE('',#2153,#2161,#2163,.T.);
#2161 = VERTEX_POINT('',#2162);
#2162 = CARTESIAN_POINT('',(-33.81346652052,-35.30384757729,0.));
#2163 = LINE('',#2164,#2165);
#2164 = CARTESIAN_POINT('',(-33.81346652052,-14.15192378864,0.));
#2165 = VECTOR('',#2166,1.);
#2166 = DIRECTION('',(0.,-1.,0.));
#2167 = ORIENTED_EDGE('',*,*,#2168,.T.);
#2168 = EDGE_CURVE('',#2161,#2169,#2171,.T.);
#2169 = VERTEX_POINT('',#2170);
#2170 = CARTESIAN_POINT('',(-27.75128869403,-38.80384757729,0.));
#2171 = LINE('',#2172,#2173);
#2172 = CARTESIAN_POINT('',(-28.35909063899,-38.45293296076,
    1.110223024625E-16));
#2173 = VECTOR('',#2174,1.);
#2174 = DIRECTION('',(0.866025403784,-0.5,0.));
#2175 = ORIENTED_EDGE('',*,*,#2176,.T.);
#2176 = EDGE_CURVE('',#2169,#2177,#2179,.T.);
#2177 = VERTEX_POINT('',#2178);
#2178 = CARTESIAN_POINT('',(-21.68911086754,-35.30384757729,0.));
#2179 = LINE('',#2180,#2181);
#2180 = CARTESIAN_POINT('',(-8.525442842488,-27.7038002995,0.));
#2181 = VECTOR('',#2182,1.);
#2182 = DIRECTION('',(0.866025403784,0.5,0.));
#2183 = ORIENTED_EDGE('',*,*,#2184,.T.);
#2184 = EDGE_CURVE('',#2177,#2143,#2185,.T.);
#2185 = LINE('',#2186,#2187);
#2186 = CARTESIAN_POINT('',(-21.68911086754,-17.65192378864,0.));
#2187 = VECTOR('',#2188,1.);
#2188 = DIRECTION('',(0.,1.,0.));
#2189 = FACE_BOUND('',#2190,.T.);
#2190 = EDGE_LOOP('',(#2191));
#2191 = ORIENTED_EDGE('',*,*,#2192,.T.);
#2192 = EDGE_CURVE('',#2193,#2193,#2195,.T.);
#2193 = VERTEX_POINT('',#2194);
#2194 = CARTESIAN_POINT('',(-20.92741699797,-22.62741699797,0.));
#2195 = CIRCLE('',#2196,1.7);
#2196 = AXIS2_PLACEMENT_3D('',#2197,#2198,#2199);
#2197 = CARTESIAN_POINT('',(-22.62741699797,-22.62741699797,0.));
#2198 = DIRECTION('',(0.,0.,1.));
#2199 = DIRECTION('',(1.,0.,0.));
#2200 = FACE_BOUND('',#2201,.T.);
#2201 = EDGE_LOOP('',(#2202,#2212,#2220,#2228,#2236,#2244));
#2202 = ORIENTED_EDGE('',*,*,#2203,.T.);
#2203 = EDGE_CURVE('',#2204,#2206,#2208,.T.);
#2204 = VERTEX_POINT('',#2205);
#2205 = CARTESIAN_POINT('',(-29.25128869403,-15.20577136594,0.));
#2206 = VERTEX_POINT('',#2207);
#2207 = CARTESIAN_POINT('',(-35.31346652052,-11.70577136594,0.));
#2208 = LINE('',#2209,#2210);
#2209 = CARTESIAN_POINT('',(-21.15636835587,-19.87937580224,0.));
#2210 = VECTOR('',#2211,1.);
#2211 = DIRECTION('',(-0.866025403784,0.5,0.));
#2212 = ORIENTED_EDGE('',*,*,#2213,.T.);
#2213 = EDGE_CURVE('',#2206,#2214,#2216,.T.);
#2214 = VERTEX_POINT('',#2215);
#2215 = CARTESIAN_POINT('',(-41.37564434701,-15.20577136594,0.));
#2216 = LINE('',#2217,#2218);
#2217 = CARTESIAN_POINT('',(-19.11870958222,-2.35572408815,
    1.110223024625E-16));
#2218 = VECTOR('',#2219,1.);
#2219 = DIRECTION('',(-0.866025403784,-0.5,0.));
#2220 = ORIENTED_EDGE('',*,*,#2221,.T.);
#2221 = EDGE_CURVE('',#2214,#2222,#2224,.T.);
#2222 = VERTEX_POINT('',#2223);
#2223 = CARTESIAN_POINT('',(-41.37564434701,-22.20577136594,0.));
#2224 = LINE('',#2225,#2226);
#2225 = CARTESIAN_POINT('',(-41.37564434701,-7.60288568297,0.));
#2226 = VECTOR('',#2227,1.);
#2227 = DIRECTION('',(0.,-1.,0.));
#2228 = ORIENTED_EDGE('',*,*,#2229,.T.);
#2229 = EDGE_CURVE('',#2222,#2230,#2232,.T.);
#2230 = VERTEX_POINT('',#2231);
#2231 = CARTESIAN_POINT('',(-35.31346652052,-25.70577136594,0.));
#2232 = LINE('',#2233,#2234);
#2233 = CARTESIAN_POINT('',(-30.24963509561,-28.62937580224,
    1.110223024625E-16));
#2234 = VECTOR('',#2235,1.);
#2235 = DIRECTION('',(0.866025403784,-0.5,0.));
#2236 = ORIENTED_EDGE('',*,*,#2237,.T.);
#2237 = EDGE_CURVE('',#2230,#2238,#2240,.T.);
#2238 = VERTEX_POINT('',#2239);
#2239 = CARTESIAN_POINT('',(-29.25128869403,-22.20577136594,0.));
#2240 = LINE('',#2241,#2242);
#2241 = CARTESIAN_POINT('',(-16.08762066897,-14.60572408815,0.));
#2242 = VECTOR('',#2243,1.);
#2243 = DIRECTION('',(0.866025403784,0.5,0.));
#2244 = ORIENTED_EDGE('',*,*,#2245,.T.);
#2245 = EDGE_CURVE('',#2238,#2204,#2246,.T.);
#2246 = LINE('',#2247,#2248);
#2247 = CARTESIAN_POINT('',(-29.25128869403,-11.10288568297,0.));
#2248 = VECTOR('',#2249,1.);
#2249 = DIRECTION('',(0.,1.,0.));
#2250 = FACE_BOUND('',#2251,.T.);
#2251 = EDGE_LOOP('',(#2252,#2262,#2270,#2278,#2286,#2294));
#2252 = ORIENTED_EDGE('',*,*,#2253,.T.);
#2253 = EDGE_CURVE('',#2254,#2256,#2258,.T.);
#2254 = VERTEX_POINT('',#2255);
#2255 = CARTESIAN_POINT('',(-21.68911086754,-2.107695154587,0.));
#2256 = VERTEX_POINT('',#2257);
#2257 = CARTESIAN_POINT('',(-27.75128869403,1.392304845413,0.));
#2258 = LINE('',#2259,#2260);
#2259 = CARTESIAN_POINT('',(-13.59419052938,-6.781299590891,0.));
#2260 = VECTOR('',#2261,1.);
#2261 = DIRECTION('',(-0.866025403784,0.5,0.));
#2262 = ORIENTED_EDGE('',*,*,#2263,.T.);
#2263 = EDGE_CURVE('',#2256,#2264,#2266,.T.);
#2264 = VERTEX_POINT('',#2265);
#2265 = CARTESIAN_POINT('',(-33.81346652052,-2.107695154587,0.));
#2266 = LINE('',#2267,#2268);
#2267 = CARTESIAN_POINT('',(-17.2281651256,7.467833070364,
    1.110223024625E-16));
#2268 = VECTOR('',#2269,1.);
#2269 = DIRECTION('',(-0.866025403784,-0.5,0.));
#2270 = ORIENTED_EDGE('',*,*,#2271,.T.);
#2271 = EDGE_CURVE('',#2264,#2272,#2274,.T.);
#2272 = VERTEX_POINT('',#2273);
#2273 = CARTESIAN_POINT('',(-33.81346652052,-9.107695154587,0.));
#2274 = LINE('',#2275,#2276);
#2275 = CARTESIAN_POINT('',(-33.81346652052,-1.053847577293,0.));
#2276 = VECTOR('',#2277,1.);
#2277 = DIRECTION('',(0.,-1.,0.));
#2278 = ORIENTED_EDGE('',*,*,#2279,.T.);
#2279 = EDGE_CURVE('',#2272,#2280,#2282,.T.);
#2280 = VERTEX_POINT('',#2281);
#2281 = CARTESIAN_POINT('',(-27.75128869403,-12.60769515458,0.));
#2282 = LINE('',#2283,#2284);
#2283 = CARTESIAN_POINT('',(-22.68745726912,-15.53129959089,
    1.110223024625E-16));
#2284 = VECTOR('',#2285,1.);
#2285 = DIRECTION('',(0.866025403784,-0.5,0.));
#2286 = ORIENTED_EDGE('',*,*,#2287,.T.);
#2287 = EDGE_CURVE('',#2280,#2288,#2290,.T.);
#2288 = VERTEX_POINT('',#2289);
#2289 = CARTESIAN_POINT('',(-21.68911086754,-9.107695154587,0.));
#2290 = LINE('',#2291,#2292);
#2291 = CARTESIAN_POINT('',(-14.19707621235,-4.782166929636,0.));
#2292 = VECTOR('',#2293,1.);
#2293 = DIRECTION('',(0.866025403784,0.5,0.));
#2294 = ORIENTED_EDGE('',*,*,#2295,.T.);
#2295 = EDGE_CURVE('',#2288,#2254,#2296,.T.);
#2296 = LINE('',#2297,#2298);
#2297 = CARTESIAN_POINT('',(-21.68911086754,-4.553847577293,0.));
#2298 = VECTOR('',#2299,1.);
#2299 = DIRECTION('',(0.,1.,0.));
#2300 = FACE_BOUND('',#2301,.T.);
#2301 = EDGE_LOOP('',(#2302,#2312,#2320,#2328,#2336,#2344));
#2302 = ORIENTED_EDGE('',*,*,#2303,.T.);
#2303 = EDGE_CURVE('',#2304,#2306,#2308,.T.);
#2304 = VERTEX_POINT('',#2305);
#2305 = CARTESIAN_POINT('',(-36.81346652052,-2.107695154587,0.));
#2306 = VERTEX_POINT('',#2307);
#2307 = CARTESIAN_POINT('',(-42.87564434701,1.392304845413,0.));
#2308 = LINE('',#2309,#2310);
#2309 = CARTESIAN_POINT('',(-23.0469128125,-10.05581864373,
    1.110223024625E-16));
#2310 = VECTOR('',#2311,1.);
#2311 = DIRECTION('',(-0.866025403784,0.5,0.));
#2312 = ORIENTED_EDGE('',*,*,#2313,.T.);
#2313 = EDGE_CURVE('',#2306,#2314,#2316,.T.);
#2314 = VERTEX_POINT('',#2315);
#2315 = CARTESIAN_POINT('',(-48.9378221735,-2.107695154587,0.));
#2316 = LINE('',#2317,#2318);
#2317 = CARTESIAN_POINT('',(-26.68088740871,10.742352123203,
    1.110223024625E-16));
#2318 = VECTOR('',#2319,1.);
#2319 = DIRECTION('',(-0.866025403784,-0.5,0.));
#2320 = ORIENTED_EDGE('',*,*,#2321,.T.);
#2321 = EDGE_CURVE('',#2314,#2322,#2324,.T.);
#2322 = VERTEX_POINT('',#2323);
#2323 = CARTESIAN_POINT('',(-48.9378221735,-9.107695154587,0.));
#2324 = LINE('',#2325,#2326);
#2325 = CARTESIAN_POINT('',(-48.9378221735,-1.053847577293,0.));
#2326 = VECTOR('',#2327,1.);
#2327 = DIRECTION('',(0.,-1.,0.));
#2328 = ORIENTED_EDGE('',*,*,#2329,.T.);
#2329 = EDGE_CURVE('',#2322,#2330,#2332,.T.);
#2330 = VERTEX_POINT('',#2331);
#2331 = CARTESIAN_POINT('',(-42.87564434701,-12.60769515458,0.));
#2332 = LINE('',#2333,#2334);
#2333 = CARTESIAN_POINT('',(-32.14017955223,-18.80581864373,
    1.110223024625E-16));
#2334 = VECTOR('',#2335,1.);
#2335 = DIRECTION('',(0.866025403784,-0.5,0.));
#2336 = ORIENTED_EDGE('',*,*,#2337,.T.);
#2337 = EDGE_CURVE('',#2330,#2338,#2340,.T.);
#2338 = VERTEX_POINT('',#2339);
#2339 = CARTESIAN_POINT('',(-36.81346652052,-9.107695154587,0.));
#2340 = LINE('',#2341,#2342);
#2341 = CARTESIAN_POINT('',(-23.64979849547,-1.507647876797,0.));
#2342 = VECTOR('',#2343,1.);
#2343 = DIRECTION('',(0.866025403784,0.5,0.));
#2344 = ORIENTED_EDGE('',*,*,#2345,.T.);
#2345 = EDGE_CURVE('',#2338,#2304,#2346,.T.);
#2346 = LINE('',#2347,#2348);
#2347 = CARTESIAN_POINT('',(-36.81346652052,-4.553847577293,0.));
#2348 = VECTOR('',#2349,1.);
#2349 = DIRECTION('',(1.015061051086E-15,1.,0.));
#2350 = FACE_BOUND('',#2351,.T.);
#2351 = EDGE_LOOP('',(#2352));
#2352 = ORIENTED_EDGE('',*,*,#2353,.T.);
#2353 = EDGE_CURVE('',#2354,#2354,#2356,.T.);
#2354 = VERTEX_POINT('',#2355);
#2355 = CARTESIAN_POINT('',(-140.8431457505,-5.656854249492,0.));
#2356 = CIRCLE('',#2357,1.5);
#2357 = AXIS2_PLACEMENT_3D('',#2358,#2359,#2360);
#2358 = CARTESIAN_POINT('',(-142.3431457505,-5.656854249492,0.));
#2359 = DIRECTION('',(0.,0.,1.));
#2360 = DIRECTION('',(1.,0.,0.));
#2361 = FACE_BOUND('',#2362,.T.);
#2362 = EDGE_LOOP('',(#2363));
#2363 = ORIENTED_EDGE('',*,*,#2364,.T.);
#2364 = EDGE_CURVE('',#2365,#2365,#2367,.T.);
#2365 = VERTEX_POINT('',#2366);
#2366 = CARTESIAN_POINT('',(-152.1568542494,-5.656854249492,0.));
#2367 = CIRCLE('',#2368,1.5);
#2368 = AXIS2_PLACEMENT_3D('',#2369,#2370,#2371);
#2369 = CARTESIAN_POINT('',(-153.6568542494,-5.656854249492,0.));
#2370 = DIRECTION('',(0.,0.,1.));
#2371 = DIRECTION('',(1.,0.,0.));
#2372 = FACE_BOUND('',#2373,.T.);
#2373 = EDGE_LOOP('',(#2374));
#2374 = ORIENTED_EDGE('',*,*,#2375,.T.);
#2375 = EDGE_CURVE('',#2376,#2376,#2378,.T.);
#2376 = VERTEX_POINT('',#2377);
#2377 = CARTESIAN_POINT('',(152.,-9.797174393179E-16,0.));
#2378 = CIRCLE('',#2379,4.);
#2379 = AXIS2_PLACEMENT_3D('',#2380,#2381,#2382);
#2380 = CARTESIAN_POINT('',(148.,0.,0.));
#2381 = DIRECTION('',(0.,0.,1.));
#2382 = DIRECTION('',(1.,0.,0.));
#2383 = FACE_BOUND('',#2384,.T.);
#2384 = EDGE_LOOP('',(#2385));
#2385 = ORIENTED_EDGE('',*,*,#2386,.T.);
#2386 = EDGE_CURVE('',#2387,#2387,#2389,.T.);
#2387 = VERTEX_POINT('',#2388);
#2388 = CARTESIAN_POINT('',(155.15685424949,5.656854249492,0.));
#2389 = CIRCLE('',#2390,1.5);
#2390 = AXIS2_PLACEMENT_3D('',#2391,#2392,#2393);
#2391 = CARTESIAN_POINT('',(153.65685424949,5.656854249492,0.));
#2392 = DIRECTION('',(0.,0.,1.));
#2393 = DIRECTION('',(1.,0.,0.));
#2394 = FACE_BOUND('',#2395,.T.);
#2395 = EDGE_LOOP('',(#2396));
#2396 = ORIENTED_EDGE('',*,*,#2397,.T.);
#2397 = EDGE_CURVE('',#2398,#2398,#2400,.T.);
#2398 = VERTEX_POINT('',#2399);
#2399 = CARTESIAN_POINT('',(143.8431457505,5.656854249492,0.));
#2400 = CIRCLE('',#2401,1.5);
#2401 = AXIS2_PLACEMENT_3D('',#2402,#2403,#2404);
#2402 = CARTESIAN_POINT('',(142.3431457505,5.656854249492,0.));
#2403 = DIRECTION('',(0.,0.,1.));
#2404 = DIRECTION('',(1.,0.,0.));
#2405 = FACE_BOUND('',#2406,.T.);
#2406 = EDGE_LOOP('',(#2407));
#2407 = ORIENTED_EDGE('',*,*,#2408,.T.);
#2408 = EDGE_CURVE('',#2409,#2409,#2411,.T.);
#2409 = VERTEX_POINT('',#2410);
#2410 = CARTESIAN_POINT('',(110.982,-2.694222958124E-16,0.));
#2411 = CIRCLE('',#2412,1.1);
#2412 = AXIS2_PLACEMENT_3D('',#2413,#2414,#2415);
#2413 = CARTESIAN_POINT('',(109.882,0.,0.));
#2414 = DIRECTION('',(0.,0.,1.));
#2415 = DIRECTION('',(1.,0.,0.));
#2416 = FACE_BOUND('',#2417,.T.);
#2417 = EDGE_LOOP('',(#2418));
#2418 = ORIENTED_EDGE('',*,*,#2419,.T.);
#2419 = EDGE_CURVE('',#2420,#2420,#2422,.T.);
#2420 = VERTEX_POINT('',#2421);
#2421 = CARTESIAN_POINT('',(98.982,-2.694222958124E-16,0.));
#2422 = CIRCLE('',#2423,1.1);
#2423 = AXIS2_PLACEMENT_3D('',#2424,#2425,#2426);
#2424 = CARTESIAN_POINT('',(97.882,0.,0.));
#2425 = DIRECTION('',(0.,0.,1.));
#2426 = DIRECTION('',(1.,0.,0.));
#2427 = FACE_BOUND('',#2428,.T.);
#2428 = EDGE_LOOP('',(#2429,#2439,#2447,#2455,#2463,#2471));
#2429 = ORIENTED_EDGE('',*,*,#2430,.T.);
#2430 = EDGE_CURVE('',#2431,#2433,#2435,.T.);
#2431 = VERTEX_POINT('',#2432);
#2432 = CARTESIAN_POINT('',(46.370489570875,10.990381056767,0.));
#2433 = VERTEX_POINT('',#2434);
#2434 = CARTESIAN_POINT('',(40.308311744384,14.490381056767,0.));
#2435 = LINE('',#2436,#2437);
#2436 = CARTESIAN_POINT('',(31.778876429561,19.414852831815,
    1.110223024625E-16));
#2437 = VECTOR('',#2438,1.);
#2438 = DIRECTION('',(-0.866025403784,0.5,0.));
#2439 = ORIENTED_EDGE('',*,*,#2440,.T.);
#2440 = EDGE_CURVE('',#2433,#2441,#2443,.T.);
#2441 = VERTEX_POINT('',#2442);
#2442 = CARTESIAN_POINT('',(34.246133917893,10.990381056767,0.));
#2443 = LINE('',#2444,#2445);
#2444 = CARTESIAN_POINT('',(22.473268463477,4.193314017526,
    1.110223024625E-16));
#2445 = VECTOR('',#2446,1.);
#2446 = DIRECTION('',(-0.866025403784,-0.5,0.));
#2447 = ORIENTED_EDGE('',*,*,#2448,.T.);
#2448 = EDGE_CURVE('',#2441,#2449,#2451,.T.);
#2449 = VERTEX_POINT('',#2450);
#2450 = CARTESIAN_POINT('',(34.246133917893,3.990381056767,0.));
#2451 = LINE('',#2452,#2453);
#2452 = CARTESIAN_POINT('',(34.246133917893,5.495190528383,0.));
#2453 = VECTOR('',#2454,1.);
#2454 = DIRECTION('',(0.,-1.,0.));
#2455 = ORIENTED_EDGE('',*,*,#2456,.T.);
#2456 = EDGE_CURVE('',#2449,#2457,#2459,.T.);
#2457 = VERTEX_POINT('',#2458);
#2458 = CARTESIAN_POINT('',(40.308311744384,0.490381056767,0.));
#2459 = LINE('',#2460,#2461);
#2460 = CARTESIAN_POINT('',(22.685609689824,10.664852831815,0.));
#2461 = VECTOR('',#2462,1.);
#2462 = DIRECTION('',(0.866025403784,-0.5,0.));
#2463 = ORIENTED_EDGE('',*,*,#2464,.T.);
#2464 = EDGE_CURVE('',#2457,#2465,#2467,.T.);
#2465 = VERTEX_POINT('',#2466);
#2466 = CARTESIAN_POINT('',(46.370489570875,3.990381056767,0.));
#2467 = LINE('',#2468,#2469);
#2468 = CARTESIAN_POINT('',(25.504357376722,-8.056685982474,0.));
#2469 = VECTOR('',#2470,1.);
#2470 = DIRECTION('',(0.866025403784,0.5,0.));
#2471 = ORIENTED_EDGE('',*,*,#2472,.T.);
#2472 = EDGE_CURVE('',#2465,#2431,#2473,.T.);
#2473 = LINE('',#2474,#2475);
#2474 = CARTESIAN_POINT('',(46.370489570875,1.995190528383,0.));
#2475 = VECTOR('',#2476,1.);
#2476 = DIRECTION('',(1.015061051086E-15,1.,0.));
#2477 = FACE_BOUND('',#2478,.T.);
#2478 = EDGE_LOOP('',(#2479,#2489,#2497,#2505,#2513,#2521));
#2479 = ORIENTED_EDGE('',*,*,#2480,.T.);
#2480 = EDGE_CURVE('',#2481,#2483,#2485,.T.);
#2481 = VERTEX_POINT('',#2482);
#2482 = CARTESIAN_POINT('',(31.246133917893,10.990381056767,0.));
#2483 = VERTEX_POINT('',#2484);
#2484 = CARTESIAN_POINT('',(25.183956091402,14.490381056767,0.));
#2485 = LINE('',#2486,#2487);
#2486 = CARTESIAN_POINT('',(22.326154146447,16.140333778977,0.));
#2487 = VECTOR('',#2488,1.);
#2488 = DIRECTION('',(-0.866025403784,0.5,0.));
#2489 = ORIENTED_EDGE('',*,*,#2490,.T.);
#2490 = EDGE_CURVE('',#2483,#2491,#2493,.T.);
#2491 = VERTEX_POINT('',#2492);
#2492 = CARTESIAN_POINT('',(19.121778264911,10.990381056767,0.));
#2493 = LINE('',#2494,#2495);
#2494 = CARTESIAN_POINT('',(13.020546180363,7.467833070364,
    1.110223024625E-16));
#2495 = VECTOR('',#2496,1.);
#2496 = DIRECTION('',(-0.866025403784,-0.5,0.));
#2497 = ORIENTED_EDGE('',*,*,#2498,.T.);
#2498 = EDGE_CURVE('',#2491,#2499,#2501,.T.);
#2499 = VERTEX_POINT('',#2500);
#2500 = CARTESIAN_POINT('',(19.121778264911,3.990381056767,0.));
#2501 = LINE('',#2502,#2503);
#2502 = CARTESIAN_POINT('',(19.121778264911,5.495190528383,0.));
#2503 = VECTOR('',#2504,1.);
#2504 = DIRECTION('',(5.075305255429E-16,-1.,0.));
#2505 = ORIENTED_EDGE('',*,*,#2506,.T.);
#2506 = EDGE_CURVE('',#2499,#2507,#2509,.T.);
#2507 = VERTEX_POINT('',#2508);
#2508 = CARTESIAN_POINT('',(25.183956091402,0.490381056767,0.));
#2509 = LINE('',#2510,#2511);
#2510 = CARTESIAN_POINT('',(13.23288740671,7.390333778977,0.));
#2511 = VECTOR('',#2512,1.);
#2512 = DIRECTION('',(0.866025403784,-0.5,0.));
#2513 = ORIENTED_EDGE('',*,*,#2514,.T.);
#2514 = EDGE_CURVE('',#2507,#2515,#2517,.T.);
#2515 = VERTEX_POINT('',#2516);
#2516 = CARTESIAN_POINT('',(31.246133917893,3.990381056767,0.));
#2517 = LINE('',#2518,#2519);
#2518 = CARTESIAN_POINT('',(16.051635093608,-4.782166929636,0.));
#2519 = VECTOR('',#2520,1.);
#2520 = DIRECTION('',(0.866025403784,0.5,0.));
#2521 = ORIENTED_EDGE('',*,*,#2522,.T.);
#2522 = EDGE_CURVE('',#2515,#2481,#2523,.T.);
#2523 = LINE('',#2524,#2525);
#2524 = CARTESIAN_POINT('',(31.246133917893,1.995190528383,0.));
#2525 = VECTOR('',#2526,1.);
#2526 = DIRECTION('',(0.,1.,0.));
#2527 = FACE_BOUND('',#2528,.T.);
#2528 = EDGE_LOOP('',(#2529,#2539,#2547,#2555,#2563,#2571));
#2529 = ORIENTED_EDGE('',*,*,#2530,.T.);
#2530 = EDGE_CURVE('',#2531,#2533,#2535,.T.);
#2531 = VERTEX_POINT('',#2532);
#2532 = CARTESIAN_POINT('',(38.808311744384,24.08845726812,0.));
#2533 = VERTEX_POINT('',#2534);
#2534 = CARTESIAN_POINT('',(32.746133917893,27.58845726812,0.));
#2535 = LINE('',#2536,#2537);
#2536 = CARTESIAN_POINT('',(29.888331972938,29.23840999033,
    1.110223024625E-16));
#2537 = VECTOR('',#2538,1.);
#2538 = DIRECTION('',(-0.866025403784,0.5,0.));
#2539 = ORIENTED_EDGE('',*,*,#2540,.T.);
#2540 = EDGE_CURVE('',#2533,#2541,#2543,.T.);
#2541 = VERTEX_POINT('',#2542);
#2542 = CARTESIAN_POINT('',(26.683956091402,24.08845726812,0.));
#2543 = LINE('',#2544,#2545);
#2544 = CARTESIAN_POINT('',(14.911090636986,17.291390228879,
    1.110223024625E-16));
#2545 = VECTOR('',#2546,1.);
#2546 = DIRECTION('',(-0.866025403784,-0.5,0.));
#2547 = ORIENTED_EDGE('',*,*,#2548,.T.);
#2548 = EDGE_CURVE('',#2541,#2549,#2551,.T.);
#2549 = VERTEX_POINT('',#2550);
#2550 = CARTESIAN_POINT('',(26.683956091402,17.08845726812,0.));
#2551 = LINE('',#2552,#2553);
#2552 = CARTESIAN_POINT('',(26.683956091402,12.04422863406,0.));
#2553 = VECTOR('',#2554,1.);
#2554 = DIRECTION('',(5.075305255429E-16,-1.,0.));
#2555 = ORIENTED_EDGE('',*,*,#2556,.T.);
#2556 = EDGE_CURVE('',#2549,#2557,#2559,.T.);
#2557 = VERTEX_POINT('',#2558);
#2558 = CARTESIAN_POINT('',(32.746133917893,13.58845726812,0.));
#2559 = LINE('',#2560,#2561);
#2560 = CARTESIAN_POINT('',(20.795065233201,20.48840999033,0.));
#2561 = VECTOR('',#2562,1.);
#2562 = DIRECTION('',(0.866025403784,-0.5,0.));
#2563 = ORIENTED_EDGE('',*,*,#2564,.T.);
#2564 = EDGE_CURVE('',#2557,#2565,#2567,.T.);
#2565 = VERTEX_POINT('',#2566);
#2566 = CARTESIAN_POINT('',(38.808311744384,17.08845726812,0.));
#2567 = LINE('',#2568,#2569);
#2568 = CARTESIAN_POINT('',(17.942179550231,5.041390228879,0.));
#2569 = VECTOR('',#2570,1.);
#2570 = DIRECTION('',(0.866025403784,0.5,0.));
#2571 = ORIENTED_EDGE('',*,*,#2572,.T.);
#2572 = EDGE_CURVE('',#2565,#2531,#2573,.T.);
#2573 = LINE('',#2574,#2575);
#2574 = CARTESIAN_POINT('',(38.808311744384,8.54422863406,0.));
#2575 = VECTOR('',#2576,1.);
#2576 = DIRECTION('',(1.015061051086E-15,1.,0.));
#2577 = FACE_BOUND('',#2578,.T.);
#2578 = EDGE_LOOP('',(#2579));
#2579 = ORIENTED_EDGE('',*,*,#2580,.T.);
#2580 = EDGE_CURVE('',#2581,#2581,#2583,.T.);
#2581 = VERTEX_POINT('',#2582);
#2582 = CARTESIAN_POINT('',(24.32741699797,22.62741699797,0.));
#2583 = CIRCLE('',#2584,1.7);
#2584 = AXIS2_PLACEMENT_3D('',#2585,#2586,#2587);
#2585 = CARTESIAN_POINT('',(22.62741699797,22.62741699797,0.));
#2586 = DIRECTION('',(0.,0.,1.));
#2587 = DIRECTION('',(1.,0.,0.));
#2588 = FACE_BOUND('',#2589,.T.);
#2589 = EDGE_LOOP('',(#2590,#2600,#2608,#2616,#2624,#2632));
#2590 = ORIENTED_EDGE('',*,*,#2591,.T.);
#2591 = EDGE_CURVE('',#2592,#2594,#2596,.T.);
#2592 = VERTEX_POINT('',#2593);
#2593 = CARTESIAN_POINT('',(31.246133917893,37.186533479473,0.));
#2594 = VERTEX_POINT('',#2595);
#2595 = CARTESIAN_POINT('',(25.183956091402,40.686533479473,0.));
#2596 = LINE('',#2597,#2598);
#2597 = CARTESIAN_POINT('',(27.997787516315,39.061967148845,0.));
#2598 = VECTOR('',#2599,1.);
#2599 = DIRECTION('',(-0.866025403784,0.5,0.));
#2600 = ORIENTED_EDGE('',*,*,#2601,.T.);
#2601 = EDGE_CURVE('',#2594,#2602,#2604,.T.);
#2602 = VERTEX_POINT('',#2603);
#2603 = CARTESIAN_POINT('',(19.121778264911,37.186533479473,0.));
#2604 = LINE('',#2605,#2606);
#2605 = CARTESIAN_POINT('',(7.348912810495,30.389466440233,
    1.110223024625E-16));
#2606 = VECTOR('',#2607,1.);
#2607 = DIRECTION('',(-0.866025403784,-0.5,0.));
#2608 = ORIENTED_EDGE('',*,*,#2609,.T.);
#2609 = EDGE_CURVE('',#2602,#2610,#2612,.T.);
#2610 = VERTEX_POINT('',#2611);
#2611 = CARTESIAN_POINT('',(19.121778264911,30.186533479473,0.));
#2612 = LINE('',#2613,#2614);
#2613 = CARTESIAN_POINT('',(19.121778264911,18.593266739737,0.));
#2614 = VECTOR('',#2615,1.);
#2615 = DIRECTION('',(5.075305255429E-16,-1.,0.));
#2616 = ORIENTED_EDGE('',*,*,#2617,.T.);
#2617 = EDGE_CURVE('',#2610,#2618,#2620,.T.);
#2618 = VERTEX_POINT('',#2619);
#2619 = CARTESIAN_POINT('',(25.183956091402,26.686533479473,0.));
#2620 = LINE('',#2621,#2622);
#2621 = CARTESIAN_POINT('',(18.904520776578,30.311967148845,0.));
#2622 = VECTOR('',#2623,1.);
#2623 = DIRECTION('',(0.866025403784,-0.5,0.));
#2624 = ORIENTED_EDGE('',*,*,#2625,.T.);
#2625 = EDGE_CURVE('',#2618,#2626,#2628,.T.);
#2626 = VERTEX_POINT('',#2627);
#2627 = CARTESIAN_POINT('',(31.246133917893,30.186533479473,0.));
#2628 = LINE('',#2629,#2630);
#2629 = CARTESIAN_POINT('',(10.38000172374,18.139466440233,0.));
#2630 = VECTOR('',#2631,1.);
#2631 = DIRECTION('',(0.866025403784,0.5,0.));
#2632 = ORIENTED_EDGE('',*,*,#2633,.T.);
#2633 = EDGE_CURVE('',#2626,#2592,#2634,.T.);
#2634 = LINE('',#2635,#2636);
#2635 = CARTESIAN_POINT('',(31.246133917893,15.093266739737,0.));
#2636 = VECTOR('',#2637,1.);
#2637 = DIRECTION('',(0.,1.,0.));
#2638 = FACE_BOUND('',#2639,.T.);
#2639 = EDGE_LOOP('',(#2640,#2650,#2658,#2666,#2674,#2682));
#2640 = ORIENTED_EDGE('',*,*,#2641,.T.);
#2641 = EDGE_CURVE('',#2642,#2644,#2646,.T.);
#2642 = VERTEX_POINT('',#2643);
#2643 = CARTESIAN_POINT('',(8.55960043842,24.08845726812,0.));
#2644 = VERTEX_POINT('',#2645);
#2645 = CARTESIAN_POINT('',(2.497422611929,27.58845726812,0.));
#2646 = LINE('',#2647,#2648);
#2647 = CARTESIAN_POINT('',(10.98288740671,22.689371884654,0.));
#2648 = VECTOR('',#2649,1.);
#2649 = DIRECTION('',(-0.866025403784,0.5,0.));
#2650 = ORIENTED_EDGE('',*,*,#2651,.T.);
#2651 = EDGE_CURVE('',#2644,#2652,#2654,.T.);
#2652 = VERTEX_POINT('',#2653);
#2653 = CARTESIAN_POINT('',(-3.564755214563,24.08845726812,0.));
#2654 = LINE('',#2655,#2656);
#2655 = CARTESIAN_POINT('',(-3.994353929242,23.840428334556,0.));
#2656 = VECTOR('',#2657,1.);
#2657 = DIRECTION('',(-0.866025403784,-0.5,0.));
#2658 = ORIENTED_EDGE('',*,*,#2659,.T.);
#2659 = EDGE_CURVE('',#2652,#2660,#2662,.T.);
#2660 = VERTEX_POINT('',#2661);
#2661 = CARTESIAN_POINT('',(-3.564755214563,17.08845726812,0.));
#2662 = LINE('',#2663,#2664);
#2663 = CARTESIAN_POINT('',(-3.564755214563,12.04422863406,0.));
#2664 = VECTOR('',#2665,1.);
#2665 = DIRECTION('',(1.268826313857E-16,-1.,0.));
#2666 = ORIENTED_EDGE('',*,*,#2667,.T.);
#2667 = EDGE_CURVE('',#2660,#2668,#2670,.T.);
#2668 = VERTEX_POINT('',#2669);
#2669 = CARTESIAN_POINT('',(2.497422611929,13.58845726812,0.));
#2670 = LINE('',#2671,#2672);
#2671 = CARTESIAN_POINT('',(1.889620666973,13.939371884654,0.));
#2672 = VECTOR('',#2673,1.);
#2673 = DIRECTION('',(0.866025403784,-0.5,0.));
#2674 = ORIENTED_EDGE('',*,*,#2675,.T.);
#2675 = EDGE_CURVE('',#2668,#2676,#2678,.T.);
#2676 = VERTEX_POINT('',#2677);
#2677 = CARTESIAN_POINT('',(8.55960043842,17.08845726812,0.));
#2678 = LINE('',#2679,#2680);
#2679 = CARTESIAN_POINT('',(-0.963265015997,11.590428334556,0.));
#2680 = VECTOR('',#2681,1.);
#2681 = DIRECTION('',(0.866025403784,0.5,0.));
#2682 = ORIENTED_EDGE('',*,*,#2683,.T.);
#2683 = EDGE_CURVE('',#2676,#2642,#2684,.T.);
#2684 = LINE('',#2685,#2686);
#2685 = CARTESIAN_POINT('',(8.55960043842,8.54422863406,0.));
#2686 = VECTOR('',#2687,1.);
#2687 = DIRECTION('',(0.,1.,0.));
#2688 = FACE_BOUND('',#2689,.T.);
#2689 = EDGE_LOOP('',(#2690,#2700,#2708,#2716,#2724,#2732));
#2690 = ORIENTED_EDGE('',*,*,#2691,.T.);
#2691 = EDGE_CURVE('',#2692,#2694,#2696,.T.);
#2692 = VERTEX_POINT('',#2693);
#2693 = CARTESIAN_POINT('',(16.121778264911,37.186533479473,0.));
#2694 = VERTEX_POINT('',#2695);
#2695 = CARTESIAN_POINT('',(10.05960043842,40.686533479473,0.));
#2696 = LINE('',#2697,#2698);
#2697 = CARTESIAN_POINT('',(18.545065233201,35.787448096007,0.));
#2698 = VECTOR('',#2699,1.);
#2699 = DIRECTION('',(-0.866025403784,0.5,0.));
#2700 = ORIENTED_EDGE('',*,*,#2701,.T.);
#2701 = EDGE_CURVE('',#2694,#2702,#2704,.T.);
#2702 = VERTEX_POINT('',#2703);
#2703 = CARTESIAN_POINT('',(3.997422611929,37.186533479473,0.));
#2704 = LINE('',#2705,#2706);
#2705 = CARTESIAN_POINT('',(-2.103809472619,33.663985493071,0.));
#2706 = VECTOR('',#2707,1.);
#2707 = DIRECTION('',(-0.866025403784,-0.5,0.));
#2708 = ORIENTED_EDGE('',*,*,#2709,.T.);
#2709 = EDGE_CURVE('',#2702,#2710,#2712,.T.);
#2710 = VERTEX_POINT('',#2711);
#2711 = CARTESIAN_POINT('',(3.997422611929,30.186533479473,0.));
#2712 = LINE('',#2713,#2714);
#2713 = CARTESIAN_POINT('',(3.997422611929,18.593266739737,0.));
#2714 = VECTOR('',#2715,1.);
#2715 = DIRECTION('',(1.268826313857E-16,-1.,0.));
#2716 = ORIENTED_EDGE('',*,*,#2717,.T.);
#2717 = EDGE_CURVE('',#2710,#2718,#2720,.T.);
#2718 = VERTEX_POINT('',#2719);
#2719 = CARTESIAN_POINT('',(10.05960043842,26.686533479473,0.));
#2720 = LINE('',#2721,#2722);
#2721 = CARTESIAN_POINT('',(9.451798493465,27.037448096007,0.));
#2722 = VECTOR('',#2723,1.);
#2723 = DIRECTION('',(0.866025403784,-0.5,0.));
#2724 = ORIENTED_EDGE('',*,*,#2725,.T.);
#2725 = EDGE_CURVE('',#2718,#2726,#2728,.T.);
#2726 = VERTEX_POINT('',#2727);
#2727 = CARTESIAN_POINT('',(16.121778264911,30.186533479473,0.));
#2728 = LINE('',#2729,#2730);
#2729 = CARTESIAN_POINT('',(0.927279440626,21.413985493071,0.));
#2730 = VECTOR('',#2731,1.);
#2731 = DIRECTION('',(0.866025403784,0.5,0.));
#2732 = ORIENTED_EDGE('',*,*,#2733,.T.);
#2733 = EDGE_CURVE('',#2726,#2692,#2734,.T.);
#2734 = LINE('',#2735,#2736);
#2735 = CARTESIAN_POINT('',(16.121778264911,15.093266739737,0.));
#2736 = VECTOR('',#2737,1.);
#2737 = DIRECTION('',(0.,1.,0.));
#2738 = FACE_BOUND('',#2739,.T.);
#2739 = EDGE_LOOP('',(#2740,#2750,#2758,#2766,#2774,#2782));
#2740 = ORIENTED_EDGE('',*,*,#2741,.T.);
#2741 = EDGE_CURVE('',#2742,#2744,#2746,.T.);
#2742 = VERTEX_POINT('',#2743);
#2743 = CARTESIAN_POINT('',(38.808311744384,50.284609690827,0.));
#2744 = VERTEX_POINT('',#2745);
#2745 = CARTESIAN_POINT('',(32.746133917893,53.784609690827,0.));
#2746 = LINE('',#2747,#2748);
#2747 = CARTESIAN_POINT('',(35.559965342806,52.160043360199,
    1.110223024625E-16));
#2748 = VECTOR('',#2749,1.);
#2749 = DIRECTION('',(-0.866025403784,0.5,0.));
#2750 = ORIENTED_EDGE('',*,*,#2751,.T.);
#2751 = EDGE_CURVE('',#2744,#2752,#2754,.T.);
#2752 = VERTEX_POINT('',#2753);
#2753 = CARTESIAN_POINT('',(26.683956091402,50.284609690827,0.));
#2754 = LINE('',#2755,#2756);
#2755 = CARTESIAN_POINT('',(9.239457267117,40.213023598748,
    1.110223024625E-16));
#2756 = VECTOR('',#2757,1.);
#2757 = DIRECTION('',(-0.866025403784,-0.5,0.));
#2758 = ORIENTED_EDGE('',*,*,#2759,.T.);
#2759 = EDGE_CURVE('',#2752,#2760,#2762,.T.);
#2760 = VERTEX_POINT('',#2761);
#2761 = CARTESIAN_POINT('',(26.683956091402,43.284609690827,0.));
#2762 = LINE('',#2763,#2764);
#2763 = CARTESIAN_POINT('',(26.683956091402,25.142304845413,0.));
#2764 = VECTOR('',#2765,1.);
#2765 = DIRECTION('',(5.075305255429E-16,-1.,0.));
#2766 = ORIENTED_EDGE('',*,*,#2767,.T.);
#2767 = EDGE_CURVE('',#2760,#2768,#2770,.T.);
#2768 = VERTEX_POINT('',#2769);
#2769 = CARTESIAN_POINT('',(32.746133917893,39.784609690827,0.));
#2770 = LINE('',#2771,#2772);
#2771 = CARTESIAN_POINT('',(26.466698603069,43.410043360199,0.));
#2772 = VECTOR('',#2773,1.);
#2773 = DIRECTION('',(0.866025403784,-0.5,0.));
#2774 = ORIENTED_EDGE('',*,*,#2775,.T.);
#2775 = EDGE_CURVE('',#2768,#2776,#2778,.T.);
#2776 = VERTEX_POINT('',#2777);
#2777 = CARTESIAN_POINT('',(38.808311744384,43.284609690827,0.));
#2778 = LINE('',#2779,#2780);
#2779 = CARTESIAN_POINT('',(12.270546180363,27.963023598748,
    1.110223024625E-16));
#2780 = VECTOR('',#2781,1.);
#2781 = DIRECTION('',(0.866025403784,0.5,0.));
#2782 = ORIENTED_EDGE('',*,*,#2783,.T.);
#2783 = EDGE_CURVE('',#2776,#2742,#2784,.T.);
#2784 = LINE('',#2785,#2786);
#2785 = CARTESIAN_POINT('',(38.808311744384,21.642304845413,0.));
#2786 = VECTOR('',#2787,1.);
#2787 = DIRECTION('',(1.015061051086E-15,1.,0.));
#2788 = FACE_BOUND('',#2789,.T.);
#2789 = EDGE_LOOP('',(#2790));
#2790 = ORIENTED_EDGE('',*,*,#2791,.T.);
#2791 = EDGE_CURVE('',#2792,#2792,#2794,.T.);
#2792 = VERTEX_POINT('',#2793);
#2793 = CARTESIAN_POINT('',(81.156854249492,122.5149055106,0.));
#2794 = CIRCLE('',#2795,1.5);
#2795 = AXIS2_PLACEMENT_3D('',#2796,#2797,#2798);
#2796 = CARTESIAN_POINT('',(79.656854249492,122.5149055106,0.));
#2797 = DIRECTION('',(0.,0.,1.));
#2798 = DIRECTION('',(1.,0.,0.));
#2799 = FACE_BOUND('',#2800,.T.);
#2800 = EDGE_LOOP('',(#2801));
#2801 = ORIENTED_EDGE('',*,*,#2802,.T.);
#2802 = EDGE_CURVE('',#2803,#2803,#2805,.T.);
#2803 = VERTEX_POINT('',#2804);
#2804 = CARTESIAN_POINT('',(81.156854249492,133.82861400958,0.));
#2805 = CIRCLE('',#2806,1.5);
#2806 = AXIS2_PLACEMENT_3D('',#2807,#2808,#2809);
#2807 = CARTESIAN_POINT('',(79.656854249492,133.82861400958,0.));
#2808 = DIRECTION('',(0.,0.,1.));
#2809 = DIRECTION('',(1.,0.,0.));
#2810 = FACE_BOUND('',#2811,.T.);
#2811 = EDGE_LOOP('',(#2812));
#2812 = ORIENTED_EDGE('',*,*,#2813,.T.);
#2813 = EDGE_CURVE('',#2814,#2814,#2816,.T.);
#2814 = VERTEX_POINT('',#2815);
#2815 = CARTESIAN_POINT('',(69.843145750508,122.5149055106,0.));
#2816 = CIRCLE('',#2817,1.5);
#2817 = AXIS2_PLACEMENT_3D('',#2818,#2819,#2820);
#2818 = CARTESIAN_POINT('',(68.343145750508,122.5149055106,0.));
#2819 = DIRECTION('',(0.,0.,1.));
#2820 = DIRECTION('',(1.,0.,0.));
#2821 = FACE_BOUND('',#2822,.T.);
#2822 = EDGE_LOOP('',(#2823));
#2823 = ORIENTED_EDGE('',*,*,#2824,.T.);
#2824 = EDGE_CURVE('',#2825,#2825,#2827,.T.);
#2825 = VERTEX_POINT('',#2826);
#2826 = CARTESIAN_POINT('',(78.,128.17175976009,0.));
#2827 = CIRCLE('',#2828,4.);
#2828 = AXIS2_PLACEMENT_3D('',#2829,#2830,#2831);
#2829 = CARTESIAN_POINT('',(74.,128.17175976009,0.));
#2830 = DIRECTION('',(0.,0.,1.));
#2831 = DIRECTION('',(1.,0.,0.));
#2832 = FACE_BOUND('',#2833,.T.);
#2833 = EDGE_LOOP('',(#2834));
#2834 = ORIENTED_EDGE('',*,*,#2835,.T.);
#2835 = EDGE_CURVE('',#2836,#2836,#2838,.T.);
#2836 = VERTEX_POINT('',#2837);
#2837 = CARTESIAN_POINT('',(69.843145750508,133.82861400958,0.));
#2838 = CIRCLE('',#2839,1.5);
#2839 = AXIS2_PLACEMENT_3D('',#2840,#2841,#2842);
#2840 = CARTESIAN_POINT('',(68.343145750508,133.82861400958,0.));
#2841 = DIRECTION('',(0.,0.,1.));
#2842 = DIRECTION('',(1.,0.,0.));
#2843 = FACE_BOUND('',#2844,.T.);
#2844 = EDGE_LOOP('',(#2845,#2855,#2863,#2871,#2879,#2887));
#2845 = ORIENTED_EDGE('',*,*,#2846,.T.);
#2846 = EDGE_CURVE('',#2847,#2849,#2851,.T.);
#2847 = VERTEX_POINT('',#2848);
#2848 = CARTESIAN_POINT('',(-14.12693304105,10.990381056767,0.));
#2849 = VERTEX_POINT('',#2850);
#2850 = CARTESIAN_POINT('',(-20.18911086754,14.490381056767,0.));
#2851 = LINE('',#2852,#2853);
#2852 = CARTESIAN_POINT('',(-6.032012702895,6.316776620462,0.));
#2853 = VECTOR('',#2854,1.);
#2854 = DIRECTION('',(-0.866025403784,0.5,0.));
#2855 = ORIENTED_EDGE('',*,*,#2856,.T.);
#2856 = EDGE_CURVE('',#2849,#2857,#2859,.T.);
#2857 = VERTEX_POINT('',#2858);
#2858 = CARTESIAN_POINT('',(-26.25128869403,10.990381056767,0.));
#2859 = LINE('',#2860,#2861);
#2860 = CARTESIAN_POINT('',(-15.33762066897,17.291390228879,
    1.110223024625E-16));
#2861 = VECTOR('',#2862,1.);
#2862 = DIRECTION('',(-0.866025403784,-0.5,0.));
#2863 = ORIENTED_EDGE('',*,*,#2864,.T.);
#2864 = EDGE_CURVE('',#2857,#2865,#2867,.T.);
#2865 = VERTEX_POINT('',#2866);
#2866 = CARTESIAN_POINT('',(-26.25128869403,3.990381056767,0.));
#2867 = LINE('',#2868,#2869);
#2868 = CARTESIAN_POINT('',(-26.25128869403,5.495190528383,0.));
#2869 = VECTOR('',#2870,1.);
#2870 = DIRECTION('',(5.075305255429E-16,-1.,0.));
#2871 = ORIENTED_EDGE('',*,*,#2872,.T.);
#2872 = EDGE_CURVE('',#2865,#2873,#2875,.T.);
#2873 = VERTEX_POINT('',#2874);
#2874 = CARTESIAN_POINT('',(-20.18911086754,0.490381056767,0.));
#2875 = LINE('',#2876,#2877);
#2876 = CARTESIAN_POINT('',(-15.12527944263,-2.433223379538,0.));
#2877 = VECTOR('',#2878,1.);
#2878 = DIRECTION('',(0.866025403784,-0.5,0.));
#2879 = ORIENTED_EDGE('',*,*,#2880,.T.);
#2880 = EDGE_CURVE('',#2873,#2881,#2883,.T.);
#2881 = VERTEX_POINT('',#2882);
#2882 = CARTESIAN_POINT('',(-14.12693304105,3.990381056767,0.));
#2883 = LINE('',#2884,#2885);
#2884 = CARTESIAN_POINT('',(-12.30653175573,5.041390228879,0.));
#2885 = VECTOR('',#2886,1.);
#2886 = DIRECTION('',(0.866025403784,0.5,0.));
#2887 = ORIENTED_EDGE('',*,*,#2888,.T.);
#2888 = EDGE_CURVE('',#2881,#2847,#2889,.T.);
#2889 = LINE('',#2890,#2891);
#2890 = CARTESIAN_POINT('',(-14.12693304105,1.995190528383,0.));
#2891 = VECTOR('',#2892,1.);
#2892 = DIRECTION('',(0.,1.,0.));
#2893 = FACE_BOUND('',#2894,.T.);
#2894 = EDGE_LOOP('',(#2895,#2905,#2913,#2921,#2929,#2937));
#2895 = ORIENTED_EDGE('',*,*,#2896,.T.);
#2896 = EDGE_CURVE('',#2897,#2899,#2901,.T.);
#2897 = VERTEX_POINT('',#2898);
#2898 = CARTESIAN_POINT('',(-29.25128869403,10.990381056767,0.));
#2899 = VERTEX_POINT('',#2900);
#2900 = CARTESIAN_POINT('',(-35.31346652052,14.490381056767,0.));
#2901 = LINE('',#2902,#2903);
#2902 = CARTESIAN_POINT('',(-15.484734986,3.042257567624,0.));
#2903 = VECTOR('',#2904,1.);
#2904 = DIRECTION('',(-0.866025403784,0.5,0.));
#2905 = ORIENTED_EDGE('',*,*,#2906,.T.);
#2906 = EDGE_CURVE('',#2899,#2907,#2909,.T.);
#2907 = VERTEX_POINT('',#2908);
#2908 = CARTESIAN_POINT('',(-41.37564434701,10.990381056767,0.));
#2909 = LINE('',#2910,#2911);
#2910 = CARTESIAN_POINT('',(-24.79034295209,20.565909281718,
    1.110223024625E-16));
#2911 = VECTOR('',#2912,1.);
#2912 = DIRECTION('',(-0.866025403784,-0.5,0.));
#2913 = ORIENTED_EDGE('',*,*,#2914,.T.);
#2914 = EDGE_CURVE('',#2907,#2915,#2917,.T.);
#2915 = VERTEX_POINT('',#2916);
#2916 = CARTESIAN_POINT('',(-41.37564434701,3.990381056767,0.));
#2917 = LINE('',#2918,#2919);
#2918 = CARTESIAN_POINT('',(-41.37564434701,5.495190528383,0.));
#2919 = VECTOR('',#2920,1.);
#2920 = DIRECTION('',(0.,-1.,0.));
#2921 = ORIENTED_EDGE('',*,*,#2922,.T.);
#2922 = EDGE_CURVE('',#2915,#2923,#2925,.T.);
#2923 = VERTEX_POINT('',#2924);
#2924 = CARTESIAN_POINT('',(-35.31346652052,0.490381056767,0.));
#2925 = LINE('',#2926,#2927);
#2926 = CARTESIAN_POINT('',(-24.57800172574,-5.707742432376,0.));
#2927 = VECTOR('',#2928,1.);
#2928 = DIRECTION('',(0.866025403784,-0.5,0.));
#2929 = ORIENTED_EDGE('',*,*,#2930,.T.);
#2930 = EDGE_CURVE('',#2923,#2931,#2933,.T.);
#2931 = VERTEX_POINT('',#2932);
#2932 = CARTESIAN_POINT('',(-29.25128869403,3.990381056767,0.));
#2933 = LINE('',#2934,#2935);
#2934 = CARTESIAN_POINT('',(-21.75925403884,8.315909281718,0.));
#2935 = VECTOR('',#2936,1.);
#2936 = DIRECTION('',(0.866025403784,0.5,0.));
#2937 = ORIENTED_EDGE('',*,*,#2938,.T.);
#2938 = EDGE_CURVE('',#2931,#2897,#2939,.T.);
#2939 = LINE('',#2940,#2941);
#2940 = CARTESIAN_POINT('',(-29.25128869403,1.995190528383,0.));
#2941 = VECTOR('',#2942,1.);
#2942 = DIRECTION('',(0.,1.,0.));
#2943 = FACE_BOUND('',#2944,.T.);
#2944 = EDGE_LOOP('',(#2945,#2955,#2963,#2971,#2979,#2987));
#2945 = ORIENTED_EDGE('',*,*,#2946,.T.);
#2946 = EDGE_CURVE('',#2947,#2949,#2951,.T.);
#2947 = VERTEX_POINT('',#2948);
#2948 = CARTESIAN_POINT('',(-6.564755214563,24.08845726812,0.));
#2949 = VERTEX_POINT('',#2950);
#2950 = CARTESIAN_POINT('',(-12.62693304105,27.58845726812,0.));
#2951 = LINE('',#2952,#2953);
#2952 = CARTESIAN_POINT('',(1.530165123596,19.414852831815,
    1.110223024625E-16));
#2953 = VECTOR('',#2954,1.);
#2954 = DIRECTION('',(-0.866025403784,0.5,0.));
#2955 = ORIENTED_EDGE('',*,*,#2956,.T.);
#2956 = EDGE_CURVE('',#2949,#2957,#2959,.T.);
#2957 = VERTEX_POINT('',#2958);
#2958 = CARTESIAN_POINT('',(-18.68911086754,24.08845726812,0.));
#2959 = LINE('',#2960,#2961);
#2960 = CARTESIAN_POINT('',(-13.44707621235,27.114947387394,0.));
#2961 = VECTOR('',#2962,1.);
#2962 = DIRECTION('',(-0.866025403784,-0.5,0.));
#2963 = ORIENTED_EDGE('',*,*,#2964,.T.);
#2964 = EDGE_CURVE('',#2957,#2965,#2967,.T.);
#2965 = VERTEX_POINT('',#2966);
#2966 = CARTESIAN_POINT('',(-18.68911086754,17.08845726812,0.));
#2967 = LINE('',#2968,#2969);
#2968 = CARTESIAN_POINT('',(-18.68911086754,12.04422863406,0.));
#2969 = VECTOR('',#2970,1.);
#2970 = DIRECTION('',(0.,-1.,0.));
#2971 = ORIENTED_EDGE('',*,*,#2972,.T.);
#2972 = EDGE_CURVE('',#2965,#2973,#2975,.T.);
#2973 = VERTEX_POINT('',#2974);
#2974 = CARTESIAN_POINT('',(-12.62693304105,13.58845726812,0.));
#2975 = LINE('',#2976,#2977);
#2976 = CARTESIAN_POINT('',(-7.56310161614,10.664852831815,0.));
#2977 = VECTOR('',#2978,1.);
#2978 = DIRECTION('',(0.866025403784,-0.5,0.));
#2979 = ORIENTED_EDGE('',*,*,#2980,.T.);
#2980 = EDGE_CURVE('',#2973,#2981,#2983,.T.);
#2981 = VERTEX_POINT('',#2982);
#2982 = CARTESIAN_POINT('',(-6.564755214563,17.08845726812,0.));
#2983 = LINE('',#2984,#2985);
#2984 = CARTESIAN_POINT('',(-10.41598729911,14.864947387394,0.));
#2985 = VECTOR('',#2986,1.);
#2986 = DIRECTION('',(0.866025403784,0.5,0.));
#2987 = ORIENTED_EDGE('',*,*,#2988,.T.);
#2988 = EDGE_CURVE('',#2981,#2947,#2989,.T.);
#2989 = LINE('',#2990,#2991);
#2990 = CARTESIAN_POINT('',(-6.564755214563,8.54422863406,0.));
#2991 = VECTOR('',#2992,1.);
#2992 = DIRECTION('',(2.537652627715E-16,1.,0.));
#2993 = FACE_BOUND('',#2994,.T.);
#2994 = EDGE_LOOP('',(#2995,#3005,#3013,#3021,#3029,#3037));
#2995 = ORIENTED_EDGE('',*,*,#2996,.T.);
#2996 = EDGE_CURVE('',#2997,#2999,#3001,.T.);
#2997 = VERTEX_POINT('',#2998);
#2998 = CARTESIAN_POINT('',(0.997422611929,37.186533479473,0.));
#2999 = VERTEX_POINT('',#3000);
#3000 = CARTESIAN_POINT('',(-5.064755214563,40.686533479473,0.));
#3001 = LINE('',#3002,#3003);
#3002 = CARTESIAN_POINT('',(9.092342950087,32.512929043169,
    1.110223024625E-16));
#3003 = VECTOR('',#3004,1.);
#3004 = DIRECTION('',(-0.866025403784,0.5,0.));
#3005 = ORIENTED_EDGE('',*,*,#3006,.T.);
#3006 = EDGE_CURVE('',#2999,#3007,#3009,.T.);
#3007 = VERTEX_POINT('',#3008);
#3008 = CARTESIAN_POINT('',(-11.12693304105,37.186533479473,0.));
#3009 = LINE('',#3010,#3011);
#3010 = CARTESIAN_POINT('',(-11.55653175573,36.938504545909,0.));
#3011 = VECTOR('',#3012,1.);
#3012 = DIRECTION('',(-0.866025403784,-0.5,0.));
#3013 = ORIENTED_EDGE('',*,*,#3014,.T.);
#3014 = EDGE_CURVE('',#3007,#3015,#3017,.T.);
#3015 = VERTEX_POINT('',#3016);
#3016 = CARTESIAN_POINT('',(-11.12693304105,30.186533479473,0.));
#3017 = LINE('',#3018,#3019);
#3018 = CARTESIAN_POINT('',(-11.12693304105,18.593266739737,0.));
#3019 = VECTOR('',#3020,1.);
#3020 = DIRECTION('',(0.,-1.,0.));
#3021 = ORIENTED_EDGE('',*,*,#3022,.T.);
#3022 = EDGE_CURVE('',#3015,#3023,#3025,.T.);
#3023 = VERTEX_POINT('',#3024);
#3024 = CARTESIAN_POINT('',(-5.064755214563,26.686533479473,0.));
#3025 = LINE('',#3026,#3027);
#3026 = CARTESIAN_POINT('',(-9.237896492715E-04,23.762929043169,
    1.110223024625E-16));
#3027 = VECTOR('',#3028,1.);
#3028 = DIRECTION('',(0.866025403784,-0.5,0.));
#3029 = ORIENTED_EDGE('',*,*,#3030,.T.);
#3030 = EDGE_CURVE('',#3023,#3031,#3033,.T.);
#3031 = VERTEX_POINT('',#3032);
#3032 = CARTESIAN_POINT('',(0.997422611929,30.186533479473,0.));
#3033 = LINE('',#3034,#3035);
#3034 = CARTESIAN_POINT('',(-8.525442842488,24.688504545909,0.));
#3035 = VECTOR('',#3036,1.);
#3036 = DIRECTION('',(0.866025403784,0.5,0.));
#3037 = ORIENTED_EDGE('',*,*,#3038,.T.);
#3038 = EDGE_CURVE('',#3031,#2997,#3039,.T.);
#3039 = LINE('',#3040,#3041);
#3040 = CARTESIAN_POINT('',(0.997422611929,15.093266739737,0.));
#3041 = VECTOR('',#3042,1.);
#3042 = DIRECTION('',(2.537652627715E-16,1.,0.));
#3043 = FACE_BOUND('',#3044,.T.);
#3044 = EDGE_LOOP('',(#3045));
#3045 = ORIENTED_EDGE('',*,*,#3046,.T.);
#3046 = EDGE_CURVE('',#3047,#3047,#3049,.T.);
#3047 = VERTEX_POINT('',#3048);
#3048 = CARTESIAN_POINT('',(-20.92741699797,22.62741699797,0.));
#3049 = CIRCLE('',#3050,1.7);
#3050 = AXIS2_PLACEMENT_3D('',#3051,#3052,#3053);
#3051 = CARTESIAN_POINT('',(-22.62741699797,22.62741699797,0.));
#3052 = DIRECTION('',(0.,0.,1.));
#3053 = DIRECTION('',(1.,0.,0.));
#3054 = FACE_BOUND('',#3055,.T.);
#3055 = EDGE_LOOP('',(#3056,#3066,#3074,#3082,#3090,#3098));
#3056 = ORIENTED_EDGE('',*,*,#3057,.T.);
#3057 = EDGE_CURVE('',#3058,#3060,#3062,.T.);
#3058 = VERTEX_POINT('',#3059);
#3059 = CARTESIAN_POINT('',(-14.12693304105,37.186533479473,0.));
#3060 = VERTEX_POINT('',#3061);
#3061 = CARTESIAN_POINT('',(-20.18911086754,40.686533479473,0.));
#3062 = LINE('',#3063,#3064);
#3063 = CARTESIAN_POINT('',(-0.360379333027,29.23840999033,0.));
#3064 = VECTOR('',#3065,1.);
#3065 = DIRECTION('',(-0.866025403784,0.5,0.));
#3066 = ORIENTED_EDGE('',*,*,#3067,.T.);
#3067 = EDGE_CURVE('',#3060,#3068,#3070,.T.);
#3068 = VERTEX_POINT('',#3069);
#3069 = CARTESIAN_POINT('',(-26.25128869403,37.186533479473,0.));
#3070 = LINE('',#3071,#3072);
#3071 = CARTESIAN_POINT('',(-21.00925403884,40.213023598748,
    1.110223024625E-16));
#3072 = VECTOR('',#3073,1.);
#3073 = DIRECTION('',(-0.866025403784,-0.5,0.));
#3074 = ORIENTED_EDGE('',*,*,#3075,.T.);
#3075 = EDGE_CURVE('',#3068,#3076,#3078,.T.);
#3076 = VERTEX_POINT('',#3077);
#3077 = CARTESIAN_POINT('',(-26.25128869403,30.186533479473,0.));
#3078 = LINE('',#3079,#3080);
#3079 = CARTESIAN_POINT('',(-26.25128869403,18.593266739737,0.));
#3080 = VECTOR('',#3081,1.);
#3081 = DIRECTION('',(5.075305255429E-16,-1.,0.));
#3082 = ORIENTED_EDGE('',*,*,#3083,.T.);
#3083 = EDGE_CURVE('',#3076,#3084,#3086,.T.);
#3084 = VERTEX_POINT('',#3085);
#3085 = CARTESIAN_POINT('',(-20.18911086754,26.686533479473,0.));
#3086 = LINE('',#3087,#3088);
#3087 = CARTESIAN_POINT('',(-9.453646072763,20.48840999033,0.));
#3088 = VECTOR('',#3089,1.);
#3089 = DIRECTION('',(0.866025403784,-0.5,0.));
#3090 = ORIENTED_EDGE('',*,*,#3091,.T.);
#3091 = EDGE_CURVE('',#3084,#3092,#3094,.T.);
#3092 = VERTEX_POINT('',#3093);
#3093 = CARTESIAN_POINT('',(-14.12693304105,30.186533479473,0.));
#3094 = LINE('',#3095,#3096);
#3095 = CARTESIAN_POINT('',(-17.9781651256,27.963023598748,0.));
#3096 = VECTOR('',#3097,1.);
#3097 = DIRECTION('',(0.866025403784,0.5,0.));
#3098 = ORIENTED_EDGE('',*,*,#3099,.T.);
#3099 = EDGE_CURVE('',#3092,#3058,#3100,.T.);
#3100 = LINE('',#3101,#3102);
#3101 = CARTESIAN_POINT('',(-14.12693304105,15.093266739737,0.));
#3102 = VECTOR('',#3103,1.);
#3103 = DIRECTION('',(0.,1.,0.));
#3104 = FACE_BOUND('',#3105,.T.);
#3105 = EDGE_LOOP('',(#3106,#3116,#3124,#3132,#3140,#3148));
#3106 = ORIENTED_EDGE('',*,*,#3107,.T.);
#3107 = EDGE_CURVE('',#3108,#3110,#3112,.T.);
#3108 = VERTEX_POINT('',#3109);
#3109 = CARTESIAN_POINT('',(-21.68911086754,50.284609690827,0.));
#3110 = VERTEX_POINT('',#3111);
#3111 = CARTESIAN_POINT('',(-27.75128869403,53.784609690827,0.));
#3112 = LINE('',#3113,#3114);
#3113 = CARTESIAN_POINT('',(-2.250923789649,39.061967148845,0.));
#3114 = VECTOR('',#3115,1.);
#3115 = DIRECTION('',(-0.866025403784,0.5,0.));
#3116 = ORIENTED_EDGE('',*,*,#3117,.T.);
#3117 = EDGE_CURVE('',#3110,#3118,#3120,.T.);
#3118 = VERTEX_POINT('',#3119);
#3119 = CARTESIAN_POINT('',(-33.81346652052,50.284609690827,0.));
#3120 = LINE('',#3121,#3122);
#3121 = CARTESIAN_POINT('',(-28.57143186533,53.311099810101,
    1.110223024625E-16));
#3122 = VECTOR('',#3123,1.);
#3123 = DIRECTION('',(-0.866025403784,-0.5,0.));
#3124 = ORIENTED_EDGE('',*,*,#3125,.T.);
#3125 = EDGE_CURVE('',#3118,#3126,#3128,.T.);
#3126 = VERTEX_POINT('',#3127);
#3127 = CARTESIAN_POINT('',(-33.81346652052,43.284609690827,0.));
#3128 = LINE('',#3129,#3130);
#3129 = CARTESIAN_POINT('',(-33.81346652052,25.142304845413,0.));
#3130 = VECTOR('',#3131,1.);
#3131 = DIRECTION('',(0.,-1.,0.));
#3132 = ORIENTED_EDGE('',*,*,#3133,.T.);
#3133 = EDGE_CURVE('',#3126,#3134,#3136,.T.);
#3134 = VERTEX_POINT('',#3135);
#3135 = CARTESIAN_POINT('',(-27.75128869403,39.784609690827,0.));
#3136 = LINE('',#3137,#3138);
#3137 = CARTESIAN_POINT('',(-11.34419052938,30.311967148845,
    1.110223024625E-16));
#3138 = VECTOR('',#3139,1.);
#3139 = DIRECTION('',(0.866025403784,-0.5,0.));
#3140 = ORIENTED_EDGE('',*,*,#3141,.T.);
#3141 = EDGE_CURVE('',#3134,#3142,#3144,.T.);
#3142 = VERTEX_POINT('',#3143);
#3143 = CARTESIAN_POINT('',(-21.68911086754,43.284609690827,0.));
#3144 = LINE('',#3145,#3146);
#3145 = CARTESIAN_POINT('',(-25.54034295209,41.061099810101,0.));
#3146 = VECTOR('',#3147,1.);
#3147 = DIRECTION('',(0.866025403784,0.5,0.));
#3148 = ORIENTED_EDGE('',*,*,#3149,.T.);
#3149 = EDGE_CURVE('',#3142,#3108,#3150,.T.);
#3150 = LINE('',#3151,#3152);
#3151 = CARTESIAN_POINT('',(-21.68911086754,21.642304845413,0.));
#3152 = VECTOR('',#3153,1.);
#3153 = DIRECTION('',(0.,1.,0.));
#3154 = FACE_BOUND('',#3155,.T.);
#3155 = EDGE_LOOP('',(#3156));
#3156 = ORIENTED_EDGE('',*,*,#3157,.T.);
#3157 = EDGE_CURVE('',#3158,#3158,#3160,.T.);
#3158 = VERTEX_POINT('',#3159);
#3159 = CARTESIAN_POINT('',(-140.8431457505,5.656854249492,0.));
#3160 = CIRCLE('',#3161,1.5);
#3161 = AXIS2_PLACEMENT_3D('',#3162,#3163,#3164);
#3162 = CARTESIAN_POINT('',(-142.3431457505,5.656854249492,0.));
#3163 = DIRECTION('',(0.,0.,1.));
#3164 = DIRECTION('',(1.,0.,0.));
#3165 = FACE_BOUND('',#3166,.T.);
#3166 = EDGE_LOOP('',(#3167));
#3167 = ORIENTED_EDGE('',*,*,#3168,.T.);
#3168 = EDGE_CURVE('',#3169,#3169,#3171,.T.);
#3169 = VERTEX_POINT('',#3170);
#3170 = CARTESIAN_POINT('',(-144.,1.714505518806E-14,0.));
#3171 = CIRCLE('',#3172,4.);
#3172 = AXIS2_PLACEMENT_3D('',#3173,#3174,#3175);
#3173 = CARTESIAN_POINT('',(-148.,1.812477262738E-14,0.));
#3174 = DIRECTION('',(0.,0.,1.));
#3175 = DIRECTION('',(1.,0.,0.));
#3176 = FACE_BOUND('',#3177,.T.);
#3177 = EDGE_LOOP('',(#3178));
#3178 = ORIENTED_EDGE('',*,*,#3179,.T.);
#3179 = EDGE_CURVE('',#3180,#3180,#3182,.T.);
#3180 = VERTEX_POINT('',#3181);
#3181 = CARTESIAN_POINT('',(-152.1568542494,5.656854249492,0.));
#3182 = CIRCLE('',#3183,1.5);
#3183 = AXIS2_PLACEMENT_3D('',#3184,#3185,#3186);
#3184 = CARTESIAN_POINT('',(-153.6568542494,5.656854249492,0.));
#3185 = DIRECTION('',(0.,0.,1.));
#3186 = DIRECTION('',(1.,0.,0.));
#3187 = FACE_BOUND('',#3188,.T.);
#3188 = EDGE_LOOP('',(#3189));
#3189 = ORIENTED_EDGE('',*,*,#3190,.T.);
#3190 = EDGE_CURVE('',#3191,#3191,#3193,.T.);
#3191 = VERTEX_POINT('',#3192);
#3192 = CARTESIAN_POINT('',(-47.841,84.768298573228,0.));
#3193 = CIRCLE('',#3194,1.1);
#3194 = AXIS2_PLACEMENT_3D('',#3195,#3196,#3197);
#3195 = CARTESIAN_POINT('',(-48.941,84.768298573228,0.));
#3196 = DIRECTION('',(0.,0.,1.));
#3197 = DIRECTION('',(1.,0.,0.));
#3198 = FACE_BOUND('',#3199,.T.);
#3199 = EDGE_LOOP('',(#3200));
#3200 = ORIENTED_EDGE('',*,*,#3201,.T.);
#3201 = EDGE_CURVE('',#3202,#3202,#3204,.T.);
#3202 = VERTEX_POINT('',#3203);
#3203 = CARTESIAN_POINT('',(-53.841,95.160603418642,0.));
#3204 = CIRCLE('',#3205,1.1);
#3205 = AXIS2_PLACEMENT_3D('',#3206,#3207,#3208);
#3206 = CARTESIAN_POINT('',(-54.941,95.160603418642,0.));
#3207 = DIRECTION('',(0.,0.,1.));
#3208 = DIRECTION('',(1.,0.,0.));
#3209 = FACE_BOUND('',#3210,.T.);
#3210 = EDGE_LOOP('',(#3211));
#3211 = ORIENTED_EDGE('',*,*,#3212,.T.);
#3212 = EDGE_CURVE('',#3213,#3213,#3215,.T.);
#3213 = VERTEX_POINT('',#3214);
#3214 = CARTESIAN_POINT('',(-66.8431457505,122.5149055106,0.));
#3215 = CIRCLE('',#3216,1.5);
#3216 = AXIS2_PLACEMENT_3D('',#3217,#3218,#3219);
#3217 = CARTESIAN_POINT('',(-68.3431457505,122.5149055106,0.));
#3218 = DIRECTION('',(0.,0.,1.));
#3219 = DIRECTION('',(1.,0.,0.));
#3220 = FACE_BOUND('',#3221,.T.);
#3221 = EDGE_LOOP('',(#3222));
#3222 = ORIENTED_EDGE('',*,*,#3223,.T.);
#3223 = EDGE_CURVE('',#3224,#3224,#3226,.T.);
#3224 = VERTEX_POINT('',#3225);
#3225 = CARTESIAN_POINT('',(-70.,128.17175976009,0.));
#3226 = CIRCLE('',#3227,4.);
#3227 = AXIS2_PLACEMENT_3D('',#3228,#3229,#3230);
#3228 = CARTESIAN_POINT('',(-74.,128.17175976009,0.));
#3229 = DIRECTION('',(0.,0.,1.));
#3230 = DIRECTION('',(1.,0.,0.));
#3231 = FACE_BOUND('',#3232,.T.);
#3232 = EDGE_LOOP('',(#3233));
#3233 = ORIENTED_EDGE('',*,*,#3234,.T.);
#3234 = EDGE_CURVE('',#3235,#3235,#3237,.T.);
#3235 = VERTEX_POINT('',#3236);
#3236 = CARTESIAN_POINT('',(-66.8431457505,133.82861400958,0.));
#3237 = CIRCLE('',#3238,1.5);
#3238 = AXIS2_PLACEMENT_3D('',#3239,#3240,#3241);
#3239 = CARTESIAN_POINT('',(-68.3431457505,133.82861400958,0.));
#3240 = DIRECTION('',(0.,0.,1.));
#3241 = DIRECTION('',(1.,0.,0.));
#3242 = FACE_BOUND('',#3243,.T.);
#3243 = EDGE_LOOP('',(#3244));
#3244 = ORIENTED_EDGE('',*,*,#3245,.T.);
#3245 = EDGE_CURVE('',#3246,#3246,#3248,.T.);
#3246 = VERTEX_POINT('',#3247);
#3247 = CARTESIAN_POINT('',(-78.15685424949,122.5149055106,0.));
#3248 = CIRCLE('',#3249,1.5);
#3249 = AXIS2_PLACEMENT_3D('',#3250,#3251,#3252);
#3250 = CARTESIAN_POINT('',(-79.65685424949,122.5149055106,0.));
#3251 = DIRECTION('',(0.,0.,1.));
#3252 = DIRECTION('',(1.,0.,0.));
#3253 = FACE_BOUND('',#3254,.T.);
#3254 = EDGE_LOOP('',(#3255));
#3255 = ORIENTED_EDGE('',*,*,#3256,.T.);
#3256 = EDGE_CURVE('',#3257,#3257,#3259,.T.);
#3257 = VERTEX_POINT('',#3258);
#3258 = CARTESIAN_POINT('',(-78.15685424949,133.82861400958,0.));
#3259 = CIRCLE('',#3260,1.5);
#3260 = AXIS2_PLACEMENT_3D('',#3261,#3262,#3263);
#3261 = CARTESIAN_POINT('',(-79.65685424949,133.82861400958,0.));
#3262 = DIRECTION('',(0.,0.,1.));
#3263 = DIRECTION('',(1.,0.,0.));
#3264 = PLANE('',#3265);
#3265 = AXIS2_PLACEMENT_3D('',#3266,#3267,#3268);
#3266 = CARTESIAN_POINT('',(1.114221732416,1.203282326112E-14,0.));
#3267 = DIRECTION('',(-0.,-0.,-1.));
#3268 = DIRECTION('',(-1.,0.,0.));
#3269 = ADVANCED_FACE('',(#3270),#3288,.T.);
#3270 = FACE_BOUND('',#3271,.T.);
#3271 = EDGE_LOOP('',(#3272,#3273,#3281,#3287));
#3272 = ORIENTED_EDGE('',*,*,#1369,.F.);
#3273 = ORIENTED_EDGE('',*,*,#3274,.T.);
#3274 = EDGE_CURVE('',#1362,#3275,#3277,.T.);
#3275 = VERTEX_POINT('',#3276);
#3276 = CARTESIAN_POINT('',(55.432667397366,-11.70577136594,6.));
#3277 = LINE('',#3278,#3279);
#3278 = CARTESIAN_POINT('',(55.432667397366,-11.70577136594,-1.));
#3279 = VECTOR('',#3280,1.);
#3280 = DIRECTION('',(0.,0.,1.));
#3281 = ORIENTED_EDGE('',*,*,#3282,.F.);
#3282 = EDGE_CURVE('',#40,#3275,#3283,.T.);
#3283 = LINE('',#3284,#3285);
#3284 = CARTESIAN_POINT('',(37.597624116459,-22.00283840518,6.));
#3285 = VECTOR('',#3286,1.);
#3286 = DIRECTION('',(0.866025403784,0.5,0.));
#3287 = ORIENTED_EDGE('',*,*,#47,.T.);
#3288 = PLANE('',#3289);
#3289 = AXIS2_PLACEMENT_3D('',#3290,#3291,#3292);
#3290 = CARTESIAN_POINT('',(55.432667397366,-11.70577136594,-1.));
#3291 = DIRECTION('',(0.5,-0.866025403784,0.));
#3292 = DIRECTION('',(-0.866025403784,-0.5,0.));
#3293 = ADVANCED_FACE('',(#3294,#4603,#4614,#4625,#4636,#4647,#4658,
    #4728,#4739,#4750,#4800,#4850,#4900,#4950,#5000,#5011,#5061,#5111,
    #5161,#5172,#5183,#5194,#5205,#5216,#5266,#5316,#5366,#5416,#5466,
    #5477,#5527,#5577,#5627,#5638,#5649,#5660,#5671,#5682,#5732,#5782,
    #5793,#5843,#5893,#5943,#5993,#6004,#6015,#6085,#6096,#6107,#6118,
    #6168,#6218,#6268,#6279,#6329,#6379,#6429,#6479,#6549,#6560,#6571,
    #6582,#6593,#6604,#6615,#6626),#6637,.T.);
#3294 = FACE_BOUND('',#3295,.T.);
#3295 = EDGE_LOOP('',(#3296,#3304,#3305,#3306,#3314,#3322,#3331,#3340,
    #3348,#3356,#3364,#3372,#3380,#3388,#3396,#3404,#3412,#3420,#3428,
    #3436,#3444,#3452,#3460,#3468,#3476,#3484,#3492,#3500,#3508,#3516,
    #3525,#3534,#3542,#3550,#3558,#3566,#3574,#3582,#3590,#3598,#3606,
    #3614,#3622,#3630,#3638,#3646,#3654,#3662,#3670,#3678,#3686,#3695,
    #3704,#3712,#3720,#3728,#3736,#3744,#3752,#3760,#3768,#3776,#3784,
    #3792,#3800,#3808,#3816,#3824,#3832,#3840,#3848,#3856,#3864,#3872,
    #3880,#3888,#3896,#3905,#3913,#3921,#3929,#3937,#3945,#3953,#3961,
    #3969,#3977,#3985,#3993,#4001,#4009,#4017,#4025,#4033,#4041,#4049,
    #4057,#4065,#4073,#4081,#4089,#4097,#4105,#4113,#4121,#4129,#4137,
    #4145,#4153,#4161,#4169,#4178,#4187,#4195,#4203,#4211,#4219,#4227,
    #4235,#4243,#4251,#4259,#4267,#4275,#4283,#4291,#4299,#4307,#4315,
    #4323,#4331,#4339,#4347,#4355,#4363,#4371,#4379,#4387,#4396,#4405,
    #4413,#4421,#4429,#4437,#4445,#4453,#4461,#4469,#4477,#4485,#4493,
    #4501,#4509,#4517,#4525,#4533,#4541,#4549,#4557,#4565,#4573,#4581,
    #4589,#4597));
#3296 = ORIENTED_EDGE('',*,*,#3297,.T.);
#3297 = EDGE_CURVE('',#3298,#32,#3300,.T.);
#3298 = VERTEX_POINT('',#3299);
#3299 = CARTESIAN_POINT('',(46.370489570875,-20.14290293039,6.));
#3300 = LINE('',#3301,#3302);
#3301 = CARTESIAN_POINT('',(29.,-50.22947341949,6.));
#3302 = VECTOR('',#3303,1.);
#3303 = DIRECTION('',(0.5,0.866025403784,0.));
#3304 = ORIENTED_EDGE('',*,*,#39,.T.);
#3305 = ORIENTED_EDGE('',*,*,#3282,.T.);
#3306 = ORIENTED_EDGE('',*,*,#3307,.T.);
#3307 = EDGE_CURVE('',#3275,#3308,#3310,.T.);
#3308 = VERTEX_POINT('',#3309);
#3309 = CARTESIAN_POINT('',(56.570201676918,-12.36252708845,6.));
#3310 = LINE('',#3311,#3312);
#3311 = CARTESIAN_POINT('',(35.559965342806,-0.232261485215,6.));
#3312 = VECTOR('',#3313,1.);
#3313 = DIRECTION('',(0.866025403784,-0.5,0.));
#3314 = ORIENTED_EDGE('',*,*,#3315,.T.);
#3315 = EDGE_CURVE('',#3308,#3316,#3318,.T.);
#3316 = VERTEX_POINT('',#3317);
#3317 = CARTESIAN_POINT('',(134.51266003999,-10.34851007648,6.));
#3318 = LINE('',#3319,#3320);
#3319 = CARTESIAN_POINT('',(31.9,-13.,6.));
#3320 = VECTOR('',#3321,1.);
#3321 = DIRECTION('',(0.99966631963,2.583117104987E-02,0.));
#3322 = ORIENTED_EDGE('',*,*,#3323,.T.);
#3323 = EDGE_CURVE('',#3316,#3324,#3326,.T.);
#3324 = VERTEX_POINT('',#3325);
#3325 = CARTESIAN_POINT('',(165.,-4.163799117101E-15,6.));
#3326 = CIRCLE('',#3327,17.);
#3327 = AXIS2_PLACEMENT_3D('',#3328,#3329,#3330);
#3328 = CARTESIAN_POINT('',(148.,0.,6.));
#3329 = DIRECTION('',(0.,0.,1.));
#3330 = DIRECTION('',(1.,0.,0.));
#3331 = ORIENTED_EDGE('',*,*,#3332,.T.);
#3332 = EDGE_CURVE('',#3324,#3333,#3335,.T.);
#3333 = VERTEX_POINT('',#3334);
#3334 = CARTESIAN_POINT('',(134.51266003999,10.348510076486,6.));
#3335 = CIRCLE('',#3336,17.);
#3336 = AXIS2_PLACEMENT_3D('',#3337,#3338,#3339);
#3337 = CARTESIAN_POINT('',(148.,0.,6.));
#3338 = DIRECTION('',(0.,0.,1.));
#3339 = DIRECTION('',(1.,0.,0.));
#3340 = ORIENTED_EDGE('',*,*,#3341,.T.);
#3341 = EDGE_CURVE('',#3333,#3342,#3344,.T.);
#3342 = VERTEX_POINT('',#3343);
#3343 = CARTESIAN_POINT('',(59.237600230647,12.293602061224,6.));
#3344 = LINE('',#3345,#3346);
#3345 = CARTESIAN_POINT('',(148.,10.,6.));
#3346 = VECTOR('',#3347,1.);
#3347 = DIRECTION('',(-0.99966631963,2.583117104987E-02,0.));
#3348 = ORIENTED_EDGE('',*,*,#3349,.T.);
#3349 = EDGE_CURVE('',#3342,#3350,#3352,.T.);
#3350 = VERTEX_POINT('',#3351);
#3351 = CARTESIAN_POINT('',(61.494845223857,10.990381056767,6.));
#3352 = LINE('',#3353,#3354);
#3353 = CARTESIAN_POINT('',(41.231598712674,22.689371884654,6.));
#3354 = VECTOR('',#3355,1.);
#3355 = DIRECTION('',(0.866025403784,-0.5,0.));
#3356 = ORIENTED_EDGE('',*,*,#3357,.T.);
#3357 = EDGE_CURVE('',#3350,#3358,#3360,.T.);
#3358 = VERTEX_POINT('',#3359);
#3359 = CARTESIAN_POINT('',(61.494845223857,3.990381056767,6.));
#3360 = LINE('',#3361,#3362);
#3361 = CARTESIAN_POINT('',(61.494845223857,1.995190528383,6.));
#3362 = VECTOR('',#3363,1.);
#3363 = DIRECTION('',(-1.015061051086E-15,-1.,0.));
#3364 = ORIENTED_EDGE('',*,*,#3365,.T.);
#3365 = EDGE_CURVE('',#3358,#3366,#3368,.T.);
#3366 = VERTEX_POINT('',#3367);
#3367 = CARTESIAN_POINT('',(55.432667397366,0.490381056767,6.));
#3368 = LINE('',#3369,#3370);
#3369 = CARTESIAN_POINT('',(34.957079659836,-11.33120503531,6.));
#3370 = VECTOR('',#3371,1.);
#3371 = DIRECTION('',(-0.866025403784,-0.5,0.));
#3372 = ORIENTED_EDGE('',*,*,#3373,.T.);
#3373 = EDGE_CURVE('',#3366,#3374,#3376,.T.);
#3374 = VERTEX_POINT('',#3375);
#3375 = CARTESIAN_POINT('',(49.370489570875,3.990381056767,6.));
#3376 = LINE('',#3377,#3378);
#3377 = CARTESIAN_POINT('',(32.138331972938,13.939371884654,6.));
#3378 = VECTOR('',#3379,1.);
#3379 = DIRECTION('',(-0.866025403784,0.5,0.));
#3380 = ORIENTED_EDGE('',*,*,#3381,.T.);
#3381 = EDGE_CURVE('',#3374,#3382,#3384,.T.);
#3382 = VERTEX_POINT('',#3383);
#3383 = CARTESIAN_POINT('',(49.370489570875,10.990381056767,6.));
#3384 = LINE('',#3385,#3386);
#3385 = CARTESIAN_POINT('',(49.370489570875,5.495190528383,6.));
#3386 = VECTOR('',#3387,1.);
#3387 = DIRECTION('',(0.,1.,0.));
#3388 = ORIENTED_EDGE('',*,*,#3389,.T.);
#3389 = EDGE_CURVE('',#3382,#3390,#3392,.T.);
#3390 = VERTEX_POINT('',#3391);
#3391 = CARTESIAN_POINT('',(51.953730245976,12.481815755918,6.));
#3392 = LINE('',#3393,#3394);
#3393 = CARTESIAN_POINT('',(31.925990746591,0.918794964688,6.));
#3394 = VECTOR('',#3395,1.);
#3395 = DIRECTION('',(0.866025403784,0.5,0.));
#3396 = ORIENTED_EDGE('',*,*,#3397,.T.);
#3397 = EDGE_CURVE('',#3390,#3398,#3400,.T.);
#3398 = VERTEX_POINT('',#3399);
#3399 = CARTESIAN_POINT('',(50.776050973685,12.512246744866,6.));
#3400 = LINE('',#3401,#3402);
#3401 = CARTESIAN_POINT('',(148.,10.,6.));
#3402 = VECTOR('',#3403,1.);
#3403 = DIRECTION('',(-0.99966631963,2.583117104987E-02,0.));
#3404 = ORIENTED_EDGE('',*,*,#3405,.T.);
#3405 = EDGE_CURVE('',#3398,#3406,#3408,.T.);
#3406 = VERTEX_POINT('',#3407);
#3407 = CARTESIAN_POINT('',(49.583647796503,14.577549630851,6.));
#3408 = LINE('',#3409,#3410);
#3409 = CARTESIAN_POINT('',(58.,0.,6.));
#3410 = VECTOR('',#3411,1.);
#3411 = DIRECTION('',(-0.5,0.866025403784,0.));
#3412 = ORIENTED_EDGE('',*,*,#3413,.T.);
#3413 = EDGE_CURVE('',#3406,#3414,#3416,.T.);
#3414 = VERTEX_POINT('',#3415);
#3415 = CARTESIAN_POINT('',(47.870489570875,13.58845726812,6.));
#3416 = LINE('',#3417,#3418);
#3417 = CARTESIAN_POINT('',(27.394901833345,1.766871176041,6.));
#3418 = VECTOR('',#3419,1.);
#3419 = DIRECTION('',(-0.866025403784,-0.5,0.));
#3420 = ORIENTED_EDGE('',*,*,#3421,.T.);
#3421 = EDGE_CURVE('',#3414,#3422,#3424,.T.);
#3422 = VERTEX_POINT('',#3423);
#3423 = CARTESIAN_POINT('',(41.808311744384,17.08845726812,6.));
#3424 = LINE('',#3425,#3426);
#3425 = CARTESIAN_POINT('',(30.247787516315,23.762929043169,6.));
#3426 = VECTOR('',#3427,1.);
#3427 = DIRECTION('',(-0.866025403784,0.5,0.));
#3428 = ORIENTED_EDGE('',*,*,#3429,.T.);
#3429 = EDGE_CURVE('',#3422,#3430,#3432,.T.);
#3430 = VERTEX_POINT('',#3431);
#3431 = CARTESIAN_POINT('',(41.808311744384,24.08845726812,6.));
#3432 = LINE('',#3433,#3434);
#3433 = CARTESIAN_POINT('',(41.808311744384,12.04422863406,6.));
#3434 = VECTOR('',#3435,1.);
#3435 = DIRECTION('',(0.,1.,0.));
#3436 = ORIENTED_EDGE('',*,*,#3437,.T.);
#3437 = EDGE_CURVE('',#3430,#3438,#3440,.T.);
#3438 = VERTEX_POINT('',#3439);
#3439 = CARTESIAN_POINT('',(43.521469970012,25.077549630851,6.));
#3440 = LINE('',#3441,#3442);
#3441 = CARTESIAN_POINT('',(24.363812920099,14.016871176041,6.));
#3442 = VECTOR('',#3443,1.);
#3443 = DIRECTION('',(0.866025403784,0.5,0.));
#3444 = ORIENTED_EDGE('',*,*,#3445,.T.);
#3445 = EDGE_CURVE('',#3438,#3446,#3448,.T.);
#3446 = VERTEX_POINT('',#3447);
#3447 = CARTESIAN_POINT('',(42.021469970012,27.675625842204,6.));
#3448 = LINE('',#3449,#3450);
#3449 = CARTESIAN_POINT('',(58.,0.,6.));
#3450 = VECTOR('',#3451,1.);
#3451 = DIRECTION('',(-0.5,0.866025403784,0.));
#3452 = ORIENTED_EDGE('',*,*,#3453,.T.);
#3453 = EDGE_CURVE('',#3446,#3454,#3456,.T.);
#3454 = VERTEX_POINT('',#3455);
#3455 = CARTESIAN_POINT('',(40.308311744384,26.686533479473,6.));
#3456 = LINE('',#3457,#3458);
#3457 = CARTESIAN_POINT('',(19.832724006854,14.864947387394,6.));
#3458 = VECTOR('',#3459,1.);
#3459 = DIRECTION('',(-0.866025403784,-0.5,0.));
#3460 = ORIENTED_EDGE('',*,*,#3461,.T.);
#3461 = EDGE_CURVE('',#3454,#3462,#3464,.T.);
#3462 = VERTEX_POINT('',#3463);
#3463 = CARTESIAN_POINT('',(34.246133917893,30.186533479473,6.));
#3464 = LINE('',#3465,#3466);
#3465 = CARTESIAN_POINT('',(28.357243059692,33.586486201684,6.));
#3466 = VECTOR('',#3467,1.);
#3467 = DIRECTION('',(-0.866025403784,0.5,0.));
#3468 = ORIENTED_EDGE('',*,*,#3469,.T.);
#3469 = EDGE_CURVE('',#3462,#3470,#3472,.T.);
#3470 = VERTEX_POINT('',#3471);
#3471 = CARTESIAN_POINT('',(34.246133917893,37.186533479473,6.));
#3472 = LINE('',#3473,#3474);
#3473 = CARTESIAN_POINT('',(34.246133917893,18.593266739737,6.));
#3474 = VECTOR('',#3475,1.);
#3475 = DIRECTION('',(0.,1.,0.));
#3476 = ORIENTED_EDGE('',*,*,#3477,.T.);
#3477 = EDGE_CURVE('',#3470,#3478,#3480,.T.);
#3478 = VERTEX_POINT('',#3479);
#3479 = CARTESIAN_POINT('',(36.707912713596,38.607842129858,6.));
#3480 = LINE('',#3481,#3482);
#3481 = CARTESIAN_POINT('',(16.801635093608,27.114947387394,6.));
#3482 = VECTOR('',#3483,1.);
#3483 = DIRECTION('',(0.866025403784,0.5,0.));
#3484 = ORIENTED_EDGE('',*,*,#3485,.T.);
#3485 = EDGE_CURVE('',#3478,#3486,#3488,.T.);
#3486 = VERTEX_POINT('',#3487);
#3487 = CARTESIAN_POINT('',(41.808311744384,47.993864932864,6.));
#3488 = LINE('',#3489,#3490);
#3489 = CARTESIAN_POINT('',(27.208330249198,21.126210380724,6.));
#3490 = VECTOR('',#3491,1.);
#3491 = DIRECTION('',(0.477462709476,0.878652013632,0.));
#3492 = ORIENTED_EDGE('',*,*,#3493,.T.);
#3493 = EDGE_CURVE('',#3486,#3494,#3496,.T.);
#3494 = VERTEX_POINT('',#3495);
#3495 = CARTESIAN_POINT('',(41.808311744384,50.284609690827,6.));
#3496 = LINE('',#3497,#3498);
#3497 = CARTESIAN_POINT('',(41.808311744384,25.142304845413,6.));
#3498 = VECTOR('',#3499,1.);
#3499 = DIRECTION('',(0.,1.,0.));
#3500 = ORIENTED_EDGE('',*,*,#3501,.T.);
#3501 = EDGE_CURVE('',#3494,#3502,#3504,.T.);
#3502 = VERTEX_POINT('',#3503);
#3503 = CARTESIAN_POINT('',(43.622184933038,51.331849864572,6.));
#3504 = LINE('',#3505,#3506);
#3505 = CARTESIAN_POINT('',(18.692179550231,36.938504545909,6.));
#3506 = VECTOR('',#3507,1.);
#3507 = DIRECTION('',(0.866025403784,0.5,0.));
#3508 = ORIENTED_EDGE('',*,*,#3509,.T.);
#3509 = EDGE_CURVE('',#3502,#3510,#3512,.T.);
#3510 = VERTEX_POINT('',#3511);
#3511 = CARTESIAN_POINT('',(76.218402637552,111.317125687,6.));
#3512 = LINE('',#3513,#3514);
#3513 = CARTESIAN_POINT('',(27.208330249198,21.126210380724,6.));
#3514 = VECTOR('',#3515,1.);
#3515 = DIRECTION('',(0.477462709476,0.878652013632,0.));
#3516 = ORIENTED_EDGE('',*,*,#3517,.T.);
#3517 = EDGE_CURVE('',#3510,#3518,#3520,.T.);
#3518 = VERTEX_POINT('',#3519);
#3519 = CARTESIAN_POINT('',(91.,128.17175976009,6.));
#3520 = CIRCLE('',#3521,17.);
#3521 = AXIS2_PLACEMENT_3D('',#3522,#3523,#3524);
#3522 = CARTESIAN_POINT('',(74.,128.17175976009,6.));
#3523 = DIRECTION('',(0.,0.,1.));
#3524 = DIRECTION('',(1.,0.,0.));
#3525 = ORIENTED_EDGE('',*,*,#3526,.T.);
#3526 = EDGE_CURVE('',#3518,#3527,#3529,.T.);
#3527 = VERTEX_POINT('',#3528);
#3528 = CARTESIAN_POINT('',(58.294257402439,121.66563576349,6.));
#3529 = CIRCLE('',#3530,17.);
#3530 = AXIS2_PLACEMENT_3D('',#3531,#3532,#3533);
#3531 = CARTESIAN_POINT('',(74.,128.17175976009,6.));
#3532 = DIRECTION('',(0.,0.,1.));
#3533 = DIRECTION('',(1.,0.,0.));
#3534 = ORIENTED_EDGE('',*,*,#3535,.T.);
#3535 = EDGE_CURVE('',#3527,#3536,#3538,.T.);
#3536 = VERTEX_POINT('',#3537);
#3537 = CARTESIAN_POINT('',(16.240783481699,52.98729198099,6.));
#3538 = LINE('',#3539,#3540);
#3539 = CARTESIAN_POINT('',(65.339745962156,133.17175976009,6.));
#3540 = VECTOR('',#3541,1.);
#3541 = DIRECTION('',(-0.522203610154,-0.852820842582,0.));
#3542 = ORIENTED_EDGE('',*,*,#3543,.T.);
#3543 = EDGE_CURVE('',#3536,#3544,#3546,.T.);
#3544 = VERTEX_POINT('',#3545);
#3545 = CARTESIAN_POINT('',(17.621778264911,53.784609690827,6.));
#3546 = LINE('',#3547,#3548);
#3547 = CARTESIAN_POINT('',(-0.213265015997,43.487542651586,6.));
#3548 = VECTOR('',#3549,1.);
#3549 = DIRECTION('',(0.866025403784,0.5,0.));
#3550 = ORIENTED_EDGE('',*,*,#3551,.T.);
#3551 = EDGE_CURVE('',#3544,#3552,#3554,.T.);
#3552 = VERTEX_POINT('',#3553);
#3553 = CARTESIAN_POINT('',(23.683956091402,50.284609690827,6.));
#3554 = LINE('',#3555,#3556);
#3555 = CARTESIAN_POINT('',(26.107243059692,48.88552430736,6.));
#3556 = VECTOR('',#3557,1.);
#3557 = DIRECTION('',(0.866025403784,-0.5,0.));
#3558 = ORIENTED_EDGE('',*,*,#3559,.T.);
#3559 = EDGE_CURVE('',#3552,#3560,#3562,.T.);
#3560 = VERTEX_POINT('',#3561);
#3561 = CARTESIAN_POINT('',(23.683956091402,43.284609690827,6.));
#3562 = LINE('',#3563,#3564);
#3563 = CARTESIAN_POINT('',(23.683956091402,21.642304845413,6.));
#3564 = VECTOR('',#3565,1.);
#3565 = DIRECTION('',(0.,-1.,0.));
#3566 = ORIENTED_EDGE('',*,*,#3567,.T.);
#3567 = EDGE_CURVE('',#3560,#3568,#3570,.T.);
#3568 = VERTEX_POINT('',#3569);
#3569 = CARTESIAN_POINT('',(17.621778264911,39.784609690827,6.));
#3570 = LINE('',#3571,#3572);
#3571 = CARTESIAN_POINT('',(2.817823897249,31.237542651586,6.));
#3572 = VECTOR('',#3573,1.);
#3573 = DIRECTION('',(-0.866025403784,-0.5,0.));
#3574 = ORIENTED_EDGE('',*,*,#3575,.T.);
#3575 = EDGE_CURVE('',#3568,#3576,#3578,.T.);
#3576 = VERTEX_POINT('',#3577);
#3577 = CARTESIAN_POINT('',(11.55960043842,43.284609690827,6.));
#3578 = LINE('',#3579,#3580);
#3579 = CARTESIAN_POINT('',(17.013976319956,40.13552430736,6.));
#3580 = VECTOR('',#3581,1.);
#3581 = DIRECTION('',(-0.866025403784,0.5,0.));
#3582 = ORIENTED_EDGE('',*,*,#3583,.T.);
#3583 = EDGE_CURVE('',#3576,#3584,#3586,.T.);
#3584 = VERTEX_POINT('',#3585);
#3585 = CARTESIAN_POINT('',(11.55960043842,50.229473419497,6.));
#3586 = LINE('',#3587,#3588);
#3587 = CARTESIAN_POINT('',(11.55960043842,25.142304845413,6.));
#3588 = VECTOR('',#3589,1.);
#3589 = DIRECTION('',(-2.537652627715E-16,1.,0.));
#3590 = ORIENTED_EDGE('',*,*,#3591,.T.);
#3591 = EDGE_CURVE('',#3584,#3592,#3594,.T.);
#3592 = VERTEX_POINT('',#3593);
#3593 = CARTESIAN_POINT('',(8.55960043842,50.229473419497,6.));
#3594 = LINE('',#3595,#3596);
#3595 = CARTESIAN_POINT('',(29.,50.229473419497,6.));
#3596 = VECTOR('',#3597,1.);
#3597 = DIRECTION('',(-1.,1.225073682345E-16,0.));
#3598 = ORIENTED_EDGE('',*,*,#3599,.T.);
#3599 = EDGE_CURVE('',#3592,#3600,#3602,.T.);
#3600 = VERTEX_POINT('',#3601);
#3601 = CARTESIAN_POINT('',(8.55960043842,43.284609690827,6.));
#3602 = LINE('',#3603,#3604);
#3603 = CARTESIAN_POINT('',(8.55960043842,21.642304845413,6.));
#3604 = VECTOR('',#3605,1.);
#3605 = DIRECTION('',(0.,-1.,0.));
#3606 = ORIENTED_EDGE('',*,*,#3607,.T.);
#3607 = EDGE_CURVE('',#3600,#3608,#3610,.T.);
#3608 = VERTEX_POINT('',#3609);
#3609 = CARTESIAN_POINT('',(2.497422611929,39.784609690827,6.));
#3610 = LINE('',#3611,#3612);
#3611 = CARTESIAN_POINT('',(-6.634898385865,34.512061704424,6.));
#3612 = VECTOR('',#3613,1.);
#3613 = DIRECTION('',(-0.866025403784,-0.5,0.));
#3614 = ORIENTED_EDGE('',*,*,#3615,.T.);
#3615 = EDGE_CURVE('',#3608,#3616,#3618,.T.);
#3616 = VERTEX_POINT('',#3617);
#3617 = CARTESIAN_POINT('',(-3.564755214563,43.284609690827,6.));
#3618 = LINE('',#3619,#3620);
#3619 = CARTESIAN_POINT('',(7.561254036842,36.861005254522,6.));
#3620 = VECTOR('',#3621,1.);
#3621 = DIRECTION('',(-0.866025403784,0.5,0.));
#3622 = ORIENTED_EDGE('',*,*,#3623,.T.);
#3623 = EDGE_CURVE('',#3616,#3624,#3626,.T.);
#3624 = VERTEX_POINT('',#3625);
#3625 = CARTESIAN_POINT('',(-3.564755214563,50.229473419497,6.));
#3626 = LINE('',#3627,#3628);
#3627 = CARTESIAN_POINT('',(-3.564755214563,25.142304845413,6.));
#3628 = VECTOR('',#3629,1.);
#3629 = DIRECTION('',(-1.268826313857E-16,1.,0.));
#3630 = ORIENTED_EDGE('',*,*,#3631,.T.);
#3631 = EDGE_CURVE('',#3624,#3632,#3634,.T.);
#3632 = VERTEX_POINT('',#3633);
#3633 = CARTESIAN_POINT('',(-6.564755214563,50.229473419497,6.));
#3634 = LINE('',#3635,#3636);
#3635 = CARTESIAN_POINT('',(29.,50.229473419497,6.));
#3636 = VECTOR('',#3637,1.);
#3637 = DIRECTION('',(-1.,1.225073682345E-16,0.));
#3638 = ORIENTED_EDGE('',*,*,#3639,.T.);
#3639 = EDGE_CURVE('',#3632,#3640,#3642,.T.);
#3640 = VERTEX_POINT('',#3641);
#3641 = CARTESIAN_POINT('',(-6.564755214563,43.284609690827,6.));
#3642 = LINE('',#3643,#3644);
#3643 = CARTESIAN_POINT('',(-6.564755214563,21.642304845413,6.));
#3644 = VECTOR('',#3645,1.);
#3645 = DIRECTION('',(-2.537652627715E-16,-1.,0.));
#3646 = ORIENTED_EDGE('',*,*,#3647,.T.);
#3647 = EDGE_CURVE('',#3640,#3648,#3650,.T.);
#3648 = VERTEX_POINT('',#3649);
#3649 = CARTESIAN_POINT('',(-12.62693304105,39.784609690827,6.));
#3650 = LINE('',#3651,#3652);
#3651 = CARTESIAN_POINT('',(-16.08762066897,37.786580757263,6.));
#3652 = VECTOR('',#3653,1.);
#3653 = DIRECTION('',(-0.866025403784,-0.5,0.));
#3654 = ORIENTED_EDGE('',*,*,#3655,.T.);
#3655 = EDGE_CURVE('',#3648,#3656,#3658,.T.);
#3656 = VERTEX_POINT('',#3657);
#3657 = CARTESIAN_POINT('',(-18.68911086754,43.284609690827,6.));
#3658 = LINE('',#3659,#3660);
#3659 = CARTESIAN_POINT('',(-1.891468246272,33.586486201684,6.));
#3660 = VECTOR('',#3661,1.);
#3661 = DIRECTION('',(-0.866025403784,0.5,0.));
#3662 = ORIENTED_EDGE('',*,*,#3663,.T.);
#3663 = EDGE_CURVE('',#3656,#3664,#3666,.T.);
#3664 = VERTEX_POINT('',#3665);
#3665 = CARTESIAN_POINT('',(-18.68911086754,50.284609690827,6.));
#3666 = LINE('',#3667,#3668);
#3667 = CARTESIAN_POINT('',(-18.68911086754,25.142304845413,6.));
#3668 = VECTOR('',#3669,1.);
#3669 = DIRECTION('',(0.,1.,0.));
#3670 = ORIENTED_EDGE('',*,*,#3671,.T.);
#3671 = EDGE_CURVE('',#3664,#3672,#3674,.T.);
#3672 = VERTEX_POINT('',#3673);
#3673 = CARTESIAN_POINT('',(-15.65758623759,52.034861251983,6.));
#3674 = LINE('',#3675,#3676);
#3675 = CARTESIAN_POINT('',(-19.11870958222,50.036580757263,6.));
#3676 = VECTOR('',#3677,1.);
#3677 = DIRECTION('',(0.866025403784,0.5,0.));
#3678 = ORIENTED_EDGE('',*,*,#3679,.T.);
#3679 = EDGE_CURVE('',#3672,#3680,#3682,.T.);
#3680 = VERTEX_POINT('',#3681);
#3681 = CARTESIAN_POINT('',(-58.29425740243,121.66563576349,6.));
#3682 = LINE('',#3683,#3684);
#3683 = CARTESIAN_POINT('',(-4.691669750802,34.126210380724,6.));
#3684 = VECTOR('',#3685,1.);
#3685 = DIRECTION('',(-0.522203610154,0.852820842582,0.));
#3686 = ORIENTED_EDGE('',*,*,#3687,.T.);
#3687 = EDGE_CURVE('',#3680,#3688,#3690,.T.);
#3688 = VERTEX_POINT('',#3689);
#3689 = CARTESIAN_POINT('',(-57.,128.17175976009,6.));
#3690 = CIRCLE('',#3691,17.);
#3691 = AXIS2_PLACEMENT_3D('',#3692,#3693,#3694);
#3692 = CARTESIAN_POINT('',(-74.,128.17175976009,6.));
#3693 = DIRECTION('',(0.,0.,1.));
#3694 = DIRECTION('',(1.,0.,0.));
#3695 = ORIENTED_EDGE('',*,*,#3696,.T.);
#3696 = EDGE_CURVE('',#3688,#3697,#3699,.T.);
#3697 = VERTEX_POINT('',#3698);
#3698 = CARTESIAN_POINT('',(-76.21840263755,111.317125687,6.));
#3699 = CIRCLE('',#3700,17.);
#3700 = AXIS2_PLACEMENT_3D('',#3701,#3702,#3703);
#3701 = CARTESIAN_POINT('',(-74.,128.17175976009,6.));
#3702 = DIRECTION('',(0.,0.,1.));
#3703 = DIRECTION('',(1.,0.,0.));
#3704 = ORIENTED_EDGE('',*,*,#3705,.T.);
#3705 = EDGE_CURVE('',#3697,#3706,#3708,.T.);
#3706 = VERTEX_POINT('',#3707);
#3707 = CARTESIAN_POINT('',(-44.45844485262,52.870779392843,6.));
#3708 = LINE('',#3709,#3710);
#3709 = CARTESIAN_POINT('',(-82.66025403784,123.17175976009,6.));
#3710 = VECTOR('',#3711,1.);
#3711 = DIRECTION('',(0.477462709476,-0.878652013632,0.));
#3712 = ORIENTED_EDGE('',*,*,#3713,.T.);
#3713 = EDGE_CURVE('',#3706,#3714,#3716,.T.);
#3714 = VERTEX_POINT('',#3715);
#3715 = CARTESIAN_POINT('',(-42.87564434701,53.784609690827,6.));
#3716 = LINE('',#3717,#3718);
#3717 = CARTESIAN_POINT('',(-38.02415414845,56.585618862939,6.));
#3718 = VECTOR('',#3719,1.);
#3719 = DIRECTION('',(0.866025403784,0.5,0.));
#3720 = ORIENTED_EDGE('',*,*,#3721,.T.);
#3721 = EDGE_CURVE('',#3714,#3722,#3724,.T.);
#3722 = VERTEX_POINT('',#3723);
#3723 = CARTESIAN_POINT('',(-36.81346652052,50.284609690827,6.));
#3724 = LINE('',#3725,#3726);
#3725 = CARTESIAN_POINT('',(-11.70364607276,35.787448096007,6.));
#3726 = VECTOR('',#3727,1.);
#3727 = DIRECTION('',(0.866025403784,-0.5,0.));
#3728 = ORIENTED_EDGE('',*,*,#3729,.T.);
#3729 = EDGE_CURVE('',#3722,#3730,#3732,.T.);
#3730 = VERTEX_POINT('',#3731);
#3731 = CARTESIAN_POINT('',(-36.81346652052,43.284609690827,6.));
#3732 = LINE('',#3733,#3734);
#3733 = CARTESIAN_POINT('',(-36.81346652052,21.642304845413,6.));
#3734 = VECTOR('',#3735,1.);
#3735 = DIRECTION('',(-1.015061051086E-15,-1.,0.));
#3736 = ORIENTED_EDGE('',*,*,#3737,.T.);
#3737 = EDGE_CURVE('',#3730,#3738,#3740,.T.);
#3738 = VERTEX_POINT('',#3739);
#3739 = CARTESIAN_POINT('',(-38.66758485558,42.21413397097,6.));
#3740 = LINE('',#3741,#3742);
#3741 = CARTESIAN_POINT('',(-34.9930652352,44.335618862939,6.));
#3742 = VECTOR('',#3743,1.);
#3743 = DIRECTION('',(-0.866025403784,-0.5,0.));
#3744 = ORIENTED_EDGE('',*,*,#3745,.T.);
#3745 = EDGE_CURVE('',#3738,#3746,#3748,.T.);
#3746 = VERTEX_POINT('',#3747);
#3747 = CARTESIAN_POINT('',(-37.23471860781,39.577298069694,6.));
#3748 = LINE('',#3749,#3750);
#3749 = CARTESIAN_POINT('',(-82.66025403784,123.17175976009,6.));
#3750 = VECTOR('',#3751,1.);
#3751 = DIRECTION('',(0.477462709476,-0.878652013632,0.));
#3752 = ORIENTED_EDGE('',*,*,#3753,.T.);
#3753 = EDGE_CURVE('',#3746,#3754,#3756,.T.);
#3754 = VERTEX_POINT('',#3755);
#3755 = CARTESIAN_POINT('',(-35.31346652052,40.686533479473,6.));
#3756 = LINE('',#3757,#3758);
#3757 = CARTESIAN_POINT('',(-30.46197632196,43.487542651586,6.));
#3758 = VECTOR('',#3759,1.);
#3759 = DIRECTION('',(0.866025403784,0.5,0.));
#3760 = ORIENTED_EDGE('',*,*,#3761,.T.);
#3761 = EDGE_CURVE('',#3754,#3762,#3764,.T.);
#3762 = VERTEX_POINT('',#3763);
#3763 = CARTESIAN_POINT('',(-29.25128869403,37.186533479473,6.));
#3764 = LINE('',#3765,#3766);
#3765 = CARTESIAN_POINT('',(-9.81310161614,25.963890937492,6.));
#3766 = VECTOR('',#3767,1.);
#3767 = DIRECTION('',(0.866025403784,-0.5,0.));
#3768 = ORIENTED_EDGE('',*,*,#3769,.T.);
#3769 = EDGE_CURVE('',#3762,#3770,#3772,.T.);
#3770 = VERTEX_POINT('',#3771);
#3771 = CARTESIAN_POINT('',(-29.25128869403,30.186533479473,6.));
#3772 = LINE('',#3773,#3774);
#3773 = CARTESIAN_POINT('',(-29.25128869403,15.093266739737,6.));
#3774 = VECTOR('',#3775,1.);
#3775 = DIRECTION('',(0.,-1.,0.));
#3776 = ORIENTED_EDGE('',*,*,#3777,.T.);
#3777 = EDGE_CURVE('',#3770,#3778,#3780,.T.);
#3778 = VERTEX_POINT('',#3779);
#3779 = CARTESIAN_POINT('',(-35.31346652052,26.686533479473,6.));
#3780 = LINE('',#3781,#3782);
#3781 = CARTESIAN_POINT('',(-27.43088740871,31.237542651586,6.));
#3782 = VECTOR('',#3783,1.);
#3783 = DIRECTION('',(-0.866025403784,-0.5,0.));
#3784 = ORIENTED_EDGE('',*,*,#3785,.T.);
#3785 = EDGE_CURVE('',#3778,#3786,#3788,.T.);
#3786 = VERTEX_POINT('',#3787);
#3787 = CARTESIAN_POINT('',(-40.77275866404,29.83845726812,6.));
#3788 = LINE('',#3789,#3790);
#3789 = CARTESIAN_POINT('',(-18.90636835587,17.213890937492,6.));
#3790 = VECTOR('',#3791,1.);
#3791 = DIRECTION('',(-0.866025403784,0.5,0.));
#3792 = ORIENTED_EDGE('',*,*,#3793,.T.);
#3793 = EDGE_CURVE('',#3786,#3794,#3796,.T.);
#3794 = VERTEX_POINT('',#3795);
#3795 = CARTESIAN_POINT('',(-42.27275866404,27.240381056767,6.));
#3796 = LINE('',#3797,#3798);
#3797 = CARTESIAN_POINT('',(-29.,50.229473419497,6.));
#3798 = VECTOR('',#3799,1.);
#3799 = DIRECTION('',(-0.5,-0.866025403784,0.));
#3800 = ORIENTED_EDGE('',*,*,#3801,.T.);
#3801 = EDGE_CURVE('',#3794,#3802,#3804,.T.);
#3802 = VERTEX_POINT('',#3803);
#3803 = CARTESIAN_POINT('',(-36.81346652052,24.08845726812,6.));
#3804 = LINE('',#3805,#3806);
#3805 = CARTESIAN_POINT('',(-17.37527944263,12.865814726139,6.));
#3806 = VECTOR('',#3807,1.);
#3807 = DIRECTION('',(0.866025403784,-0.5,0.));
#3808 = ORIENTED_EDGE('',*,*,#3809,.T.);
#3809 = EDGE_CURVE('',#3802,#3810,#3812,.T.);
#3810 = VERTEX_POINT('',#3811);
#3811 = CARTESIAN_POINT('',(-36.81346652052,17.08845726812,6.));
#3812 = LINE('',#3813,#3814);
#3813 = CARTESIAN_POINT('',(-36.81346652052,8.54422863406,6.));
#3814 = VECTOR('',#3815,1.);
#3815 = DIRECTION('',(-1.015061051086E-15,-1.,0.));
#3816 = ORIENTED_EDGE('',*,*,#3817,.T.);
#3817 = EDGE_CURVE('',#3810,#3818,#3820,.T.);
#3818 = VERTEX_POINT('',#3819);
#3819 = CARTESIAN_POINT('',(-42.87564434701,13.58845726812,6.));
#3820 = LINE('',#3821,#3822);
#3821 = CARTESIAN_POINT('',(-29.32143186533,21.413985493071,6.));
#3822 = VECTOR('',#3823,1.);
#3823 = DIRECTION('',(-0.866025403784,-0.5,0.));
#3824 = ORIENTED_EDGE('',*,*,#3825,.T.);
#3825 = EDGE_CURVE('',#3818,#3826,#3828,.T.);
#3826 = VERTEX_POINT('',#3827);
#3827 = CARTESIAN_POINT('',(-48.33493649053,16.740381056767,6.));
#3828 = LINE('',#3829,#3830);
#3829 = CARTESIAN_POINT('',(-26.46854618236,4.115814726139,6.));
#3830 = VECTOR('',#3831,1.);
#3831 = DIRECTION('',(-0.866025403784,0.5,0.));
#3832 = ORIENTED_EDGE('',*,*,#3833,.T.);
#3833 = EDGE_CURVE('',#3826,#3834,#3836,.T.);
#3834 = VERTEX_POINT('',#3835);
#3835 = CARTESIAN_POINT('',(-49.83493649053,14.142304845413,6.));
#3836 = LINE('',#3837,#3838);
#3837 = CARTESIAN_POINT('',(-29.,50.229473419497,6.));
#3838 = VECTOR('',#3839,1.);
#3839 = DIRECTION('',(-0.5,-0.866025403784,0.));
#3840 = ORIENTED_EDGE('',*,*,#3841,.T.);
#3841 = EDGE_CURVE('',#3834,#3842,#3844,.T.);
#3842 = VERTEX_POINT('',#3843);
#3843 = CARTESIAN_POINT('',(-44.37564434701,10.990381056767,6.));
#3844 = LINE('',#3845,#3846);
#3845 = CARTESIAN_POINT('',(-24.93745726912,-0.232261485215,6.));
#3846 = VECTOR('',#3847,1.);
#3847 = DIRECTION('',(0.866025403784,-0.5,0.));
#3848 = ORIENTED_EDGE('',*,*,#3849,.T.);
#3849 = EDGE_CURVE('',#3842,#3850,#3852,.T.);
#3850 = VERTEX_POINT('',#3851);
#3851 = CARTESIAN_POINT('',(-44.37564434701,3.990381056767,6.));
#3852 = LINE('',#3853,#3854);
#3853 = CARTESIAN_POINT('',(-44.37564434701,1.995190528383,6.));
#3854 = VECTOR('',#3855,1.);
#3855 = DIRECTION('',(-1.015061051086E-15,-1.,0.));
#3856 = ORIENTED_EDGE('',*,*,#3857,.T.);
#3857 = EDGE_CURVE('',#3850,#3858,#3860,.T.);
#3858 = VERTEX_POINT('',#3859);
#3859 = CARTESIAN_POINT('',(-50.4378221735,0.490381056767,6.));
#3860 = LINE('',#3861,#3862);
#3861 = CARTESIAN_POINT('',(-31.21197632196,11.590428334556,6.));
#3862 = VECTOR('',#3863,1.);
#3863 = DIRECTION('',(-0.866025403784,-0.5,0.));
#3864 = ORIENTED_EDGE('',*,*,#3865,.T.);
#3865 = EDGE_CURVE('',#3858,#3866,#3868,.T.);
#3866 = VERTEX_POINT('',#3867);
#3867 = CARTESIAN_POINT('',(-56.5,3.990381056767,6.));
#3868 = LINE('',#3869,#3870);
#3869 = CARTESIAN_POINT('',(-34.03072400885,-8.982261485215,6.));
#3870 = VECTOR('',#3871,1.);
#3871 = DIRECTION('',(-0.866025403784,0.5,0.));
#3872 = ORIENTED_EDGE('',*,*,#3873,.T.);
#3873 = EDGE_CURVE('',#3866,#3874,#3876,.T.);
#3874 = VERTEX_POINT('',#3875);
#3875 = CARTESIAN_POINT('',(-56.5,10.990381056767,6.));
#3876 = LINE('',#3877,#3878);
#3877 = CARTESIAN_POINT('',(-56.5,5.495190528383,6.));
#3878 = VECTOR('',#3879,1.);
#3879 = DIRECTION('',(0.,1.,0.));
#3880 = ORIENTED_EDGE('',*,*,#3881,.T.);
#3881 = EDGE_CURVE('',#3874,#3882,#3884,.T.);
#3882 = VERTEX_POINT('',#3883);
#3883 = CARTESIAN_POINT('',(-54.00873267413,12.428714917981,6.));
#3884 = LINE('',#3885,#3886);
#3885 = CARTESIAN_POINT('',(-34.2430652352,23.840428334556,6.));
#3886 = VECTOR('',#3887,1.);
#3887 = DIRECTION('',(0.866025403784,0.5,0.));
#3888 = ORIENTED_EDGE('',*,*,#3889,.T.);
#3889 = EDGE_CURVE('',#3882,#3890,#3892,.T.);
#3890 = VERTEX_POINT('',#3891);
#3891 = CARTESIAN_POINT('',(-134.5126600399,10.348510076486,6.));
#3892 = LINE('',#3893,#3894);
#3893 = CARTESIAN_POINT('',(-31.9,13.,6.));
#3894 = VECTOR('',#3895,1.);
#3895 = DIRECTION('',(-0.99966631963,-2.583117104987E-02,0.));
#3896 = ORIENTED_EDGE('',*,*,#3897,.T.);
#3897 = EDGE_CURVE('',#3890,#3898,#3900,.T.);
#3898 = VERTEX_POINT('',#3899);
#3899 = CARTESIAN_POINT('',(-134.5126600399,-10.34851007648,6.));
#3900 = CIRCLE('',#3901,17.);
#3901 = AXIS2_PLACEMENT_3D('',#3902,#3903,#3904);
#3902 = CARTESIAN_POINT('',(-148.,1.812477262738E-14,6.));
#3903 = DIRECTION('',(0.,0.,1.));
#3904 = DIRECTION('',(1.,0.,0.));
#3905 = ORIENTED_EDGE('',*,*,#3906,.T.);
#3906 = EDGE_CURVE('',#3898,#3907,#3909,.T.);
#3907 = VERTEX_POINT('',#3908);
#3908 = CARTESIAN_POINT('',(-58.51152928468,-12.31236358437,6.));
#3909 = LINE('',#3910,#3911);
#3910 = CARTESIAN_POINT('',(-148.,-10.,6.));
#3911 = VECTOR('',#3912,1.);
#3912 = DIRECTION('',(0.99966631963,-2.583117104987E-02,0.));
#3913 = ORIENTED_EDGE('',*,*,#3914,.T.);
#3914 = EDGE_CURVE('',#3907,#3915,#3917,.T.);
#3915 = VERTEX_POINT('',#3916);
#3916 = CARTESIAN_POINT('',(-64.06217782649,-9.107695154587,6.));
#3917 = LINE('',#3918,#3919);
#3918 = CARTESIAN_POINT('',(-41.59290183535,-22.08033769656,6.));
#3919 = VECTOR('',#3920,1.);
#3920 = DIRECTION('',(-0.866025403784,0.5,0.));
#3921 = ORIENTED_EDGE('',*,*,#3922,.T.);
#3922 = EDGE_CURVE('',#3915,#3923,#3925,.T.);
#3923 = VERTEX_POINT('',#3924);
#3924 = CARTESIAN_POINT('',(-64.06217782649,-2.107695154587,6.));
#3925 = LINE('',#3926,#3927);
#3926 = CARTESIAN_POINT('',(-64.06217782649,-1.053847577293,6.));
#3927 = VECTOR('',#3928,1.);
#3928 = DIRECTION('',(0.,1.,0.));
#3929 = ORIENTED_EDGE('',*,*,#3930,.T.);
#3930 = EDGE_CURVE('',#3923,#3931,#3933,.T.);
#3931 = VERTEX_POINT('',#3932);
#3932 = CARTESIAN_POINT('',(-58.,1.392304845413,6.));
#3933 = LINE('',#3934,#3935);
#3934 = CARTESIAN_POINT('',(-36.13360969182,14.016871176041,6.));
#3935 = VECTOR('',#3936,1.);
#3936 = DIRECTION('',(0.866025403784,0.5,0.));
#3937 = ORIENTED_EDGE('',*,*,#3938,.T.);
#3938 = EDGE_CURVE('',#3931,#3939,#3941,.T.);
#3939 = VERTEX_POINT('',#3940);
#3940 = CARTESIAN_POINT('',(-51.9378221735,-2.107695154587,6.));
#3941 = LINE('',#3942,#3943);
#3942 = CARTESIAN_POINT('',(-32.49963509561,-13.33033769656,6.));
#3943 = VECTOR('',#3944,1.);
#3944 = DIRECTION('',(0.866025403784,-0.5,0.));
#3945 = ORIENTED_EDGE('',*,*,#3946,.T.);
#3946 = EDGE_CURVE('',#3939,#3947,#3949,.T.);
#3947 = VERTEX_POINT('',#3948);
#3948 = CARTESIAN_POINT('',(-51.9378221735,-9.107695154587,6.));
#3949 = LINE('',#3950,#3951);
#3950 = CARTESIAN_POINT('',(-51.9378221735,-4.553847577293,6.));
#3951 = VECTOR('',#3952,1.);
#3952 = DIRECTION('',(-1.015061051086E-15,-1.,0.));
#3953 = ORIENTED_EDGE('',*,*,#3954,.T.);
#3954 = EDGE_CURVE('',#3947,#3955,#3957,.T.);
#3955 = VERTEX_POINT('',#3956);
#3956 = CARTESIAN_POINT('',(-57.53229707054,-12.33766674236,6.));
#3957 = LINE('',#3958,#3959);
#3958 = CARTESIAN_POINT('',(-33.10252077858,1.766871176041,6.));
#3959 = VECTOR('',#3960,1.);
#3960 = DIRECTION('',(-0.866025403784,-0.5,0.));
#3961 = ORIENTED_EDGE('',*,*,#3962,.T.);
#3962 = EDGE_CURVE('',#3955,#3963,#3965,.T.);
#3963 = VERTEX_POINT('',#3964);
#3964 = CARTESIAN_POINT('',(-51.78932842655,-12.48606386494,6.));
#3965 = LINE('',#3966,#3967);
#3966 = CARTESIAN_POINT('',(-148.,-10.,6.));
#3967 = VECTOR('',#3968,1.);
#3968 = DIRECTION('',(0.99966631963,-2.583117104987E-02,0.));
#3969 = ORIENTED_EDGE('',*,*,#3970,.T.);
#3970 = EDGE_CURVE('',#3963,#3971,#3973,.T.);
#3971 = VERTEX_POINT('',#3972);
#3972 = CARTESIAN_POINT('',(-50.4378221735,-11.70577136594,6.));
#3973 = LINE('',#3974,#3975);
#3974 = CARTESIAN_POINT('',(-28.57143186533,0.918794964688,6.));
#3975 = VECTOR('',#3976,1.);
#3976 = DIRECTION('',(0.866025403784,0.5,0.));
#3977 = ORIENTED_EDGE('',*,*,#3978,.T.);
#3978 = EDGE_CURVE('',#3971,#3979,#3981,.T.);
#3979 = VERTEX_POINT('',#3980);
#3980 = CARTESIAN_POINT('',(-44.37564434701,-15.20577136594,6.));
#3981 = LINE('',#3982,#3983);
#3982 = CARTESIAN_POINT('',(-30.60909063899,-23.15389485508,6.));
#3983 = VECTOR('',#3984,1.);
#3984 = DIRECTION('',(0.866025403784,-0.5,0.));
#3985 = ORIENTED_EDGE('',*,*,#3986,.T.);
#3986 = EDGE_CURVE('',#3979,#3987,#3989,.T.);
#3987 = VERTEX_POINT('',#3988);
#3988 = CARTESIAN_POINT('',(-44.37564434701,-22.20577136594,6.));
#3989 = LINE('',#3990,#3991);
#3990 = CARTESIAN_POINT('',(-44.37564434701,-11.10288568297,6.));
#3991 = VECTOR('',#3992,1.);
#3992 = DIRECTION('',(-1.015061051086E-15,-1.,0.));
#3993 = ORIENTED_EDGE('',*,*,#3994,.T.);
#3994 = EDGE_CURVE('',#3987,#3995,#3997,.T.);
#3995 = VERTEX_POINT('',#3996);
#3996 = CARTESIAN_POINT('',(-44.97853002998,-22.55384757729,6.));
#3997 = LINE('',#3998,#3999);
#3998 = CARTESIAN_POINT('',(-25.54034295209,-11.33120503531,6.));
#3999 = VECTOR('',#4000,1.);
#4000 = DIRECTION('',(-0.866025403784,-0.5,0.));
#4001 = ORIENTED_EDGE('',*,*,#4002,.T.);
#4002 = EDGE_CURVE('',#3995,#4003,#4005,.T.);
#4003 = VERTEX_POINT('',#4004);
#4004 = CARTESIAN_POINT('',(-43.47853002998,-25.15192378864,6.));
#4005 = LINE('',#4006,#4007);
#4006 = CARTESIAN_POINT('',(-58.,7.102951435055E-15,6.));
#4007 = VECTOR('',#4008,1.);
#4008 = DIRECTION('',(0.5,-0.866025403784,0.));
#4009 = ORIENTED_EDGE('',*,*,#4010,.T.);
#4010 = EDGE_CURVE('',#4003,#4011,#4013,.T.);
#4011 = VERTEX_POINT('',#4012);
#4012 = CARTESIAN_POINT('',(-42.87564434701,-24.80384757729,6.));
#4013 = LINE('',#4014,#4015);
#4014 = CARTESIAN_POINT('',(-21.00925403884,-12.17928124666,6.));
#4015 = VECTOR('',#4016,1.);
#4016 = DIRECTION('',(0.866025403784,0.5,0.));
#4017 = ORIENTED_EDGE('',*,*,#4018,.T.);
#4018 = EDGE_CURVE('',#4011,#4019,#4021,.T.);
#4019 = VERTEX_POINT('',#4020);
#4020 = CARTESIAN_POINT('',(-36.81346652052,-28.30384757729,6.));
#4021 = LINE('',#4022,#4023);
#4022 = CARTESIAN_POINT('',(-28.71854618236,-32.97745201359,6.));
#4023 = VECTOR('',#4024,1.);
#4024 = DIRECTION('',(0.866025403784,-0.5,0.));
#4025 = ORIENTED_EDGE('',*,*,#4026,.T.);
#4026 = EDGE_CURVE('',#4019,#4027,#4029,.T.);
#4027 = VERTEX_POINT('',#4028);
#4028 = CARTESIAN_POINT('',(-36.81346652052,-35.30384757729,6.));
#4029 = LINE('',#4030,#4031);
#4030 = CARTESIAN_POINT('',(-36.81346652052,-17.65192378864,6.));
#4031 = VECTOR('',#4032,1.);
#4032 = DIRECTION('',(-1.015061051086E-15,-1.,0.));
#4033 = ORIENTED_EDGE('',*,*,#4034,.T.);
#4034 = EDGE_CURVE('',#4027,#4035,#4037,.T.);
#4035 = VERTEX_POINT('',#4036);
#4036 = CARTESIAN_POINT('',(-37.41635220349,-35.65192378864,6.));
#4037 = LINE('',#4038,#4039);
#4038 = CARTESIAN_POINT('',(-17.9781651256,-24.42928124666,6.));
#4039 = VECTOR('',#4040,1.);
#4040 = DIRECTION('',(-0.866025403784,-0.5,0.));
#4041 = ORIENTED_EDGE('',*,*,#4042,.T.);
#4042 = EDGE_CURVE('',#4035,#4043,#4045,.T.);
#4043 = VERTEX_POINT('',#4044);
#4044 = CARTESIAN_POINT('',(-36.22394902631,-37.71722667463,6.));
#4045 = LINE('',#4046,#4047);
#4046 = CARTESIAN_POINT('',(-58.,7.102951435055E-15,6.));
#4047 = VECTOR('',#4048,1.);
#4048 = DIRECTION('',(0.5,-0.866025403784,0.));
#4049 = ORIENTED_EDGE('',*,*,#4050,.T.);
#4050 = EDGE_CURVE('',#4043,#4051,#4053,.T.);
#4051 = VERTEX_POINT('',#4052);
#4052 = CARTESIAN_POINT('',(-36.78643465297,-38.75234233642,6.));
#4053 = LINE('',#4054,#4055);
#4054 = CARTESIAN_POINT('',(-27.20833024919,-21.12621038072,6.));
#4055 = VECTOR('',#4056,1.);
#4056 = DIRECTION('',(-0.477462709476,-0.878652013632,0.));
#4057 = ORIENTED_EDGE('',*,*,#4058,.T.);
#4058 = EDGE_CURVE('',#4051,#4059,#4061,.T.);
#4059 = VERTEX_POINT('',#4060);
#4060 = CARTESIAN_POINT('',(-35.31346652052,-37.90192378864,6.));
#4061 = LINE('',#4062,#4063);
#4062 = CARTESIAN_POINT('',(-13.44707621235,-25.27735745801,6.));
#4063 = VECTOR('',#4064,1.);
#4064 = DIRECTION('',(0.866025403784,0.5,0.));
#4065 = ORIENTED_EDGE('',*,*,#4066,.T.);
#4066 = EDGE_CURVE('',#4059,#4067,#4069,.T.);
#4067 = VERTEX_POINT('',#4068);
#4068 = CARTESIAN_POINT('',(-29.25128869403,-41.40192378864,6.));
#4069 = LINE('',#4070,#4071);
#4070 = CARTESIAN_POINT('',(-26.82800172574,-42.80100917211,6.));
#4071 = VECTOR('',#4072,1.);
#4072 = DIRECTION('',(0.866025403784,-0.5,0.));
#4073 = ORIENTED_EDGE('',*,*,#4074,.T.);
#4074 = EDGE_CURVE('',#4067,#4075,#4077,.T.);
#4075 = VERTEX_POINT('',#4076);
#4076 = CARTESIAN_POINT('',(-29.25128869403,-48.40192378864,6.));
#4077 = LINE('',#4078,#4079);
#4078 = CARTESIAN_POINT('',(-29.25128869403,-24.20096189432,6.));
#4079 = VECTOR('',#4080,1.);
#4080 = DIRECTION('',(0.,-1.,0.));
#4081 = ORIENTED_EDGE('',*,*,#4082,.T.);
#4082 = EDGE_CURVE('',#4075,#4083,#4085,.T.);
#4083 = VERTEX_POINT('',#4084);
#4084 = CARTESIAN_POINT('',(-35.31346652052,-51.90192378864,6.));
#4085 = LINE('',#4086,#4087);
#4086 = CARTESIAN_POINT('',(-10.41598729911,-37.52735745801,6.));
#4087 = VECTOR('',#4088,1.);
#4088 = DIRECTION('',(-0.866025403784,-0.5,0.));
#4089 = ORIENTED_EDGE('',*,*,#4090,.T.);
#4090 = EDGE_CURVE('',#4083,#4091,#4093,.T.);
#4091 = VERTEX_POINT('',#4092);
#4092 = CARTESIAN_POINT('',(-41.37564434701,-48.40192378864,6.));
#4093 = LINE('',#4094,#4095);
#4094 = CARTESIAN_POINT('',(-35.92126846548,-51.55100917211,6.));
#4095 = VECTOR('',#4096,1.);
#4096 = DIRECTION('',(-0.866025403784,0.5,0.));
#4097 = ORIENTED_EDGE('',*,*,#4098,.T.);
#4098 = EDGE_CURVE('',#4091,#4099,#4101,.T.);
#4099 = VERTEX_POINT('',#4100);
#4100 = CARTESIAN_POINT('',(-41.37564434701,-47.19764761079,6.));
#4101 = LINE('',#4102,#4103);
#4102 = CARTESIAN_POINT('',(-41.37564434701,-20.70096189432,6.));
#4103 = VECTOR('',#4104,1.);
#4104 = DIRECTION('',(0.,1.,0.));
#4105 = ORIENTED_EDGE('',*,*,#4106,.T.);
#4106 = EDGE_CURVE('',#4099,#4107,#4109,.T.);
#4107 = VERTEX_POINT('',#4108);
#4108 = CARTESIAN_POINT('',(-43.70070687241,-51.47635007113,6.));
#4109 = LINE('',#4110,#4111);
#4110 = CARTESIAN_POINT('',(-27.20833024919,-21.12621038072,6.));
#4111 = VECTOR('',#4112,1.);
#4112 = DIRECTION('',(-0.477462709476,-0.878652013632,0.));
#4113 = ORIENTED_EDGE('',*,*,#4114,.T.);
#4114 = EDGE_CURVE('',#4107,#4115,#4117,.T.);
#4115 = VERTEX_POINT('',#4116);
#4116 = CARTESIAN_POINT('',(-42.87564434701,-51.,6.));
#4117 = LINE('',#4118,#4119);
#4118 = CARTESIAN_POINT('',(-15.33762066897,-35.10091461653,6.));
#4119 = VECTOR('',#4120,1.);
#4120 = DIRECTION('',(0.866025403784,0.5,0.));
#4121 = ORIENTED_EDGE('',*,*,#4122,.T.);
#4122 = EDGE_CURVE('',#4115,#4123,#4125,.T.);
#4123 = VERTEX_POINT('',#4124);
#4124 = CARTESIAN_POINT('',(-36.81346652052,-54.5,6.));
#4125 = LINE('',#4126,#4127);
#4126 = CARTESIAN_POINT('',(-34.39017955223,-55.89908538346,6.));
#4127 = VECTOR('',#4128,1.);
#4128 = DIRECTION('',(0.866025403784,-0.5,0.));
#4129 = ORIENTED_EDGE('',*,*,#4130,.T.);
#4130 = EDGE_CURVE('',#4123,#4131,#4133,.T.);
#4131 = VERTEX_POINT('',#4132);
#4132 = CARTESIAN_POINT('',(-36.81346652052,-61.5,6.));
#4133 = LINE('',#4134,#4135);
#4134 = CARTESIAN_POINT('',(-36.81346652052,-30.75,6.));
#4135 = VECTOR('',#4136,1.);
#4136 = DIRECTION('',(-1.015061051086E-15,-1.,0.));
#4137 = ORIENTED_EDGE('',*,*,#4138,.T.);
#4138 = EDGE_CURVE('',#4131,#4139,#4141,.T.);
#4139 = VERTEX_POINT('',#4140);
#4140 = CARTESIAN_POINT('',(-42.87564434701,-65.,6.));
#4141 = LINE('',#4142,#4143);
#4142 = CARTESIAN_POINT('',(-12.30653175573,-47.35091461653,6.));
#4143 = VECTOR('',#4144,1.);
#4144 = DIRECTION('',(-0.866025403784,-0.5,0.));
#4145 = ORIENTED_EDGE('',*,*,#4146,.T.);
#4146 = EDGE_CURVE('',#4139,#4147,#4149,.T.);
#4147 = VERTEX_POINT('',#4148);
#4148 = CARTESIAN_POINT('',(-48.9378221735,-61.5,6.));
#4149 = LINE('',#4150,#4151);
#4150 = CARTESIAN_POINT('',(-43.48344629197,-64.64908538346,6.));
#4151 = VECTOR('',#4152,1.);
#4152 = DIRECTION('',(-0.866025403784,0.5,0.));
#4153 = ORIENTED_EDGE('',*,*,#4154,.T.);
#4154 = EDGE_CURVE('',#4147,#4155,#4157,.T.);
#4155 = VERTEX_POINT('',#4156);
#4156 = CARTESIAN_POINT('',(-48.9378221735,-61.11396535208,6.));
#4157 = LINE('',#4158,#4159);
#4158 = CARTESIAN_POINT('',(-48.9378221735,-27.25,6.));
#4159 = VECTOR('',#4160,1.);
#4160 = DIRECTION('',(0.,1.,0.));
#4161 = ORIENTED_EDGE('',*,*,#4162,.T.);
#4162 = EDGE_CURVE('',#4155,#4163,#4165,.T.);
#4163 = VERTEX_POINT('',#4164);
#4164 = CARTESIAN_POINT('',(-76.21840263755,-111.317125687,6.));
#4165 = LINE('',#4166,#4167);
#4166 = CARTESIAN_POINT('',(-27.20833024919,-21.12621038072,6.));
#4167 = VECTOR('',#4168,1.);
#4168 = DIRECTION('',(-0.477462709476,-0.878652013632,0.));
#4169 = ORIENTED_EDGE('',*,*,#4170,.T.);
#4170 = EDGE_CURVE('',#4163,#4171,#4173,.T.);
#4171 = VERTEX_POINT('',#4172);
#4172 = CARTESIAN_POINT('',(-57.,-128.17175976,6.));
#4173 = CIRCLE('',#4174,17.);
#4174 = AXIS2_PLACEMENT_3D('',#4175,#4176,#4177);
#4175 = CARTESIAN_POINT('',(-74.,-128.17175976,6.));
#4176 = DIRECTION('',(0.,0.,1.));
#4177 = DIRECTION('',(1.,0.,0.));
#4178 = ORIENTED_EDGE('',*,*,#4179,.T.);
#4179 = EDGE_CURVE('',#4171,#4180,#4182,.T.);
#4180 = VERTEX_POINT('',#4181);
#4181 = CARTESIAN_POINT('',(-58.29425740243,-121.6656357634,6.));
#4182 = CIRCLE('',#4183,17.);
#4183 = AXIS2_PLACEMENT_3D('',#4184,#4185,#4186);
#4184 = CARTESIAN_POINT('',(-74.,-128.17175976,6.));
#4185 = DIRECTION('',(0.,0.,1.));
#4186 = DIRECTION('',(1.,0.,0.));
#4187 = ORIENTED_EDGE('',*,*,#4188,.T.);
#4188 = EDGE_CURVE('',#4180,#4189,#4191,.T.);
#4189 = VERTEX_POINT('',#4190);
#4190 = CARTESIAN_POINT('',(-18.68911086754,-56.98570291403,6.));
#4191 = LINE('',#4192,#4193);
#4192 = CARTESIAN_POINT('',(-65.33974596215,-133.17175976,6.));
#4193 = VECTOR('',#4194,1.);
#4194 = DIRECTION('',(0.522203610154,0.852820842582,0.));
#4195 = ORIENTED_EDGE('',*,*,#4196,.T.);
#4196 = EDGE_CURVE('',#4189,#4197,#4199,.T.);
#4197 = VERTEX_POINT('',#4198);
#4198 = CARTESIAN_POINT('',(-18.68911086754,-54.5,6.));
#4199 = LINE('',#4200,#4201);
#4200 = CARTESIAN_POINT('',(-18.68911086754,-27.25,6.));
#4201 = VECTOR('',#4202,1.);
#4202 = DIRECTION('',(0.,1.,0.));
#4203 = ORIENTED_EDGE('',*,*,#4204,.T.);
#4204 = EDGE_CURVE('',#4197,#4205,#4207,.T.);
#4205 = VERTEX_POINT('',#4206);
#4206 = CARTESIAN_POINT('',(-16.33471078222,-53.14068647695,6.));
#4207 = LINE('',#4208,#4209);
#4208 = CARTESIAN_POINT('',(3.567823897249,-41.64995272221,6.));
#4209 = VECTOR('',#4210,1.);
#4210 = DIRECTION('',(0.866025403784,0.5,0.));
#4211 = ORIENTED_EDGE('',*,*,#4212,.T.);
#4212 = EDGE_CURVE('',#4205,#4213,#4215,.T.);
#4213 = VERTEX_POINT('',#4214);
#4214 = CARTESIAN_POINT('',(-14.55210194736,-50.22947341949,6.));
#4215 = LINE('',#4216,#4217);
#4216 = CARTESIAN_POINT('',(-65.33974596215,-133.17175976,6.));
#4217 = VECTOR('',#4218,1.);
#4218 = DIRECTION('',(0.522203610154,0.852820842582,0.));
#4219 = ORIENTED_EDGE('',*,*,#4220,.T.);
#4220 = EDGE_CURVE('',#4213,#4221,#4223,.T.);
#4221 = VERTEX_POINT('',#4222);
#4222 = CARTESIAN_POINT('',(-7.961524227066,-50.22947341949,6.));
#4223 = LINE('',#4224,#4225);
#4224 = CARTESIAN_POINT('',(-29.,-50.22947341949,6.));
#4225 = VECTOR('',#4226,1.);
#4226 = DIRECTION('',(1.,-2.45014736469E-16,0.));
#4227 = ORIENTED_EDGE('',*,*,#4228,.T.);
#4228 = EDGE_CURVE('',#4221,#4229,#4231,.T.);
#4229 = VERTEX_POINT('',#4230);
#4230 = CARTESIAN_POINT('',(-11.12693304105,-48.40192378864,6.));
#4231 = LINE('',#4232,#4233);
#4232 = CARTESIAN_POINT('',(-17.01582389925,-45.00197106643,6.));
#4233 = VECTOR('',#4234,1.);
#4234 = DIRECTION('',(-0.866025403784,0.5,0.));
#4235 = ORIENTED_EDGE('',*,*,#4236,.T.);
#4236 = EDGE_CURVE('',#4229,#4237,#4239,.T.);
#4237 = VERTEX_POINT('',#4238);
#4238 = CARTESIAN_POINT('',(-11.12693304105,-41.40192378864,6.));
#4239 = LINE('',#4240,#4241);
#4240 = CARTESIAN_POINT('',(-11.12693304105,-20.70096189432,6.));
#4241 = VECTOR('',#4242,1.);
#4242 = DIRECTION('',(0.,1.,0.));
#4243 = ORIENTED_EDGE('',*,*,#4244,.T.);
#4244 = EDGE_CURVE('',#4237,#4245,#4247,.T.);
#4245 = VERTEX_POINT('',#4246);
#4246 = CARTESIAN_POINT('',(-5.064755214563,-37.90192378864,6.));
#4247 = LINE('',#4248,#4249);
#4248 = CARTESIAN_POINT('',(5.458368353872,-31.82639556369,6.));
#4249 = VECTOR('',#4250,1.);
#4250 = DIRECTION('',(0.866025403784,0.5,0.));
#4251 = ORIENTED_EDGE('',*,*,#4252,.T.);
#4252 = EDGE_CURVE('',#4245,#4253,#4255,.T.);
#4253 = VERTEX_POINT('',#4254);
#4254 = CARTESIAN_POINT('',(0.997422611929,-41.40192378864,6.));
#4255 = LINE('',#4256,#4257);
#4256 = CARTESIAN_POINT('',(-7.922557159518,-36.25197106643,6.));
#4257 = VECTOR('',#4258,1.);
#4258 = DIRECTION('',(0.866025403784,-0.5,0.));
#4259 = ORIENTED_EDGE('',*,*,#4260,.T.);
#4260 = EDGE_CURVE('',#4253,#4261,#4263,.T.);
#4261 = VERTEX_POINT('',#4262);
#4262 = CARTESIAN_POINT('',(0.997422611929,-48.40192378864,6.));
#4263 = LINE('',#4264,#4265);
#4264 = CARTESIAN_POINT('',(0.997422611929,-24.20096189432,6.));
#4265 = VECTOR('',#4266,1.);
#4266 = DIRECTION('',(-2.537652627715E-16,-1.,0.));
#4267 = ORIENTED_EDGE('',*,*,#4268,.T.);
#4268 = EDGE_CURVE('',#4261,#4269,#4271,.T.);
#4269 = VERTEX_POINT('',#4270);
#4270 = CARTESIAN_POINT('',(-2.167986202059,-50.22947341949,6.));
#4271 = LINE('',#4272,#4273);
#4272 = CARTESIAN_POINT('',(8.489457267117,-44.07639556369,6.));
#4273 = VECTOR('',#4274,1.);
#4274 = DIRECTION('',(-0.866025403784,-0.5,0.));
#4275 = ORIENTED_EDGE('',*,*,#4276,.T.);
#4276 = EDGE_CURVE('',#4269,#4277,#4279,.T.);
#4277 = VERTEX_POINT('',#4278);
#4278 = CARTESIAN_POINT('',(7.162831425916,-50.22947341949,6.));
#4279 = LINE('',#4280,#4281);
#4280 = CARTESIAN_POINT('',(-29.,-50.22947341949,6.));
#4281 = VECTOR('',#4282,1.);
#4282 = DIRECTION('',(1.,-2.45014736469E-16,0.));
#4283 = ORIENTED_EDGE('',*,*,#4284,.T.);
#4284 = EDGE_CURVE('',#4277,#4285,#4287,.T.);
#4285 = VERTEX_POINT('',#4286);
#4286 = CARTESIAN_POINT('',(3.997422611929,-48.40192378864,6.));
#4287 = LINE('',#4288,#4289);
#4288 = CARTESIAN_POINT('',(-7.56310161614,-41.72745201359,6.));
#4289 = VECTOR('',#4290,1.);
#4290 = DIRECTION('',(-0.866025403784,0.5,0.));
#4291 = ORIENTED_EDGE('',*,*,#4292,.T.);
#4292 = EDGE_CURVE('',#4285,#4293,#4295,.T.);
#4293 = VERTEX_POINT('',#4294);
#4294 = CARTESIAN_POINT('',(3.997422611929,-41.40192378864,6.));
#4295 = LINE('',#4296,#4297);
#4296 = CARTESIAN_POINT('',(3.997422611929,-20.70096189432,6.));
#4297 = VECTOR('',#4298,1.);
#4298 = DIRECTION('',(-1.268826313857E-16,1.,0.));
#4299 = ORIENTED_EDGE('',*,*,#4300,.T.);
#4300 = EDGE_CURVE('',#4293,#4301,#4303,.T.);
#4301 = VERTEX_POINT('',#4302);
#4302 = CARTESIAN_POINT('',(10.05960043842,-37.90192378864,6.));
#4303 = LINE('',#4304,#4305);
#4304 = CARTESIAN_POINT('',(14.911090636986,-35.10091461653,6.));
#4305 = VECTOR('',#4306,1.);
#4306 = DIRECTION('',(0.866025403784,0.5,0.));
#4307 = ORIENTED_EDGE('',*,*,#4308,.T.);
#4308 = EDGE_CURVE('',#4301,#4309,#4311,.T.);
#4309 = VERTEX_POINT('',#4310);
#4310 = CARTESIAN_POINT('',(16.121778264911,-41.40192378864,6.));
#4311 = LINE('',#4312,#4313);
#4312 = CARTESIAN_POINT('',(1.530165123596,-32.97745201359,6.));
#4313 = VECTOR('',#4314,1.);
#4314 = DIRECTION('',(0.866025403784,-0.5,0.));
#4315 = ORIENTED_EDGE('',*,*,#4316,.T.);
#4316 = EDGE_CURVE('',#4309,#4317,#4319,.T.);
#4317 = VERTEX_POINT('',#4318);
#4318 = CARTESIAN_POINT('',(16.121778264911,-48.40192378864,6.));
#4319 = LINE('',#4320,#4321);
#4320 = CARTESIAN_POINT('',(16.121778264911,-24.20096189432,6.));
#4321 = VECTOR('',#4322,1.);
#4322 = DIRECTION('',(0.,-1.,0.));
#4323 = ORIENTED_EDGE('',*,*,#4324,.T.);
#4324 = EDGE_CURVE('',#4317,#4325,#4327,.T.);
#4325 = VERTEX_POINT('',#4326);
#4326 = CARTESIAN_POINT('',(12.956369450923,-50.22947341949,6.));
#4327 = LINE('',#4328,#4329);
#4328 = CARTESIAN_POINT('',(17.942179550231,-47.35091461653,6.));
#4329 = VECTOR('',#4330,1.);
#4330 = DIRECTION('',(-0.866025403784,-0.5,0.));
#4331 = ORIENTED_EDGE('',*,*,#4332,.T.);
#4332 = EDGE_CURVE('',#4325,#4333,#4335,.T.);
#4333 = VERTEX_POINT('',#4334);
#4334 = CARTESIAN_POINT('',(14.552101947369,-50.22947341949,6.));
#4335 = LINE('',#4336,#4337);
#4336 = CARTESIAN_POINT('',(-29.,-50.22947341949,6.));
#4337 = VECTOR('',#4338,1.);
#4338 = DIRECTION('',(1.,-2.45014736469E-16,0.));
#4339 = ORIENTED_EDGE('',*,*,#4340,.T.);
#4340 = EDGE_CURVE('',#4333,#4341,#4343,.T.);
#4341 = VERTEX_POINT('',#4342);
#4342 = CARTESIAN_POINT('',(15.702447990482,-52.1081258506,6.));
#4343 = LINE('',#4344,#4345);
#4344 = CARTESIAN_POINT('',(4.691669750802,-34.12621038072,6.));
#4345 = VECTOR('',#4346,1.);
#4346 = DIRECTION('',(0.522203610154,-0.852820842582,0.));
#4347 = ORIENTED_EDGE('',*,*,#4348,.T.);
#4348 = EDGE_CURVE('',#4341,#4349,#4351,.T.);
#4349 = VERTEX_POINT('',#4350);
#4350 = CARTESIAN_POINT('',(17.621778264911,-51.,6.));
#4351 = LINE('',#4352,#4353);
#4352 = CARTESIAN_POINT('',(22.473268463477,-48.19899082788,6.));
#4353 = VECTOR('',#4354,1.);
#4354 = DIRECTION('',(0.866025403784,0.5,0.));
#4355 = ORIENTED_EDGE('',*,*,#4356,.T.);
#4356 = EDGE_CURVE('',#4349,#4357,#4359,.T.);
#4357 = VERTEX_POINT('',#4358);
#4358 = CARTESIAN_POINT('',(23.683956091402,-54.5,6.));
#4359 = LINE('',#4360,#4361);
#4360 = CARTESIAN_POINT('',(3.420709580219,-42.80100917211,6.));
#4361 = VECTOR('',#4362,1.);
#4362 = DIRECTION('',(0.866025403784,-0.5,0.));
#4363 = ORIENTED_EDGE('',*,*,#4364,.T.);
#4364 = EDGE_CURVE('',#4357,#4365,#4367,.T.);
#4365 = VERTEX_POINT('',#4366);
#4366 = CARTESIAN_POINT('',(23.683956091402,-61.5,6.));
#4367 = LINE('',#4368,#4369);
#4368 = CARTESIAN_POINT('',(23.683956091402,-30.75,6.));
#4369 = VECTOR('',#4370,1.);
#4370 = DIRECTION('',(0.,-1.,0.));
#4371 = ORIENTED_EDGE('',*,*,#4372,.T.);
#4372 = EDGE_CURVE('',#4365,#4373,#4375,.T.);
#4373 = VERTEX_POINT('',#4374);
#4374 = CARTESIAN_POINT('',(22.03594364643,-62.45148042873,6.));
#4375 = LINE('',#4376,#4377);
#4376 = CARTESIAN_POINT('',(25.504357376722,-60.44899082788,6.));
#4377 = VECTOR('',#4378,1.);
#4378 = DIRECTION('',(-0.866025403784,-0.5,0.));
#4379 = ORIENTED_EDGE('',*,*,#4380,.T.);
#4380 = EDGE_CURVE('',#4373,#4381,#4383,.T.);
#4381 = VERTEX_POINT('',#4382);
#4382 = CARTESIAN_POINT('',(58.294257402439,-121.6656357634,6.));
#4383 = LINE('',#4384,#4385);
#4384 = CARTESIAN_POINT('',(4.691669750802,-34.12621038072,6.));
#4385 = VECTOR('',#4386,1.);
#4386 = DIRECTION('',(0.522203610154,-0.852820842582,0.));
#4387 = ORIENTED_EDGE('',*,*,#4388,.T.);
#4388 = EDGE_CURVE('',#4381,#4389,#4391,.T.);
#4389 = VERTEX_POINT('',#4390);
#4390 = CARTESIAN_POINT('',(91.,-128.17175976,6.));
#4391 = CIRCLE('',#4392,17.);
#4392 = AXIS2_PLACEMENT_3D('',#4393,#4394,#4395);
#4393 = CARTESIAN_POINT('',(74.,-128.17175976,6.));
#4394 = DIRECTION('',(0.,0.,1.));
#4395 = DIRECTION('',(1.,0.,0.));
#4396 = ORIENTED_EDGE('',*,*,#4397,.T.);
#4397 = EDGE_CURVE('',#4389,#4398,#4400,.T.);
#4398 = VERTEX_POINT('',#4399);
#4399 = CARTESIAN_POINT('',(76.218402637552,-111.317125687,6.));
#4400 = CIRCLE('',#4401,17.);
#4401 = AXIS2_PLACEMENT_3D('',#4402,#4403,#4404);
#4402 = CARTESIAN_POINT('',(74.,-128.17175976,6.));
#4403 = DIRECTION('',(0.,0.,1.));
#4404 = DIRECTION('',(1.,0.,0.));
#4405 = ORIENTED_EDGE('',*,*,#4406,.T.);
#4406 = EDGE_CURVE('',#4398,#4407,#4409,.T.);
#4407 = VERTEX_POINT('',#4408);
#4408 = CARTESIAN_POINT('',(50.290322976816,-63.60290853168,6.));
#4409 = LINE('',#4410,#4411);
#4410 = CARTESIAN_POINT('',(82.660254037844,-123.17175976,6.));
#4411 = VECTOR('',#4412,1.);
#4412 = DIRECTION('',(-0.477462709476,0.878652013632,0.));
#4413 = ORIENTED_EDGE('',*,*,#4414,.T.);
#4414 = EDGE_CURVE('',#4407,#4415,#4417,.T.);
#4415 = VERTEX_POINT('',#4416);
#4416 = CARTESIAN_POINT('',(47.870489570875,-65.,6.));
#4417 = LINE('',#4418,#4419);
#4418 = CARTESIAN_POINT('',(44.40980194295,-66.99802893356,6.));
#4419 = VECTOR('',#4420,1.);
#4420 = DIRECTION('',(-0.866025403784,-0.5,0.));
#4421 = ORIENTED_EDGE('',*,*,#4422,.T.);
#4422 = EDGE_CURVE('',#4415,#4423,#4425,.T.);
#4423 = VERTEX_POINT('',#4424);
#4424 = CARTESIAN_POINT('',(41.808311744384,-61.5,6.));
#4425 = LINE('',#4426,#4427);
#4426 = CARTESIAN_POINT('',(13.23288740671,-45.00197106643,6.));
#4427 = VECTOR('',#4428,1.);
#4428 = DIRECTION('',(-0.866025403784,0.5,0.));
#4429 = ORIENTED_EDGE('',*,*,#4430,.T.);
#4430 = EDGE_CURVE('',#4423,#4431,#4433,.T.);
#4431 = VERTEX_POINT('',#4432);
#4432 = CARTESIAN_POINT('',(41.808311744384,-54.5,6.));
#4433 = LINE('',#4434,#4435);
#4434 = CARTESIAN_POINT('',(41.808311744384,-27.25,6.));
#4435 = VECTOR('',#4436,1.);
#4436 = DIRECTION('',(0.,1.,0.));
#4437 = ORIENTED_EDGE('',*,*,#4438,.T.);
#4438 = EDGE_CURVE('',#4431,#4439,#4441,.T.);
#4439 = VERTEX_POINT('',#4440);
#4440 = CARTESIAN_POINT('',(44.499462979782,-52.94626310981,6.));
#4441 = LINE('',#4442,#4443);
#4442 = CARTESIAN_POINT('',(41.378713029704,-54.74802893356,6.));
#4443 = VECTOR('',#4444,1.);
#4444 = DIRECTION('',(0.866025403784,0.5,0.));
#4445 = ORIENTED_EDGE('',*,*,#4446,.T.);
#4446 = EDGE_CURVE('',#4439,#4447,#4449,.T.);
#4447 = VERTEX_POINT('',#4448);
#4448 = CARTESIAN_POINT('',(43.066596732014,-50.30942720853,6.));
#4449 = LINE('',#4450,#4451);
#4450 = CARTESIAN_POINT('',(82.660254037844,-123.17175976,6.));
#4451 = VECTOR('',#4452,1.);
#4452 = DIRECTION('',(-0.477462709476,0.878652013632,0.));
#4453 = ORIENTED_EDGE('',*,*,#4454,.T.);
#4454 = EDGE_CURVE('',#4447,#4455,#4457,.T.);
#4455 = VERTEX_POINT('',#4456);
#4456 = CARTESIAN_POINT('',(40.308311744384,-51.90192378864,6.));
#4457 = LINE('',#4458,#4459);
#4458 = CARTESIAN_POINT('',(36.847624116459,-53.89995272221,6.));
#4459 = VECTOR('',#4460,1.);
#4460 = DIRECTION('',(-0.866025403784,-0.5,0.));
#4461 = ORIENTED_EDGE('',*,*,#4462,.T.);
#4462 = EDGE_CURVE('',#4455,#4463,#4465,.T.);
#4463 = VERTEX_POINT('',#4464);
#4464 = CARTESIAN_POINT('',(34.246133917893,-48.40192378864,6.));
#4465 = LINE('',#4466,#4467);
#4466 = CARTESIAN_POINT('',(11.342342950087,-35.17841390792,6.));
#4467 = VECTOR('',#4468,1.);
#4468 = DIRECTION('',(-0.866025403784,0.5,0.));
#4469 = ORIENTED_EDGE('',*,*,#4470,.T.);
#4470 = EDGE_CURVE('',#4463,#4471,#4473,.T.);
#4471 = VERTEX_POINT('',#4472);
#4472 = CARTESIAN_POINT('',(34.246133917893,-41.40192378864,6.));
#4473 = LINE('',#4474,#4475);
#4474 = CARTESIAN_POINT('',(34.246133917893,-20.70096189432,6.));
#4475 = VECTOR('',#4476,1.);
#4476 = DIRECTION('',(0.,1.,0.));
#4477 = ORIENTED_EDGE('',*,*,#4478,.T.);
#4478 = EDGE_CURVE('',#4471,#4479,#4481,.T.);
#4479 = VERTEX_POINT('',#4480);
#4480 = CARTESIAN_POINT('',(37.27573673498,-39.65278178666,6.));
#4481 = LINE('',#4482,#4483);
#4482 = CARTESIAN_POINT('',(33.816535203213,-41.64995272221,6.));
#4483 = VECTOR('',#4484,1.);
#4484 = DIRECTION('',(0.866025403784,0.5,0.));
#4485 = ORIENTED_EDGE('',*,*,#4486,.T.);
#4486 = EDGE_CURVE('',#4479,#4487,#4489,.T.);
#4487 = VERTEX_POINT('',#4488);
#4488 = CARTESIAN_POINT('',(36.223949026315,-37.71722667463,6.));
#4489 = LINE('',#4490,#4491);
#4490 = CARTESIAN_POINT('',(82.660254037844,-123.17175976,6.));
#4491 = VECTOR('',#4492,1.);
#4492 = DIRECTION('',(-0.477462709476,0.878652013632,0.));
#4493 = ORIENTED_EDGE('',*,*,#4494,.T.);
#4494 = EDGE_CURVE('',#4487,#4495,#4497,.T.);
#4495 = VERTEX_POINT('',#4496);
#4496 = CARTESIAN_POINT('',(37.021815274538,-36.33528179506,6.));
#4497 = LINE('',#4498,#4499);
#4498 = CARTESIAN_POINT('',(29.,-50.22947341949,6.));
#4499 = VECTOR('',#4500,1.);
#4500 = DIRECTION('',(0.5,0.866025403784,0.));
#4501 = ORIENTED_EDGE('',*,*,#4502,.T.);
#4502 = EDGE_CURVE('',#4495,#4503,#4505,.T.);
#4503 = VERTEX_POINT('',#4504);
#4504 = CARTESIAN_POINT('',(32.746133917893,-38.80384757729,6.));
#4505 = LINE('',#4506,#4507);
#4506 = CARTESIAN_POINT('',(29.285446289968,-40.80187651085,6.));
#4507 = VECTOR('',#4508,1.);
#4508 = DIRECTION('',(-0.866025403784,-0.5,0.));
#4509 = ORIENTED_EDGE('',*,*,#4510,.T.);
#4510 = EDGE_CURVE('',#4503,#4511,#4513,.T.);
#4511 = VERTEX_POINT('',#4512);
#4512 = CARTESIAN_POINT('',(26.683956091402,-35.30384757729,6.));
#4513 = LINE('',#4514,#4515);
#4514 = CARTESIAN_POINT('',(9.451798493465,-25.3548567494,6.));
#4515 = VECTOR('',#4516,1.);
#4516 = DIRECTION('',(-0.866025403784,0.5,0.));
#4517 = ORIENTED_EDGE('',*,*,#4518,.T.);
#4518 = EDGE_CURVE('',#4511,#4519,#4521,.T.);
#4519 = VERTEX_POINT('',#4520);
#4520 = CARTESIAN_POINT('',(26.683956091402,-28.30384757729,6.));
#4521 = LINE('',#4522,#4523);
#4522 = CARTESIAN_POINT('',(26.683956091402,-14.15192378864,6.));
#4523 = VECTOR('',#4524,1.);
#4524 = DIRECTION('',(-5.075305255429E-16,1.,0.));
#4525 = ORIENTED_EDGE('',*,*,#4526,.T.);
#4526 = EDGE_CURVE('',#4519,#4527,#4529,.T.);
#4527 = VERTEX_POINT('',#4528);
#4528 = CARTESIAN_POINT('',(32.746133917893,-24.80384757729,6.));
#4529 = LINE('',#4530,#4531);
#4530 = CARTESIAN_POINT('',(26.254357376722,-28.55187651085,6.));
#4531 = VECTOR('',#4532,1.);
#4532 = DIRECTION('',(0.866025403784,0.5,0.));
#4533 = ORIENTED_EDGE('',*,*,#4534,.T.);
#4534 = EDGE_CURVE('',#4527,#4535,#4537,.T.);
#4535 = VERTEX_POINT('',#4536);
#4536 = CARTESIAN_POINT('',(38.808311744384,-28.30384757729,6.));
#4537 = LINE('',#4538,#4539);
#4538 = CARTESIAN_POINT('',(18.545065233201,-16.6048567494,6.));
#4539 = VECTOR('',#4540,1.);
#4540 = DIRECTION('',(0.866025403784,-0.5,0.));
#4541 = ORIENTED_EDGE('',*,*,#4542,.T.);
#4542 = EDGE_CURVE('',#4535,#4543,#4545,.T.);
#4543 = VERTEX_POINT('',#4544);
#4544 = CARTESIAN_POINT('',(38.808311744384,-33.24097914175,6.));
#4545 = LINE('',#4546,#4547);
#4546 = CARTESIAN_POINT('',(38.808311744384,-17.65192378864,6.));
#4547 = VECTOR('',#4548,1.);
#4548 = DIRECTION('',(-1.015061051086E-15,-1.,0.));
#4549 = ORIENTED_EDGE('',*,*,#4550,.T.);
#4550 = EDGE_CURVE('',#4543,#4551,#4553,.T.);
#4551 = VERTEX_POINT('',#4552);
#4552 = CARTESIAN_POINT('',(44.583993101029,-23.23720558371,6.));
#4553 = LINE('',#4554,#4555);
#4554 = CARTESIAN_POINT('',(29.,-50.22947341949,6.));
#4555 = VECTOR('',#4556,1.);
#4556 = DIRECTION('',(0.5,0.866025403784,0.));
#4557 = ORIENTED_EDGE('',*,*,#4558,.T.);
#4558 = EDGE_CURVE('',#4551,#4559,#4561,.T.);
#4559 = VERTEX_POINT('',#4560);
#4560 = CARTESIAN_POINT('',(40.308311744384,-25.70577136594,6.));
#4561 = LINE('',#4562,#4563);
#4562 = CARTESIAN_POINT('',(31.175990746591,-30.97831935234,6.));
#4563 = VECTOR('',#4564,1.);
#4564 = DIRECTION('',(-0.866025403784,-0.5,0.));
#4565 = ORIENTED_EDGE('',*,*,#4566,.T.);
#4566 = EDGE_CURVE('',#4559,#4567,#4569,.T.);
#4567 = VERTEX_POINT('',#4568);
#4568 = CARTESIAN_POINT('',(34.246133917893,-22.20577136594,6.));
#4569 = LINE('',#4570,#4571);
#4570 = CARTESIAN_POINT('',(17.013976319956,-12.25678053805,6.));
#4571 = VECTOR('',#4572,1.);
#4572 = DIRECTION('',(-0.866025403784,0.5,0.));
#4573 = ORIENTED_EDGE('',*,*,#4574,.T.);
#4574 = EDGE_CURVE('',#4567,#4575,#4577,.T.);
#4575 = VERTEX_POINT('',#4576);
#4576 = CARTESIAN_POINT('',(34.246133917893,-15.20577136594,6.));
#4577 = LINE('',#4578,#4579);
#4578 = CARTESIAN_POINT('',(34.246133917893,-7.60288568297,6.));
#4579 = VECTOR('',#4580,1.);
#4580 = DIRECTION('',(0.,1.,0.));
#4581 = ORIENTED_EDGE('',*,*,#4582,.T.);
#4582 = EDGE_CURVE('',#4575,#4583,#4585,.T.);
#4583 = VERTEX_POINT('',#4584);
#4584 = CARTESIAN_POINT('',(40.308311744384,-11.70577136594,6.));
#4585 = LINE('',#4586,#4587);
#4586 = CARTESIAN_POINT('',(28.144901833345,-18.72831935234,6.));
#4587 = VECTOR('',#4588,1.);
#4588 = DIRECTION('',(0.866025403784,0.5,0.));
#4589 = ORIENTED_EDGE('',*,*,#4590,.T.);
#4590 = EDGE_CURVE('',#4583,#4591,#4593,.T.);
#4591 = VERTEX_POINT('',#4592);
#4592 = CARTESIAN_POINT('',(46.370489570875,-15.20577136594,6.));
#4593 = LINE('',#4594,#4595);
#4594 = CARTESIAN_POINT('',(26.107243059692,-3.506780538053,6.));
#4595 = VECTOR('',#4596,1.);
#4596 = DIRECTION('',(0.866025403784,-0.5,0.));
#4597 = ORIENTED_EDGE('',*,*,#4598,.T.);
#4598 = EDGE_CURVE('',#4591,#3298,#4599,.T.);
#4599 = LINE('',#4600,#4601);
#4600 = CARTESIAN_POINT('',(46.370489570875,-11.10288568297,6.));
#4601 = VECTOR('',#4602,1.);
#4602 = DIRECTION('',(-1.015061051086E-15,-1.,0.));
#4603 = FACE_BOUND('',#4604,.T.);
#4604 = EDGE_LOOP('',(#4605));
#4605 = ORIENTED_EDGE('',*,*,#4606,.F.);
#4606 = EDGE_CURVE('',#4607,#4607,#4609,.T.);
#4607 = VERTEX_POINT('',#4608);
#4608 = CARTESIAN_POINT('',(-78.15685424949,-133.8286140095,6.));
#4609 = CIRCLE('',#4610,1.5);
#4610 = AXIS2_PLACEMENT_3D('',#4611,#4612,#4613);
#4611 = CARTESIAN_POINT('',(-79.65685424949,-133.8286140095,6.));
#4612 = DIRECTION('',(0.,0.,1.));
#4613 = DIRECTION('',(1.,0.,0.));
#4614 = FACE_BOUND('',#4615,.T.);
#4615 = EDGE_LOOP('',(#4616));
#4616 = ORIENTED_EDGE('',*,*,#4617,.F.);
#4617 = EDGE_CURVE('',#4618,#4618,#4620,.T.);
#4618 = VERTEX_POINT('',#4619);
#4619 = CARTESIAN_POINT('',(-78.15685424949,-122.5149055106,6.));
#4620 = CIRCLE('',#4621,1.5);
#4621 = AXIS2_PLACEMENT_3D('',#4622,#4623,#4624);
#4622 = CARTESIAN_POINT('',(-79.65685424949,-122.5149055106,6.));
#4623 = DIRECTION('',(0.,0.,1.));
#4624 = DIRECTION('',(1.,0.,0.));
#4625 = FACE_BOUND('',#4626,.T.);
#4626 = EDGE_LOOP('',(#4627));
#4627 = ORIENTED_EDGE('',*,*,#4628,.F.);
#4628 = EDGE_CURVE('',#4629,#4629,#4631,.T.);
#4629 = VERTEX_POINT('',#4630);
#4630 = CARTESIAN_POINT('',(-66.8431457505,-133.8286140095,6.));
#4631 = CIRCLE('',#4632,1.5);
#4632 = AXIS2_PLACEMENT_3D('',#4633,#4634,#4635);
#4633 = CARTESIAN_POINT('',(-68.3431457505,-133.8286140095,6.));
#4634 = DIRECTION('',(0.,0.,1.));
#4635 = DIRECTION('',(1.,0.,0.));
#4636 = FACE_BOUND('',#4637,.T.);
#4637 = EDGE_LOOP('',(#4638));
#4638 = ORIENTED_EDGE('',*,*,#4639,.F.);
#4639 = EDGE_CURVE('',#4640,#4640,#4642,.T.);
#4640 = VERTEX_POINT('',#4641);
#4641 = CARTESIAN_POINT('',(-70.,-128.17175976,6.));
#4642 = CIRCLE('',#4643,4.);
#4643 = AXIS2_PLACEMENT_3D('',#4644,#4645,#4646);
#4644 = CARTESIAN_POINT('',(-74.,-128.17175976,6.));
#4645 = DIRECTION('',(0.,0.,1.));
#4646 = DIRECTION('',(1.,0.,0.));
#4647 = FACE_BOUND('',#4648,.T.);
#4648 = EDGE_LOOP('',(#4649));
#4649 = ORIENTED_EDGE('',*,*,#4650,.F.);
#4650 = EDGE_CURVE('',#4651,#4651,#4653,.T.);
#4651 = VERTEX_POINT('',#4652);
#4652 = CARTESIAN_POINT('',(-66.8431457505,-122.5149055106,6.));
#4653 = CIRCLE('',#4654,1.5);
#4654 = AXIS2_PLACEMENT_3D('',#4655,#4656,#4657);
#4655 = CARTESIAN_POINT('',(-68.3431457505,-122.5149055106,6.));
#4656 = DIRECTION('',(0.,0.,1.));
#4657 = DIRECTION('',(1.,0.,0.));
#4658 = FACE_BOUND('',#4659,.T.);
#4659 = EDGE_LOOP('',(#4660,#4670,#4679,#4687,#4696,#4704,#4713,#4721));
#4660 = ORIENTED_EDGE('',*,*,#4661,.F.);
#4661 = EDGE_CURVE('',#4662,#4664,#4666,.T.);
#4662 = VERTEX_POINT('',#4663);
#4663 = CARTESIAN_POINT('',(-58.10125403784,-80.63432397701,6.));
#4664 = VERTEX_POINT('',#4665);
#4665 = CARTESIAN_POINT('',(-63.10125403784,-89.29457801485,6.));
#4666 = LINE('',#4667,#4668);
#4667 = CARTESIAN_POINT('',(-56.85125403784,-78.46926046755,6.));
#4668 = VECTOR('',#4669,1.);
#4669 = DIRECTION('',(-0.5,-0.866025403784,0.));
#4670 = ORIENTED_EDGE('',*,*,#4671,.T.);
#4671 = EDGE_CURVE('',#4662,#4672,#4674,.T.);
#4672 = VERTEX_POINT('',#4673);
#4673 = CARTESIAN_POINT('',(-54.68619052838,-79.71926046755,6.));
#4674 = CIRCLE('',#4675,2.5);
#4675 = AXIS2_PLACEMENT_3D('',#4676,#4677,#4678);
#4676 = CARTESIAN_POINT('',(-55.93619052838,-81.88432397701,6.));
#4677 = DIRECTION('',(-0.,-0.,-1.));
#4678 = DIRECTION('',(0.,-1.,0.));
#4679 = ORIENTED_EDGE('',*,*,#4680,.F.);
#4680 = EDGE_CURVE('',#4681,#4672,#4683,.T.);
#4681 = VERTEX_POINT('',#4682);
#4682 = CARTESIAN_POINT('',(-41.69580947161,-87.21926046755,6.));
#4683 = LINE('',#4684,#4685);
#4684 = CARTESIAN_POINT('',(-39.53074596215,-88.46926046755,6.));
#4685 = VECTOR('',#4686,1.);
#4686 = DIRECTION('',(-0.866025403784,0.5,0.));
#4687 = ORIENTED_EDGE('',*,*,#4688,.F.);
#4688 = EDGE_CURVE('',#4689,#4681,#4691,.T.);
#4689 = VERTEX_POINT('',#4690);
#4690 = CARTESIAN_POINT('',(-40.78074596215,-90.63432397701,6.));
#4691 = CIRCLE('',#4692,2.5);
#4692 = AXIS2_PLACEMENT_3D('',#4693,#4694,#4695);
#4693 = CARTESIAN_POINT('',(-42.94580947161,-89.38432397701,6.));
#4694 = DIRECTION('',(-0.,0.,1.));
#4695 = DIRECTION('',(0.,-1.,0.));
#4696 = ORIENTED_EDGE('',*,*,#4697,.F.);
#4697 = EDGE_CURVE('',#4698,#4689,#4700,.T.);
#4698 = VERTEX_POINT('',#4699);
#4699 = CARTESIAN_POINT('',(-45.78074596215,-99.29457801485,6.));
#4700 = LINE('',#4701,#4702);
#4701 = CARTESIAN_POINT('',(-47.03074596215,-101.4596415243,6.));
#4702 = VECTOR('',#4703,1.);
#4703 = DIRECTION('',(0.5,0.866025403784,0.));
#4704 = ORIENTED_EDGE('',*,*,#4705,.F.);
#4705 = EDGE_CURVE('',#4706,#4698,#4708,.T.);
#4706 = VERTEX_POINT('',#4707);
#4707 = CARTESIAN_POINT('',(-49.19580947161,-100.2096415243,6.));
#4708 = CIRCLE('',#4709,2.5);
#4709 = AXIS2_PLACEMENT_3D('',#4710,#4711,#4712);
#4710 = CARTESIAN_POINT('',(-47.94580947161,-98.04457801485,6.));
#4711 = DIRECTION('',(-0.,0.,1.));
#4712 = DIRECTION('',(0.,-1.,0.));
#4713 = ORIENTED_EDGE('',*,*,#4714,.F.);
#4714 = EDGE_CURVE('',#4715,#4706,#4717,.T.);
#4715 = VERTEX_POINT('',#4716);
#4716 = CARTESIAN_POINT('',(-62.18619052838,-92.70964152431,6.));
#4717 = LINE('',#4718,#4719);
#4718 = CARTESIAN_POINT('',(-64.35125403784,-91.45964152431,6.));
#4719 = VECTOR('',#4720,1.);
#4720 = DIRECTION('',(0.866025403784,-0.5,0.));
#4721 = ORIENTED_EDGE('',*,*,#4722,.F.);
#4722 = EDGE_CURVE('',#4664,#4715,#4723,.T.);
#4723 = CIRCLE('',#4724,2.5);
#4724 = AXIS2_PLACEMENT_3D('',#4725,#4726,#4727);
#4725 = CARTESIAN_POINT('',(-60.93619052838,-90.54457801485,6.));
#4726 = DIRECTION('',(-0.,0.,1.));
#4727 = DIRECTION('',(0.,-1.,0.));
#4728 = FACE_BOUND('',#4729,.T.);
#4729 = EDGE_LOOP('',(#4730));
#4730 = ORIENTED_EDGE('',*,*,#4731,.F.);
#4731 = EDGE_CURVE('',#4732,#4732,#4734,.T.);
#4732 = VERTEX_POINT('',#4733);
#4733 = CARTESIAN_POINT('',(-152.1568542494,-5.656854249492,6.));
#4734 = CIRCLE('',#4735,1.5);
#4735 = AXIS2_PLACEMENT_3D('',#4736,#4737,#4738);
#4736 = CARTESIAN_POINT('',(-153.6568542494,-5.656854249492,6.));
#4737 = DIRECTION('',(0.,0.,1.));
#4738 = DIRECTION('',(1.,0.,0.));
#4739 = FACE_BOUND('',#4740,.T.);
#4740 = EDGE_LOOP('',(#4741));
#4741 = ORIENTED_EDGE('',*,*,#4742,.F.);
#4742 = EDGE_CURVE('',#4743,#4743,#4745,.T.);
#4743 = VERTEX_POINT('',#4744);
#4744 = CARTESIAN_POINT('',(-140.8431457505,-5.656854249492,6.));
#4745 = CIRCLE('',#4746,1.5);
#4746 = AXIS2_PLACEMENT_3D('',#4747,#4748,#4749);
#4747 = CARTESIAN_POINT('',(-142.3431457505,-5.656854249492,6.));
#4748 = DIRECTION('',(0.,0.,1.));
#4749 = DIRECTION('',(1.,0.,0.));
#4750 = FACE_BOUND('',#4751,.T.);
#4751 = EDGE_LOOP('',(#4752,#4762,#4770,#4778,#4786,#4794));
#4752 = ORIENTED_EDGE('',*,*,#4753,.T.);
#4753 = EDGE_CURVE('',#4754,#4756,#4758,.T.);
#4754 = VERTEX_POINT('',#4755);
#4755 = CARTESIAN_POINT('',(-33.81346652052,-61.5,6.));
#4756 = VERTEX_POINT('',#4757);
#4757 = CARTESIAN_POINT('',(-33.81346652052,-54.5,6.));
#4758 = LINE('',#4759,#4760);
#4759 = CARTESIAN_POINT('',(-33.81346652052,-27.25,6.));
#4760 = VECTOR('',#4761,1.);
#4761 = DIRECTION('',(0.,1.,0.));
#4762 = ORIENTED_EDGE('',*,*,#4763,.T.);
#4763 = EDGE_CURVE('',#4756,#4764,#4766,.T.);
#4764 = VERTEX_POINT('',#4765);
#4765 = CARTESIAN_POINT('',(-27.75128869403,-51.,6.));
#4766 = LINE('',#4767,#4768);
#4767 = CARTESIAN_POINT('',(-5.884898385865,-38.37543366937,6.));
#4768 = VECTOR('',#4769,1.);
#4769 = DIRECTION('',(0.866025403784,0.5,0.));
#4770 = ORIENTED_EDGE('',*,*,#4771,.T.);
#4771 = EDGE_CURVE('',#4764,#4772,#4774,.T.);
#4772 = VERTEX_POINT('',#4773);
#4773 = CARTESIAN_POINT('',(-21.68911086754,-54.5,6.));
#4774 = LINE('',#4775,#4776);
#4775 = CARTESIAN_POINT('',(-24.93745726912,-52.62456633062,6.));
#4776 = VECTOR('',#4777,1.);
#4777 = DIRECTION('',(0.866025403784,-0.5,0.));
#4778 = ORIENTED_EDGE('',*,*,#4779,.T.);
#4779 = EDGE_CURVE('',#4772,#4780,#4782,.T.);
#4780 = VERTEX_POINT('',#4781);
#4781 = CARTESIAN_POINT('',(-21.68911086754,-61.5,6.));
#4782 = LINE('',#4783,#4784);
#4783 = CARTESIAN_POINT('',(-21.68911086754,-30.75,6.));
#4784 = VECTOR('',#4785,1.);
#4785 = DIRECTION('',(0.,-1.,0.));
#4786 = ORIENTED_EDGE('',*,*,#4787,.T.);
#4787 = EDGE_CURVE('',#4780,#4788,#4790,.T.);
#4788 = VERTEX_POINT('',#4789);
#4789 = CARTESIAN_POINT('',(-27.75128869403,-65.,6.));
#4790 = LINE('',#4791,#4792);
#4791 = CARTESIAN_POINT('',(-2.853809472619,-50.62543366937,6.));
#4792 = VECTOR('',#4793,1.);
#4793 = DIRECTION('',(-0.866025403784,-0.5,0.));
#4794 = ORIENTED_EDGE('',*,*,#4795,.T.);
#4795 = EDGE_CURVE('',#4788,#4754,#4796,.T.);
#4796 = LINE('',#4797,#4798);
#4797 = CARTESIAN_POINT('',(-34.03072400885,-61.37456633062,6.));
#4798 = VECTOR('',#4799,1.);
#4799 = DIRECTION('',(-0.866025403784,0.5,0.));
#4800 = FACE_BOUND('',#4801,.T.);
#4801 = EDGE_LOOP('',(#4802,#4812,#4820,#4828,#4836,#4844));
#4802 = ORIENTED_EDGE('',*,*,#4803,.T.);
#4803 = EDGE_CURVE('',#4804,#4806,#4808,.T.);
#4804 = VERTEX_POINT('',#4805);
#4805 = CARTESIAN_POINT('',(-26.25128869403,-48.40192378864,6.));
#4806 = VERTEX_POINT('',#4807);
#4807 = CARTESIAN_POINT('',(-26.25128869403,-41.40192378864,6.));
#4808 = LINE('',#4809,#4810);
#4809 = CARTESIAN_POINT('',(-26.25128869403,-20.70096189432,6.));
#4810 = VECTOR('',#4811,1.);
#4811 = DIRECTION('',(-5.075305255429E-16,1.,0.));
#4812 = ORIENTED_EDGE('',*,*,#4813,.T.);
#4813 = EDGE_CURVE('',#4806,#4814,#4816,.T.);
#4814 = VERTEX_POINT('',#4815);
#4815 = CARTESIAN_POINT('',(-20.18911086754,-37.90192378864,6.));
#4816 = LINE('',#4817,#4818);
#4817 = CARTESIAN_POINT('',(-3.994353929242,-28.55187651085,6.));
#4818 = VECTOR('',#4819,1.);
#4819 = DIRECTION('',(0.866025403784,0.5,0.));
#4820 = ORIENTED_EDGE('',*,*,#4821,.T.);
#4821 = EDGE_CURVE('',#4814,#4822,#4824,.T.);
#4822 = VERTEX_POINT('',#4823);
#4823 = CARTESIAN_POINT('',(-14.12693304105,-41.40192378864,6.));
#4824 = LINE('',#4825,#4826);
#4825 = CARTESIAN_POINT('',(-17.37527944263,-39.52649011927,6.));
#4826 = VECTOR('',#4827,1.);
#4827 = DIRECTION('',(0.866025403784,-0.5,0.));
#4828 = ORIENTED_EDGE('',*,*,#4829,.T.);
#4829 = EDGE_CURVE('',#4822,#4830,#4832,.T.);
#4830 = VERTEX_POINT('',#4831);
#4831 = CARTESIAN_POINT('',(-14.12693304105,-48.40192378864,6.));
#4832 = LINE('',#4833,#4834);
#4833 = CARTESIAN_POINT('',(-14.12693304105,-24.20096189432,6.));
#4834 = VECTOR('',#4835,1.);
#4835 = DIRECTION('',(0.,-1.,0.));
#4836 = ORIENTED_EDGE('',*,*,#4837,.T.);
#4837 = EDGE_CURVE('',#4830,#4838,#4840,.T.);
#4838 = VERTEX_POINT('',#4839);
#4839 = CARTESIAN_POINT('',(-20.18911086754,-51.90192378864,6.));
#4840 = LINE('',#4841,#4842);
#4841 = CARTESIAN_POINT('',(-0.963265015997,-40.80187651085,6.));
#4842 = VECTOR('',#4843,1.);
#4843 = DIRECTION('',(-0.866025403784,-0.5,0.));
#4844 = ORIENTED_EDGE('',*,*,#4845,.T.);
#4845 = EDGE_CURVE('',#4838,#4804,#4846,.T.);
#4846 = LINE('',#4847,#4848);
#4847 = CARTESIAN_POINT('',(-26.46854618236,-48.27649011927,6.));
#4848 = VECTOR('',#4849,1.);
#4849 = DIRECTION('',(-0.866025403784,0.5,0.));
#4850 = FACE_BOUND('',#4851,.T.);
#4851 = EDGE_LOOP('',(#4852,#4862,#4870,#4878,#4886,#4894));
#4852 = ORIENTED_EDGE('',*,*,#4853,.T.);
#4853 = EDGE_CURVE('',#4854,#4856,#4858,.T.);
#4854 = VERTEX_POINT('',#4855);
#4855 = CARTESIAN_POINT('',(-48.9378221735,-9.107695154587,6.));
#4856 = VERTEX_POINT('',#4857);
#4857 = CARTESIAN_POINT('',(-48.9378221735,-2.107695154587,6.));
#4858 = LINE('',#4859,#4860);
#4859 = CARTESIAN_POINT('',(-48.9378221735,-1.053847577293,6.));
#4860 = VECTOR('',#4861,1.);
#4861 = DIRECTION('',(0.,1.,0.));
#4862 = ORIENTED_EDGE('',*,*,#4863,.T.);
#4863 = EDGE_CURVE('',#4856,#4864,#4866,.T.);
#4864 = VERTEX_POINT('',#4865);
#4865 = CARTESIAN_POINT('',(-42.87564434701,1.392304845413,6.));
#4866 = LINE('',#4867,#4868);
#4867 = CARTESIAN_POINT('',(-26.68088740871,10.742352123203,6.));
#4868 = VECTOR('',#4869,1.);
#4869 = DIRECTION('',(0.866025403784,0.5,0.));
#4870 = ORIENTED_EDGE('',*,*,#4871,.T.);
#4871 = EDGE_CURVE('',#4864,#4872,#4874,.T.);
#4872 = VERTEX_POINT('',#4873);
#4873 = CARTESIAN_POINT('',(-36.81346652052,-2.107695154587,6.));
#4874 = LINE('',#4875,#4876);
#4875 = CARTESIAN_POINT('',(-23.0469128125,-10.05581864373,6.));
#4876 = VECTOR('',#4877,1.);
#4877 = DIRECTION('',(0.866025403784,-0.5,0.));
#4878 = ORIENTED_EDGE('',*,*,#4879,.T.);
#4879 = EDGE_CURVE('',#4872,#4880,#4882,.T.);
#4880 = VERTEX_POINT('',#4881);
#4881 = CARTESIAN_POINT('',(-36.81346652052,-9.107695154587,6.));
#4882 = LINE('',#4883,#4884);
#4883 = CARTESIAN_POINT('',(-36.81346652052,-4.553847577293,6.));
#4884 = VECTOR('',#4885,1.);
#4885 = DIRECTION('',(-1.015061051086E-15,-1.,0.));
#4886 = ORIENTED_EDGE('',*,*,#4887,.T.);
#4887 = EDGE_CURVE('',#4880,#4888,#4890,.T.);
#4888 = VERTEX_POINT('',#4889);
#4889 = CARTESIAN_POINT('',(-42.87564434701,-12.60769515458,6.));
#4890 = LINE('',#4891,#4892);
#4891 = CARTESIAN_POINT('',(-23.64979849547,-1.507647876797,6.));
#4892 = VECTOR('',#4893,1.);
#4893 = DIRECTION('',(-0.866025403784,-0.5,0.));
#4894 = ORIENTED_EDGE('',*,*,#4895,.T.);
#4895 = EDGE_CURVE('',#4888,#4854,#4896,.T.);
#4896 = LINE('',#4897,#4898);
#4897 = CARTESIAN_POINT('',(-32.14017955223,-18.80581864373,6.));
#4898 = VECTOR('',#4899,1.);
#4899 = DIRECTION('',(-0.866025403784,0.5,0.));
#4900 = FACE_BOUND('',#4901,.T.);
#4901 = EDGE_LOOP('',(#4902,#4912,#4920,#4928,#4936,#4944));
#4902 = ORIENTED_EDGE('',*,*,#4903,.T.);
#4903 = EDGE_CURVE('',#4904,#4906,#4908,.T.);
#4904 = VERTEX_POINT('',#4905);
#4905 = CARTESIAN_POINT('',(-33.81346652052,-35.30384757729,6.));
#4906 = VERTEX_POINT('',#4907);
#4907 = CARTESIAN_POINT('',(-33.81346652052,-28.30384757729,6.));
#4908 = LINE('',#4909,#4910);
#4909 = CARTESIAN_POINT('',(-33.81346652052,-14.15192378864,6.));
#4910 = VECTOR('',#4911,1.);
#4911 = DIRECTION('',(0.,1.,0.));
#4912 = ORIENTED_EDGE('',*,*,#4913,.T.);
#4913 = EDGE_CURVE('',#4906,#4914,#4916,.T.);
#4914 = VERTEX_POINT('',#4915);
#4915 = CARTESIAN_POINT('',(-27.75128869403,-24.80384757729,6.));
#4916 = LINE('',#4917,#4918);
#4917 = CARTESIAN_POINT('',(-11.55653175573,-15.4538002995,6.));
#4918 = VECTOR('',#4919,1.);
#4919 = DIRECTION('',(0.866025403784,0.5,0.));
#4920 = ORIENTED_EDGE('',*,*,#4921,.T.);
#4921 = EDGE_CURVE('',#4914,#4922,#4924,.T.);
#4922 = VERTEX_POINT('',#4923);
#4923 = CARTESIAN_POINT('',(-21.68911086754,-28.30384757729,6.));
#4924 = LINE('',#4925,#4926);
#4925 = CARTESIAN_POINT('',(-19.26582389925,-29.70293296076,6.));
#4926 = VECTOR('',#4927,1.);
#4927 = DIRECTION('',(0.866025403784,-0.5,0.));
#4928 = ORIENTED_EDGE('',*,*,#4929,.T.);
#4929 = EDGE_CURVE('',#4922,#4930,#4932,.T.);
#4930 = VERTEX_POINT('',#4931);
#4931 = CARTESIAN_POINT('',(-21.68911086754,-35.30384757729,6.));
#4932 = LINE('',#4933,#4934);
#4933 = CARTESIAN_POINT('',(-21.68911086754,-17.65192378864,6.));
#4934 = VECTOR('',#4935,1.);
#4935 = DIRECTION('',(0.,-1.,0.));
#4936 = ORIENTED_EDGE('',*,*,#4937,.T.);
#4937 = EDGE_CURVE('',#4930,#4938,#4940,.T.);
#4938 = VERTEX_POINT('',#4939);
#4939 = CARTESIAN_POINT('',(-27.75128869403,-38.80384757729,6.));
#4940 = LINE('',#4941,#4942);
#4941 = CARTESIAN_POINT('',(-8.525442842488,-27.7038002995,6.));
#4942 = VECTOR('',#4943,1.);
#4943 = DIRECTION('',(-0.866025403784,-0.5,0.));
#4944 = ORIENTED_EDGE('',*,*,#4945,.T.);
#4945 = EDGE_CURVE('',#4938,#4904,#4946,.T.);
#4946 = LINE('',#4947,#4948);
#4947 = CARTESIAN_POINT('',(-28.35909063899,-38.45293296076,6.));
#4948 = VECTOR('',#4949,1.);
#4949 = DIRECTION('',(-0.866025403784,0.5,0.));
#4950 = FACE_BOUND('',#4951,.T.);
#4951 = EDGE_LOOP('',(#4952,#4962,#4970,#4978,#4986,#4994));
#4952 = ORIENTED_EDGE('',*,*,#4953,.T.);
#4953 = EDGE_CURVE('',#4954,#4956,#4958,.T.);
#4954 = VERTEX_POINT('',#4955);
#4955 = CARTESIAN_POINT('',(-41.37564434701,-22.20577136594,6.));
#4956 = VERTEX_POINT('',#4957);
#4957 = CARTESIAN_POINT('',(-41.37564434701,-15.20577136594,6.));
#4958 = LINE('',#4959,#4960);
#4959 = CARTESIAN_POINT('',(-41.37564434701,-7.60288568297,6.));
#4960 = VECTOR('',#4961,1.);
#4961 = DIRECTION('',(0.,1.,0.));
#4962 = ORIENTED_EDGE('',*,*,#4963,.T.);
#4963 = EDGE_CURVE('',#4956,#4964,#4966,.T.);
#4964 = VERTEX_POINT('',#4965);
#4965 = CARTESIAN_POINT('',(-35.31346652052,-11.70577136594,6.));
#4966 = LINE('',#4967,#4968);
#4967 = CARTESIAN_POINT('',(-19.11870958222,-2.35572408815,6.));
#4968 = VECTOR('',#4969,1.);
#4969 = DIRECTION('',(0.866025403784,0.5,0.));
#4970 = ORIENTED_EDGE('',*,*,#4971,.T.);
#4971 = EDGE_CURVE('',#4964,#4972,#4974,.T.);
#4972 = VERTEX_POINT('',#4973);
#4973 = CARTESIAN_POINT('',(-29.25128869403,-15.20577136594,6.));
#4974 = LINE('',#4975,#4976);
#4975 = CARTESIAN_POINT('',(-21.15636835587,-19.87937580224,6.));
#4976 = VECTOR('',#4977,1.);
#4977 = DIRECTION('',(0.866025403784,-0.5,0.));
#4978 = ORIENTED_EDGE('',*,*,#4979,.T.);
#4979 = EDGE_CURVE('',#4972,#4980,#4982,.T.);
#4980 = VERTEX_POINT('',#4981);
#4981 = CARTESIAN_POINT('',(-29.25128869403,-22.20577136594,6.));
#4982 = LINE('',#4983,#4984);
#4983 = CARTESIAN_POINT('',(-29.25128869403,-11.10288568297,6.));
#4984 = VECTOR('',#4985,1.);
#4985 = DIRECTION('',(0.,-1.,0.));
#4986 = ORIENTED_EDGE('',*,*,#4987,.T.);
#4987 = EDGE_CURVE('',#4980,#4988,#4990,.T.);
#4988 = VERTEX_POINT('',#4989);
#4989 = CARTESIAN_POINT('',(-35.31346652052,-25.70577136594,6.));
#4990 = LINE('',#4991,#4992);
#4991 = CARTESIAN_POINT('',(-16.08762066897,-14.60572408815,6.));
#4992 = VECTOR('',#4993,1.);
#4993 = DIRECTION('',(-0.866025403784,-0.5,0.));
#4994 = ORIENTED_EDGE('',*,*,#4995,.T.);
#4995 = EDGE_CURVE('',#4988,#4954,#4996,.T.);
#4996 = LINE('',#4997,#4998);
#4997 = CARTESIAN_POINT('',(-30.24963509561,-28.62937580224,6.));
#4998 = VECTOR('',#4999,1.);
#4999 = DIRECTION('',(-0.866025403784,0.5,0.));
#5000 = FACE_BOUND('',#5001,.T.);
#5001 = EDGE_LOOP('',(#5002));
#5002 = ORIENTED_EDGE('',*,*,#5003,.F.);
#5003 = EDGE_CURVE('',#5004,#5004,#5006,.T.);
#5004 = VERTEX_POINT('',#5005);
#5005 = CARTESIAN_POINT('',(-20.92741699797,-22.62741699797,6.));
#5006 = CIRCLE('',#5007,1.7);
#5007 = AXIS2_PLACEMENT_3D('',#5008,#5009,#5010);
#5008 = CARTESIAN_POINT('',(-22.62741699797,-22.62741699797,6.));
#5009 = DIRECTION('',(0.,0.,1.));
#5010 = DIRECTION('',(1.,0.,0.));
#5011 = FACE_BOUND('',#5012,.T.);
#5012 = EDGE_LOOP('',(#5013,#5023,#5031,#5039,#5047,#5055));
#5013 = ORIENTED_EDGE('',*,*,#5014,.T.);
#5014 = EDGE_CURVE('',#5015,#5017,#5019,.T.);
#5015 = VERTEX_POINT('',#5016);
#5016 = CARTESIAN_POINT('',(-18.68911086754,-35.30384757729,6.));
#5017 = VERTEX_POINT('',#5018);
#5018 = CARTESIAN_POINT('',(-18.68911086754,-28.30384757729,6.));
#5019 = LINE('',#5020,#5021);
#5020 = CARTESIAN_POINT('',(-18.68911086754,-14.15192378864,6.));
#5021 = VECTOR('',#5022,1.);
#5022 = DIRECTION('',(0.,1.,0.));
#5023 = ORIENTED_EDGE('',*,*,#5024,.T.);
#5024 = EDGE_CURVE('',#5017,#5025,#5027,.T.);
#5025 = VERTEX_POINT('',#5026);
#5026 = CARTESIAN_POINT('',(-12.62693304105,-24.80384757729,6.));
#5027 = LINE('',#5028,#5029);
#5028 = CARTESIAN_POINT('',(-2.103809472619,-18.72831935234,6.));
#5029 = VECTOR('',#5030,1.);
#5030 = DIRECTION('',(0.866025403784,0.5,0.));
#5031 = ORIENTED_EDGE('',*,*,#5032,.T.);
#5032 = EDGE_CURVE('',#5025,#5033,#5035,.T.);
#5033 = VERTEX_POINT('',#5034);
#5034 = CARTESIAN_POINT('',(-6.564755214563,-28.30384757729,6.));
#5035 = LINE('',#5036,#5037);
#5036 = CARTESIAN_POINT('',(-9.81310161614,-26.42841390792,6.));
#5037 = VECTOR('',#5038,1.);
#5038 = DIRECTION('',(0.866025403784,-0.5,0.));
#5039 = ORIENTED_EDGE('',*,*,#5040,.T.);
#5040 = EDGE_CURVE('',#5033,#5041,#5043,.T.);
#5041 = VERTEX_POINT('',#5042);
#5042 = CARTESIAN_POINT('',(-6.564755214563,-35.30384757729,6.));
#5043 = LINE('',#5044,#5045);
#5044 = CARTESIAN_POINT('',(-6.564755214563,-17.65192378864,6.));
#5045 = VECTOR('',#5046,1.);
#5046 = DIRECTION('',(-2.537652627715E-16,-1.,0.));
#5047 = ORIENTED_EDGE('',*,*,#5048,.T.);
#5048 = EDGE_CURVE('',#5041,#5049,#5051,.T.);
#5049 = VERTEX_POINT('',#5050);
#5050 = CARTESIAN_POINT('',(-12.62693304105,-38.80384757729,6.));
#5051 = LINE('',#5052,#5053);
#5052 = CARTESIAN_POINT('',(0.927279440626,-30.97831935234,6.));
#5053 = VECTOR('',#5054,1.);
#5054 = DIRECTION('',(-0.866025403784,-0.5,0.));
#5055 = ORIENTED_EDGE('',*,*,#5056,.T.);
#5056 = EDGE_CURVE('',#5049,#5015,#5057,.T.);
#5057 = LINE('',#5058,#5059);
#5058 = CARTESIAN_POINT('',(-18.90636835587,-35.17841390792,6.));
#5059 = VECTOR('',#5060,1.);
#5060 = DIRECTION('',(-0.866025403784,0.5,0.));
#5061 = FACE_BOUND('',#5062,.T.);
#5062 = EDGE_LOOP('',(#5063,#5073,#5081,#5089,#5097,#5105));
#5063 = ORIENTED_EDGE('',*,*,#5064,.T.);
#5064 = EDGE_CURVE('',#5065,#5067,#5069,.T.);
#5065 = VERTEX_POINT('',#5066);
#5066 = CARTESIAN_POINT('',(-11.12693304105,-22.20577136594,6.));
#5067 = VERTEX_POINT('',#5068);
#5068 = CARTESIAN_POINT('',(-11.12693304105,-15.20577136594,6.));
#5069 = LINE('',#5070,#5071);
#5070 = CARTESIAN_POINT('',(-11.12693304105,-7.60288568297,6.));
#5071 = VECTOR('',#5072,1.);
#5072 = DIRECTION('',(0.,1.,0.));
#5073 = ORIENTED_EDGE('',*,*,#5074,.T.);
#5074 = EDGE_CURVE('',#5067,#5075,#5077,.T.);
#5075 = VERTEX_POINT('',#5076);
#5076 = CARTESIAN_POINT('',(-5.064755214563,-11.70577136594,6.));
#5077 = LINE('',#5078,#5079);
#5078 = CARTESIAN_POINT('',(-0.213265015997,-8.904762193827,6.));
#5079 = VECTOR('',#5080,1.);
#5080 = DIRECTION('',(0.866025403784,0.5,0.));
#5081 = ORIENTED_EDGE('',*,*,#5082,.T.);
#5082 = EDGE_CURVE('',#5075,#5083,#5085,.T.);
#5083 = VERTEX_POINT('',#5084);
#5084 = CARTESIAN_POINT('',(0.997422611929,-15.20577136594,6.));
#5085 = LINE('',#5086,#5087);
#5086 = CARTESIAN_POINT('',(-2.250923789649,-13.33033769656,6.));
#5087 = VECTOR('',#5088,1.);
#5088 = DIRECTION('',(0.866025403784,-0.5,0.));
#5089 = ORIENTED_EDGE('',*,*,#5090,.T.);
#5090 = EDGE_CURVE('',#5083,#5091,#5093,.T.);
#5091 = VERTEX_POINT('',#5092);
#5092 = CARTESIAN_POINT('',(0.997422611929,-22.20577136594,6.));
#5093 = LINE('',#5094,#5095);
#5094 = CARTESIAN_POINT('',(0.997422611929,-11.10288568297,6.));
#5095 = VECTOR('',#5096,1.);
#5096 = DIRECTION('',(-2.537652627715E-16,-1.,0.));
#5097 = ORIENTED_EDGE('',*,*,#5098,.T.);
#5098 = EDGE_CURVE('',#5091,#5099,#5101,.T.);
#5099 = VERTEX_POINT('',#5100);
#5100 = CARTESIAN_POINT('',(-5.064755214563,-25.70577136594,6.));
#5101 = LINE('',#5102,#5103);
#5102 = CARTESIAN_POINT('',(2.817823897249,-21.15476219382,6.));
#5103 = VECTOR('',#5104,1.);
#5104 = DIRECTION('',(-0.866025403784,-0.5,0.));
#5105 = ORIENTED_EDGE('',*,*,#5106,.T.);
#5106 = EDGE_CURVE('',#5099,#5065,#5107,.T.);
#5107 = LINE('',#5108,#5109);
#5108 = CARTESIAN_POINT('',(-11.34419052938,-22.08033769656,6.));
#5109 = VECTOR('',#5110,1.);
#5110 = DIRECTION('',(-0.866025403784,0.5,0.));
#5111 = FACE_BOUND('',#5112,.T.);
#5112 = EDGE_LOOP('',(#5113,#5123,#5131,#5139,#5147,#5155));
#5113 = ORIENTED_EDGE('',*,*,#5114,.T.);
#5114 = EDGE_CURVE('',#5115,#5117,#5119,.T.);
#5115 = VERTEX_POINT('',#5116);
#5116 = CARTESIAN_POINT('',(-33.81346652052,-9.107695154587,6.));
#5117 = VERTEX_POINT('',#5118);
#5118 = CARTESIAN_POINT('',(-33.81346652052,-2.107695154587,6.));
#5119 = LINE('',#5120,#5121);
#5120 = CARTESIAN_POINT('',(-33.81346652052,-1.053847577293,6.));
#5121 = VECTOR('',#5122,1.);
#5122 = DIRECTION('',(0.,1.,0.));
#5123 = ORIENTED_EDGE('',*,*,#5124,.T.);
#5124 = EDGE_CURVE('',#5117,#5125,#5127,.T.);
#5125 = VERTEX_POINT('',#5126);
#5126 = CARTESIAN_POINT('',(-27.75128869403,1.392304845413,6.));
#5127 = LINE('',#5128,#5129);
#5128 = CARTESIAN_POINT('',(-17.2281651256,7.467833070364,6.));
#5129 = VECTOR('',#5130,1.);
#5130 = DIRECTION('',(0.866025403784,0.5,0.));
#5131 = ORIENTED_EDGE('',*,*,#5132,.T.);
#5132 = EDGE_CURVE('',#5125,#5133,#5135,.T.);
#5133 = VERTEX_POINT('',#5134);
#5134 = CARTESIAN_POINT('',(-21.68911086754,-2.107695154587,6.));
#5135 = LINE('',#5136,#5137);
#5136 = CARTESIAN_POINT('',(-13.59419052938,-6.781299590891,6.));
#5137 = VECTOR('',#5138,1.);
#5138 = DIRECTION('',(0.866025403784,-0.5,0.));
#5139 = ORIENTED_EDGE('',*,*,#5140,.T.);
#5140 = EDGE_CURVE('',#5133,#5141,#5143,.T.);
#5141 = VERTEX_POINT('',#5142);
#5142 = CARTESIAN_POINT('',(-21.68911086754,-9.107695154587,6.));
#5143 = LINE('',#5144,#5145);
#5144 = CARTESIAN_POINT('',(-21.68911086754,-4.553847577293,6.));
#5145 = VECTOR('',#5146,1.);
#5146 = DIRECTION('',(0.,-1.,0.));
#5147 = ORIENTED_EDGE('',*,*,#5148,.T.);
#5148 = EDGE_CURVE('',#5141,#5149,#5151,.T.);
#5149 = VERTEX_POINT('',#5150);
#5150 = CARTESIAN_POINT('',(-27.75128869403,-12.60769515458,6.));
#5151 = LINE('',#5152,#5153);
#5152 = CARTESIAN_POINT('',(-14.19707621235,-4.782166929636,6.));
#5153 = VECTOR('',#5154,1.);
#5154 = DIRECTION('',(-0.866025403784,-0.5,0.));
#5155 = ORIENTED_EDGE('',*,*,#5156,.T.);
#5156 = EDGE_CURVE('',#5149,#5115,#5157,.T.);
#5157 = LINE('',#5158,#5159);
#5158 = CARTESIAN_POINT('',(-22.68745726912,-15.53129959089,6.));
#5159 = VECTOR('',#5160,1.);
#5160 = DIRECTION('',(-0.866025403784,0.5,0.));
#5161 = FACE_BOUND('',#5162,.T.);
#5162 = EDGE_LOOP('',(#5163));
#5163 = ORIENTED_EDGE('',*,*,#5164,.F.);
#5164 = EDGE_CURVE('',#5165,#5165,#5167,.T.);
#5165 = VERTEX_POINT('',#5166);
#5166 = CARTESIAN_POINT('',(69.843145750508,-133.8286140095,6.));
#5167 = CIRCLE('',#5168,1.5);
#5168 = AXIS2_PLACEMENT_3D('',#5169,#5170,#5171);
#5169 = CARTESIAN_POINT('',(68.343145750508,-133.8286140095,6.));
#5170 = DIRECTION('',(0.,0.,1.));
#5171 = DIRECTION('',(1.,0.,0.));
#5172 = FACE_BOUND('',#5173,.T.);
#5173 = EDGE_LOOP('',(#5174));
#5174 = ORIENTED_EDGE('',*,*,#5175,.F.);
#5175 = EDGE_CURVE('',#5176,#5176,#5178,.T.);
#5176 = VERTEX_POINT('',#5177);
#5177 = CARTESIAN_POINT('',(78.,-128.17175976,6.));
#5178 = CIRCLE('',#5179,4.);
#5179 = AXIS2_PLACEMENT_3D('',#5180,#5181,#5182);
#5180 = CARTESIAN_POINT('',(74.,-128.17175976,6.));
#5181 = DIRECTION('',(0.,0.,1.));
#5182 = DIRECTION('',(1.,0.,0.));
#5183 = FACE_BOUND('',#5184,.T.);
#5184 = EDGE_LOOP('',(#5185));
#5185 = ORIENTED_EDGE('',*,*,#5186,.F.);
#5186 = EDGE_CURVE('',#5187,#5187,#5189,.T.);
#5187 = VERTEX_POINT('',#5188);
#5188 = CARTESIAN_POINT('',(69.843145750508,-122.5149055106,6.));
#5189 = CIRCLE('',#5190,1.5);
#5190 = AXIS2_PLACEMENT_3D('',#5191,#5192,#5193);
#5191 = CARTESIAN_POINT('',(68.343145750508,-122.5149055106,6.));
#5192 = DIRECTION('',(0.,0.,1.));
#5193 = DIRECTION('',(1.,0.,0.));
#5194 = FACE_BOUND('',#5195,.T.);
#5195 = EDGE_LOOP('',(#5196));
#5196 = ORIENTED_EDGE('',*,*,#5197,.F.);
#5197 = EDGE_CURVE('',#5198,#5198,#5200,.T.);
#5198 = VERTEX_POINT('',#5199);
#5199 = CARTESIAN_POINT('',(81.156854249492,-133.8286140095,6.));
#5200 = CIRCLE('',#5201,1.5);
#5201 = AXIS2_PLACEMENT_3D('',#5202,#5203,#5204);
#5202 = CARTESIAN_POINT('',(79.656854249492,-133.8286140095,6.));
#5203 = DIRECTION('',(0.,0.,1.));
#5204 = DIRECTION('',(1.,0.,0.));
#5205 = FACE_BOUND('',#5206,.T.);
#5206 = EDGE_LOOP('',(#5207));
#5207 = ORIENTED_EDGE('',*,*,#5208,.F.);
#5208 = EDGE_CURVE('',#5209,#5209,#5211,.T.);
#5209 = VERTEX_POINT('',#5210);
#5210 = CARTESIAN_POINT('',(81.156854249492,-122.5149055106,6.));
#5211 = CIRCLE('',#5212,1.5);
#5212 = AXIS2_PLACEMENT_3D('',#5213,#5214,#5215);
#5213 = CARTESIAN_POINT('',(79.656854249492,-122.5149055106,6.));
#5214 = DIRECTION('',(0.,0.,1.));
#5215 = DIRECTION('',(1.,0.,0.));
#5216 = FACE_BOUND('',#5217,.T.);
#5217 = EDGE_LOOP('',(#5218,#5228,#5236,#5244,#5252,#5260));
#5218 = ORIENTED_EDGE('',*,*,#5219,.T.);
#5219 = EDGE_CURVE('',#5220,#5222,#5224,.T.);
#5220 = VERTEX_POINT('',#5221);
#5221 = CARTESIAN_POINT('',(26.683956091402,-61.5,6.));
#5222 = VERTEX_POINT('',#5223);
#5223 = CARTESIAN_POINT('',(26.683956091402,-54.5,6.));
#5224 = LINE('',#5225,#5226);
#5225 = CARTESIAN_POINT('',(26.683956091402,-27.25,6.));
#5226 = VECTOR('',#5227,1.);
#5227 = DIRECTION('',(-5.075305255429E-16,1.,0.));
#5228 = ORIENTED_EDGE('',*,*,#5229,.T.);
#5229 = EDGE_CURVE('',#5222,#5230,#5232,.T.);
#5230 = VERTEX_POINT('',#5231);
#5231 = CARTESIAN_POINT('',(32.746133917893,-51.,6.));
#5232 = LINE('',#5233,#5234);
#5233 = CARTESIAN_POINT('',(31.925990746591,-51.47350988072,6.));
#5234 = VECTOR('',#5235,1.);
#5235 = DIRECTION('',(0.866025403784,0.5,0.));
#5236 = ORIENTED_EDGE('',*,*,#5237,.T.);
#5237 = EDGE_CURVE('',#5230,#5238,#5240,.T.);
#5238 = VERTEX_POINT('',#5239);
#5239 = CARTESIAN_POINT('',(38.808311744384,-54.5,6.));
#5240 = LINE('',#5241,#5242);
#5241 = CARTESIAN_POINT('',(12.873431863333,-39.52649011927,6.));
#5242 = VECTOR('',#5243,1.);
#5243 = DIRECTION('',(0.866025403784,-0.5,0.));
#5244 = ORIENTED_EDGE('',*,*,#5245,.T.);
#5245 = EDGE_CURVE('',#5238,#5246,#5248,.T.);
#5246 = VERTEX_POINT('',#5247);
#5247 = CARTESIAN_POINT('',(38.808311744384,-61.5,6.));
#5248 = LINE('',#5249,#5250);
#5249 = CARTESIAN_POINT('',(38.808311744384,-30.75,6.));
#5250 = VECTOR('',#5251,1.);
#5251 = DIRECTION('',(-1.015061051086E-15,-1.,0.));
#5252 = ORIENTED_EDGE('',*,*,#5253,.T.);
#5253 = EDGE_CURVE('',#5246,#5254,#5256,.T.);
#5254 = VERTEX_POINT('',#5255);
#5255 = CARTESIAN_POINT('',(32.746133917893,-65.,6.));
#5256 = LINE('',#5257,#5258);
#5257 = CARTESIAN_POINT('',(34.957079659836,-63.72350988072,6.));
#5258 = VECTOR('',#5259,1.);
#5259 = DIRECTION('',(-0.866025403784,-0.5,0.));
#5260 = ORIENTED_EDGE('',*,*,#5261,.T.);
#5261 = EDGE_CURVE('',#5254,#5220,#5262,.T.);
#5262 = LINE('',#5263,#5264);
#5263 = CARTESIAN_POINT('',(3.780165123596,-48.27649011927,6.));
#5264 = VECTOR('',#5265,1.);
#5265 = DIRECTION('',(-0.866025403784,0.5,0.));
#5266 = FACE_BOUND('',#5267,.T.);
#5267 = EDGE_LOOP('',(#5268,#5278,#5286,#5294,#5302,#5310));
#5268 = ORIENTED_EDGE('',*,*,#5269,.T.);
#5269 = EDGE_CURVE('',#5270,#5272,#5274,.T.);
#5270 = VERTEX_POINT('',#5271);
#5271 = CARTESIAN_POINT('',(19.121778264911,-48.40192378864,6.));
#5272 = VERTEX_POINT('',#5273);
#5273 = CARTESIAN_POINT('',(19.121778264911,-41.40192378864,6.));
#5274 = LINE('',#5275,#5276);
#5275 = CARTESIAN_POINT('',(19.121778264911,-20.70096189432,6.));
#5276 = VECTOR('',#5277,1.);
#5277 = DIRECTION('',(-5.075305255429E-16,1.,0.));
#5278 = ORIENTED_EDGE('',*,*,#5279,.T.);
#5279 = EDGE_CURVE('',#5272,#5280,#5282,.T.);
#5280 = VERTEX_POINT('',#5281);
#5281 = CARTESIAN_POINT('',(25.183956091402,-37.90192378864,6.));
#5282 = LINE('',#5283,#5284);
#5283 = CARTESIAN_POINT('',(24.363812920099,-38.37543366937,6.));
#5284 = VECTOR('',#5285,1.);
#5285 = DIRECTION('',(0.866025403784,0.5,0.));
#5286 = ORIENTED_EDGE('',*,*,#5287,.T.);
#5287 = EDGE_CURVE('',#5280,#5288,#5290,.T.);
#5288 = VERTEX_POINT('',#5289);
#5289 = CARTESIAN_POINT('',(31.246133917893,-41.40192378864,6.));
#5290 = LINE('',#5291,#5292);
#5291 = CARTESIAN_POINT('',(10.98288740671,-29.70293296076,6.));
#5292 = VECTOR('',#5293,1.);
#5293 = DIRECTION('',(0.866025403784,-0.5,0.));
#5294 = ORIENTED_EDGE('',*,*,#5295,.T.);
#5295 = EDGE_CURVE('',#5288,#5296,#5298,.T.);
#5296 = VERTEX_POINT('',#5297);
#5297 = CARTESIAN_POINT('',(31.246133917893,-48.40192378864,6.));
#5298 = LINE('',#5299,#5300);
#5299 = CARTESIAN_POINT('',(31.246133917893,-24.20096189432,6.));
#5300 = VECTOR('',#5301,1.);
#5301 = DIRECTION('',(0.,-1.,0.));
#5302 = ORIENTED_EDGE('',*,*,#5303,.T.);
#5303 = EDGE_CURVE('',#5296,#5304,#5306,.T.);
#5304 = VERTEX_POINT('',#5305);
#5305 = CARTESIAN_POINT('',(25.183956091402,-51.90192378864,6.));
#5306 = LINE('',#5307,#5308);
#5307 = CARTESIAN_POINT('',(27.394901833345,-50.62543366937,6.));
#5308 = VECTOR('',#5309,1.);
#5309 = DIRECTION('',(-0.866025403784,-0.5,0.));
#5310 = ORIENTED_EDGE('',*,*,#5311,.T.);
#5311 = EDGE_CURVE('',#5304,#5270,#5312,.T.);
#5312 = LINE('',#5313,#5314);
#5313 = CARTESIAN_POINT('',(1.889620666973,-38.45293296076,6.));
#5314 = VECTOR('',#5315,1.);
#5315 = DIRECTION('',(-0.866025403784,0.5,0.));
#5316 = FACE_BOUND('',#5317,.T.);
#5317 = EDGE_LOOP('',(#5318,#5328,#5336,#5344,#5352,#5360));
#5318 = ORIENTED_EDGE('',*,*,#5319,.T.);
#5319 = EDGE_CURVE('',#5320,#5322,#5324,.T.);
#5320 = VERTEX_POINT('',#5321);
#5321 = CARTESIAN_POINT('',(-3.564755214563,-35.30384757729,6.));
#5322 = VERTEX_POINT('',#5323);
#5323 = CARTESIAN_POINT('',(-3.564755214563,-28.30384757729,6.));
#5324 = LINE('',#5325,#5326);
#5325 = CARTESIAN_POINT('',(-3.564755214563,-14.15192378864,6.));
#5326 = VECTOR('',#5327,1.);
#5327 = DIRECTION('',(-1.268826313857E-16,1.,0.));
#5328 = ORIENTED_EDGE('',*,*,#5329,.T.);
#5329 = EDGE_CURVE('',#5322,#5330,#5332,.T.);
#5330 = VERTEX_POINT('',#5331);
#5331 = CARTESIAN_POINT('',(2.497422611929,-24.80384757729,6.));
#5332 = LINE('',#5333,#5334);
#5333 = CARTESIAN_POINT('',(7.348912810495,-22.00283840518,6.));
#5334 = VECTOR('',#5335,1.);
#5335 = DIRECTION('',(0.866025403784,0.5,0.));
#5336 = ORIENTED_EDGE('',*,*,#5337,.T.);
#5337 = EDGE_CURVE('',#5330,#5338,#5340,.T.);
#5338 = VERTEX_POINT('',#5339);
#5339 = CARTESIAN_POINT('',(8.55960043842,-28.30384757729,6.));
#5340 = LINE('',#5341,#5342);
#5341 = CARTESIAN_POINT('',(-0.360379333027,-23.15389485508,6.));
#5342 = VECTOR('',#5343,1.);
#5343 = DIRECTION('',(0.866025403784,-0.5,0.));
#5344 = ORIENTED_EDGE('',*,*,#5345,.T.);
#5345 = EDGE_CURVE('',#5338,#5346,#5348,.T.);
#5346 = VERTEX_POINT('',#5347);
#5347 = CARTESIAN_POINT('',(8.55960043842,-35.30384757729,6.));
#5348 = LINE('',#5349,#5350);
#5349 = CARTESIAN_POINT('',(8.55960043842,-17.65192378864,6.));
#5350 = VECTOR('',#5351,1.);
#5351 = DIRECTION('',(0.,-1.,0.));
#5352 = ORIENTED_EDGE('',*,*,#5353,.T.);
#5353 = EDGE_CURVE('',#5346,#5354,#5356,.T.);
#5354 = VERTEX_POINT('',#5355);
#5355 = CARTESIAN_POINT('',(2.497422611929,-38.80384757729,6.));
#5356 = LINE('',#5357,#5358);
#5357 = CARTESIAN_POINT('',(10.38000172374,-34.25283840518,6.));
#5358 = VECTOR('',#5359,1.);
#5359 = DIRECTION('',(-0.866025403784,-0.5,0.));
#5360 = ORIENTED_EDGE('',*,*,#5361,.T.);
#5361 = EDGE_CURVE('',#5354,#5320,#5362,.T.);
#5362 = LINE('',#5363,#5364);
#5363 = CARTESIAN_POINT('',(-9.453646072763,-31.90389485508,6.));
#5364 = VECTOR('',#5365,1.);
#5365 = DIRECTION('',(-0.866025403784,0.5,0.));
#5366 = FACE_BOUND('',#5367,.T.);
#5367 = EDGE_LOOP('',(#5368,#5378,#5386,#5394,#5402,#5410));
#5368 = ORIENTED_EDGE('',*,*,#5369,.T.);
#5369 = EDGE_CURVE('',#5370,#5372,#5374,.T.);
#5370 = VERTEX_POINT('',#5371);
#5371 = CARTESIAN_POINT('',(11.55960043842,-35.30384757729,6.));
#5372 = VERTEX_POINT('',#5373);
#5373 = CARTESIAN_POINT('',(11.55960043842,-28.30384757729,6.));
#5374 = LINE('',#5375,#5376);
#5375 = CARTESIAN_POINT('',(11.55960043842,-14.15192378864,6.));
#5376 = VECTOR('',#5377,1.);
#5377 = DIRECTION('',(-2.537652627715E-16,1.,0.));
#5378 = ORIENTED_EDGE('',*,*,#5379,.T.);
#5379 = EDGE_CURVE('',#5372,#5380,#5382,.T.);
#5380 = VERTEX_POINT('',#5381);
#5381 = CARTESIAN_POINT('',(17.621778264911,-24.80384757729,6.));
#5382 = LINE('',#5383,#5384);
#5383 = CARTESIAN_POINT('',(16.801635093608,-25.27735745801,6.));
#5384 = VECTOR('',#5385,1.);
#5385 = DIRECTION('',(0.866025403784,0.5,0.));
#5386 = ORIENTED_EDGE('',*,*,#5387,.T.);
#5387 = EDGE_CURVE('',#5380,#5388,#5390,.T.);
#5388 = VERTEX_POINT('',#5389);
#5389 = CARTESIAN_POINT('',(23.683956091402,-28.30384757729,6.));
#5390 = LINE('',#5391,#5392);
#5391 = CARTESIAN_POINT('',(9.092342950087,-19.87937580224,6.));
#5392 = VECTOR('',#5393,1.);
#5393 = DIRECTION('',(0.866025403784,-0.5,0.));
#5394 = ORIENTED_EDGE('',*,*,#5395,.T.);
#5395 = EDGE_CURVE('',#5388,#5396,#5398,.T.);
#5396 = VERTEX_POINT('',#5397);
#5397 = CARTESIAN_POINT('',(23.683956091402,-35.30384757729,6.));
#5398 = LINE('',#5399,#5400);
#5399 = CARTESIAN_POINT('',(23.683956091402,-17.65192378864,6.));
#5400 = VECTOR('',#5401,1.);
#5401 = DIRECTION('',(0.,-1.,0.));
#5402 = ORIENTED_EDGE('',*,*,#5403,.T.);
#5403 = EDGE_CURVE('',#5396,#5404,#5406,.T.);
#5404 = VERTEX_POINT('',#5405);
#5405 = CARTESIAN_POINT('',(17.621778264911,-38.80384757729,6.));
#5406 = LINE('',#5407,#5408);
#5407 = CARTESIAN_POINT('',(19.832724006854,-37.52735745801,6.));
#5408 = VECTOR('',#5409,1.);
#5409 = DIRECTION('',(-0.866025403784,-0.5,0.));
#5410 = ORIENTED_EDGE('',*,*,#5411,.T.);
#5411 = EDGE_CURVE('',#5404,#5370,#5412,.T.);
#5412 = LINE('',#5413,#5414);
#5413 = CARTESIAN_POINT('',(-9.237896492742E-04,-28.62937580224,6.));
#5414 = VECTOR('',#5415,1.);
#5415 = DIRECTION('',(-0.866025403784,0.5,0.));
#5416 = FACE_BOUND('',#5417,.T.);
#5417 = EDGE_LOOP('',(#5418,#5428,#5436,#5444,#5452,#5460));
#5418 = ORIENTED_EDGE('',*,*,#5419,.T.);
#5419 = EDGE_CURVE('',#5420,#5422,#5424,.T.);
#5420 = VERTEX_POINT('',#5421);
#5421 = CARTESIAN_POINT('',(3.997422611929,-22.20577136594,6.));
#5422 = VERTEX_POINT('',#5423);
#5423 = CARTESIAN_POINT('',(3.997422611929,-15.20577136594,6.));
#5424 = LINE('',#5425,#5426);
#5425 = CARTESIAN_POINT('',(3.997422611929,-7.60288568297,6.));
#5426 = VECTOR('',#5427,1.);
#5427 = DIRECTION('',(-1.268826313857E-16,1.,0.));
#5428 = ORIENTED_EDGE('',*,*,#5429,.T.);
#5429 = EDGE_CURVE('',#5422,#5430,#5432,.T.);
#5430 = VERTEX_POINT('',#5431);
#5431 = CARTESIAN_POINT('',(10.05960043842,-11.70577136594,6.));
#5432 = LINE('',#5433,#5434);
#5433 = CARTESIAN_POINT('',(9.239457267117,-12.17928124666,6.));
#5434 = VECTOR('',#5435,1.);
#5435 = DIRECTION('',(0.866025403784,0.5,0.));
#5436 = ORIENTED_EDGE('',*,*,#5437,.T.);
#5437 = EDGE_CURVE('',#5430,#5438,#5440,.T.);
#5438 = VERTEX_POINT('',#5439);
#5439 = CARTESIAN_POINT('',(16.121778264911,-15.20577136594,6.));
#5440 = LINE('',#5441,#5442);
#5441 = CARTESIAN_POINT('',(7.201798493465,-10.05581864373,6.));
#5442 = VECTOR('',#5443,1.);
#5443 = DIRECTION('',(0.866025403784,-0.5,0.));
#5444 = ORIENTED_EDGE('',*,*,#5445,.T.);
#5445 = EDGE_CURVE('',#5438,#5446,#5448,.T.);
#5446 = VERTEX_POINT('',#5447);
#5447 = CARTESIAN_POINT('',(16.121778264911,-22.20577136594,6.));
#5448 = LINE('',#5449,#5450);
#5449 = CARTESIAN_POINT('',(16.121778264911,-11.10288568297,6.));
#5450 = VECTOR('',#5451,1.);
#5451 = DIRECTION('',(0.,-1.,0.));
#5452 = ORIENTED_EDGE('',*,*,#5453,.T.);
#5453 = EDGE_CURVE('',#5446,#5454,#5456,.T.);
#5454 = VERTEX_POINT('',#5455);
#5455 = CARTESIAN_POINT('',(10.05960043842,-25.70577136594,6.));
#5456 = LINE('',#5457,#5458);
#5457 = CARTESIAN_POINT('',(12.270546180363,-24.42928124666,6.));
#5458 = VECTOR('',#5459,1.);
#5459 = DIRECTION('',(-0.866025403784,-0.5,0.));
#5460 = ORIENTED_EDGE('',*,*,#5461,.T.);
#5461 = EDGE_CURVE('',#5454,#5420,#5462,.T.);
#5462 = LINE('',#5463,#5464);
#5463 = CARTESIAN_POINT('',(-1.891468246272,-18.80581864373,6.));
#5464 = VECTOR('',#5465,1.);
#5465 = DIRECTION('',(-0.866025403784,0.5,0.));
#5466 = FACE_BOUND('',#5467,.T.);
#5467 = EDGE_LOOP('',(#5468));
#5468 = ORIENTED_EDGE('',*,*,#5469,.F.);
#5469 = EDGE_CURVE('',#5470,#5470,#5472,.T.);
#5470 = VERTEX_POINT('',#5471);
#5471 = CARTESIAN_POINT('',(24.32741699797,-22.62741699797,6.));
#5472 = CIRCLE('',#5473,1.7);
#5473 = AXIS2_PLACEMENT_3D('',#5474,#5475,#5476);
#5474 = CARTESIAN_POINT('',(22.62741699797,-22.62741699797,6.));
#5475 = DIRECTION('',(0.,0.,1.));
#5476 = DIRECTION('',(1.,0.,0.));
#5477 = FACE_BOUND('',#5478,.T.);
#5478 = EDGE_LOOP('',(#5479,#5489,#5497,#5505,#5513,#5521));
#5479 = ORIENTED_EDGE('',*,*,#5480,.T.);
#5480 = EDGE_CURVE('',#5481,#5483,#5485,.T.);
#5481 = VERTEX_POINT('',#5482);
#5482 = CARTESIAN_POINT('',(11.55960043842,-9.107695154587,6.));
#5483 = VERTEX_POINT('',#5484);
#5484 = CARTESIAN_POINT('',(11.55960043842,-2.107695154587,6.));
#5485 = LINE('',#5486,#5487);
#5486 = CARTESIAN_POINT('',(11.55960043842,-1.053847577293,6.));
#5487 = VECTOR('',#5488,1.);
#5488 = DIRECTION('',(-2.537652627715E-16,1.,0.));
#5489 = ORIENTED_EDGE('',*,*,#5490,.T.);
#5490 = EDGE_CURVE('',#5483,#5491,#5493,.T.);
#5491 = VERTEX_POINT('',#5492);
#5492 = CARTESIAN_POINT('',(17.621778264911,1.392304845413,6.));
#5493 = LINE('',#5494,#5495);
#5494 = CARTESIAN_POINT('',(11.13000172374,-2.35572408815,6.));
#5495 = VECTOR('',#5496,1.);
#5496 = DIRECTION('',(0.866025403784,0.5,0.));
#5497 = ORIENTED_EDGE('',*,*,#5498,.T.);
#5498 = EDGE_CURVE('',#5491,#5499,#5501,.T.);
#5499 = VERTEX_POINT('',#5500);
#5500 = CARTESIAN_POINT('',(23.683956091402,-2.107695154587,6.));
#5501 = LINE('',#5502,#5503);
#5502 = CARTESIAN_POINT('',(14.763976319956,3.042257567624,6.));
#5503 = VECTOR('',#5504,1.);
#5504 = DIRECTION('',(0.866025403784,-0.5,0.));
#5505 = ORIENTED_EDGE('',*,*,#5506,.T.);
#5506 = EDGE_CURVE('',#5499,#5507,#5509,.T.);
#5507 = VERTEX_POINT('',#5508);
#5508 = CARTESIAN_POINT('',(23.683956091402,-9.107695154587,6.));
#5509 = LINE('',#5510,#5511);
#5510 = CARTESIAN_POINT('',(23.683956091402,-4.553847577293,6.));
#5511 = VECTOR('',#5512,1.);
#5512 = DIRECTION('',(0.,-1.,0.));
#5513 = ORIENTED_EDGE('',*,*,#5514,.T.);
#5514 = EDGE_CURVE('',#5507,#5515,#5517,.T.);
#5515 = VERTEX_POINT('',#5516);
#5516 = CARTESIAN_POINT('',(17.621778264911,-12.60769515458,6.));
#5517 = LINE('',#5518,#5519);
#5518 = CARTESIAN_POINT('',(14.161090636986,-14.60572408815,6.));
#5519 = VECTOR('',#5520,1.);
#5520 = DIRECTION('',(-0.866025403784,-0.5,0.));
#5521 = ORIENTED_EDGE('',*,*,#5522,.T.);
#5522 = EDGE_CURVE('',#5515,#5481,#5523,.T.);
#5523 = LINE('',#5524,#5525);
#5524 = CARTESIAN_POINT('',(5.670709580219,-5.707742432376,6.));
#5525 = VECTOR('',#5526,1.);
#5526 = DIRECTION('',(-0.866025403784,0.5,0.));
#5527 = FACE_BOUND('',#5528,.T.);
#5528 = EDGE_LOOP('',(#5529,#5539,#5547,#5555,#5563,#5571));
#5529 = ORIENTED_EDGE('',*,*,#5530,.T.);
#5530 = EDGE_CURVE('',#5531,#5533,#5535,.T.);
#5531 = VERTEX_POINT('',#5532);
#5532 = CARTESIAN_POINT('',(26.683956091402,-9.107695154587,6.));
#5533 = VERTEX_POINT('',#5534);
#5534 = CARTESIAN_POINT('',(26.683956091402,-2.107695154587,6.));
#5535 = LINE('',#5536,#5537);
#5536 = CARTESIAN_POINT('',(26.683956091402,-1.053847577293,6.));
#5537 = VECTOR('',#5538,1.);
#5538 = DIRECTION('',(-5.075305255429E-16,1.,0.));
#5539 = ORIENTED_EDGE('',*,*,#5540,.T.);
#5540 = EDGE_CURVE('',#5533,#5541,#5543,.T.);
#5541 = VERTEX_POINT('',#5542);
#5542 = CARTESIAN_POINT('',(32.746133917893,1.392304845413,6.));
#5543 = LINE('',#5544,#5545);
#5544 = CARTESIAN_POINT('',(20.582724006854,-5.630243140989,6.));
#5545 = VECTOR('',#5546,1.);
#5546 = DIRECTION('',(0.866025403784,0.5,0.));
#5547 = ORIENTED_EDGE('',*,*,#5548,.T.);
#5548 = EDGE_CURVE('',#5541,#5549,#5551,.T.);
#5549 = VERTEX_POINT('',#5550);
#5550 = CARTESIAN_POINT('',(38.808311744384,-2.107695154587,6.));
#5551 = LINE('',#5552,#5553);
#5552 = CARTESIAN_POINT('',(24.216698603069,6.316776620462,6.));
#5553 = VECTOR('',#5554,1.);
#5554 = DIRECTION('',(0.866025403784,-0.5,0.));
#5555 = ORIENTED_EDGE('',*,*,#5556,.T.);
#5556 = EDGE_CURVE('',#5549,#5557,#5559,.T.);
#5557 = VERTEX_POINT('',#5558);
#5558 = CARTESIAN_POINT('',(38.808311744384,-9.107695154587,6.));
#5559 = LINE('',#5560,#5561);
#5560 = CARTESIAN_POINT('',(38.808311744384,-4.553847577293,6.));
#5561 = VECTOR('',#5562,1.);
#5562 = DIRECTION('',(-1.015061051086E-15,-1.,0.));
#5563 = ORIENTED_EDGE('',*,*,#5564,.T.);
#5564 = EDGE_CURVE('',#5557,#5565,#5567,.T.);
#5565 = VERTEX_POINT('',#5566);
#5566 = CARTESIAN_POINT('',(32.746133917893,-12.60769515458,6.));
#5567 = LINE('',#5568,#5569);
#5568 = CARTESIAN_POINT('',(23.613812920099,-17.88024314098,6.));
#5569 = VECTOR('',#5570,1.);
#5570 = DIRECTION('',(-0.866025403784,-0.5,0.));
#5571 = ORIENTED_EDGE('',*,*,#5572,.T.);
#5572 = EDGE_CURVE('',#5565,#5531,#5573,.T.);
#5573 = LINE('',#5574,#5575);
#5574 = CARTESIAN_POINT('',(15.123431863333,-2.433223379538,6.));
#5575 = VECTOR('',#5576,1.);
#5576 = DIRECTION('',(-0.866025403784,0.5,0.));
#5577 = FACE_BOUND('',#5578,.T.);
#5578 = EDGE_LOOP('',(#5579,#5589,#5597,#5605,#5613,#5621));
#5579 = ORIENTED_EDGE('',*,*,#5580,.T.);
#5580 = EDGE_CURVE('',#5581,#5583,#5585,.T.);
#5581 = VERTEX_POINT('',#5582);
#5582 = CARTESIAN_POINT('',(41.808311744384,-9.107695154587,6.));
#5583 = VERTEX_POINT('',#5584);
#5584 = CARTESIAN_POINT('',(41.808311744384,-2.107695154587,6.));
#5585 = LINE('',#5586,#5587);
#5586 = CARTESIAN_POINT('',(41.808311744384,-1.053847577293,6.));
#5587 = VECTOR('',#5588,1.);
#5588 = DIRECTION('',(0.,1.,0.));
#5589 = ORIENTED_EDGE('',*,*,#5590,.T.);
#5590 = EDGE_CURVE('',#5583,#5591,#5593,.T.);
#5591 = VERTEX_POINT('',#5592);
#5592 = CARTESIAN_POINT('',(47.870489570875,1.392304845413,6.));
#5593 = LINE('',#5594,#5595);
#5594 = CARTESIAN_POINT('',(30.035446289968,-8.904762193827,6.));
#5595 = VECTOR('',#5596,1.);
#5596 = DIRECTION('',(0.866025403784,0.5,0.));
#5597 = ORIENTED_EDGE('',*,*,#5598,.T.);
#5598 = EDGE_CURVE('',#5591,#5599,#5601,.T.);
#5599 = VERTEX_POINT('',#5600);
#5600 = CARTESIAN_POINT('',(53.932667397366,-2.107695154587,6.));
#5601 = LINE('',#5602,#5603);
#5602 = CARTESIAN_POINT('',(33.669420886183,9.5912956733,6.));
#5603 = VECTOR('',#5604,1.);
#5604 = DIRECTION('',(0.866025403784,-0.5,0.));
#5605 = ORIENTED_EDGE('',*,*,#5606,.T.);
#5606 = EDGE_CURVE('',#5599,#5607,#5609,.T.);
#5607 = VERTEX_POINT('',#5608);
#5608 = CARTESIAN_POINT('',(53.932667397366,-9.107695154587,6.));
#5609 = LINE('',#5610,#5611);
#5610 = CARTESIAN_POINT('',(53.932667397366,-4.553847577293,6.));
#5611 = VECTOR('',#5612,1.);
#5612 = DIRECTION('',(-1.015061051086E-15,-1.,0.));
#5613 = ORIENTED_EDGE('',*,*,#5614,.T.);
#5614 = EDGE_CURVE('',#5607,#5615,#5617,.T.);
#5615 = VERTEX_POINT('',#5616);
#5616 = CARTESIAN_POINT('',(47.870489570875,-12.60769515458,6.));
#5617 = LINE('',#5618,#5619);
#5618 = CARTESIAN_POINT('',(33.066535203213,-21.15476219382,6.));
#5619 = VECTOR('',#5620,1.);
#5620 = DIRECTION('',(-0.866025403784,-0.5,0.));
#5621 = ORIENTED_EDGE('',*,*,#5622,.T.);
#5622 = EDGE_CURVE('',#5615,#5581,#5623,.T.);
#5623 = LINE('',#5624,#5625);
#5624 = CARTESIAN_POINT('',(24.576154146447,0.8412956733,6.));
#5625 = VECTOR('',#5626,1.);
#5626 = DIRECTION('',(-0.866025403784,0.5,0.));
#5627 = FACE_BOUND('',#5628,.T.);
#5628 = EDGE_LOOP('',(#5629));
#5629 = ORIENTED_EDGE('',*,*,#5630,.F.);
#5630 = EDGE_CURVE('',#5631,#5631,#5633,.T.);
#5631 = VERTEX_POINT('',#5632);
#5632 = CARTESIAN_POINT('',(143.8431457505,-5.656854249492,6.));
#5633 = CIRCLE('',#5634,1.5);
#5634 = AXIS2_PLACEMENT_3D('',#5635,#5636,#5637);
#5635 = CARTESIAN_POINT('',(142.3431457505,-5.656854249492,6.));
#5636 = DIRECTION('',(0.,0.,1.));
#5637 = DIRECTION('',(1.,0.,0.));
#5638 = FACE_BOUND('',#5639,.T.);
#5639 = EDGE_LOOP('',(#5640));
#5640 = ORIENTED_EDGE('',*,*,#5641,.F.);
#5641 = EDGE_CURVE('',#5642,#5642,#5644,.T.);
#5642 = VERTEX_POINT('',#5643);
#5643 = CARTESIAN_POINT('',(155.15685424949,-5.656854249492,6.));
#5644 = CIRCLE('',#5645,1.5);
#5645 = AXIS2_PLACEMENT_3D('',#5646,#5647,#5648);
#5646 = CARTESIAN_POINT('',(153.65685424949,-5.656854249492,6.));
#5647 = DIRECTION('',(0.,0.,1.));
#5648 = DIRECTION('',(1.,0.,0.));
#5649 = FACE_BOUND('',#5650,.T.);
#5650 = EDGE_LOOP('',(#5651));
#5651 = ORIENTED_EDGE('',*,*,#5652,.F.);
#5652 = EDGE_CURVE('',#5653,#5653,#5655,.T.);
#5653 = VERTEX_POINT('',#5654);
#5654 = CARTESIAN_POINT('',(-144.,1.714505518806E-14,6.));
#5655 = CIRCLE('',#5656,4.);
#5656 = AXIS2_PLACEMENT_3D('',#5657,#5658,#5659);
#5657 = CARTESIAN_POINT('',(-148.,1.812477262738E-14,6.));
#5658 = DIRECTION('',(0.,0.,1.));
#5659 = DIRECTION('',(1.,0.,0.));
#5660 = FACE_BOUND('',#5661,.T.);
#5661 = EDGE_LOOP('',(#5662));
#5662 = ORIENTED_EDGE('',*,*,#5663,.F.);
#5663 = EDGE_CURVE('',#5664,#5664,#5666,.T.);
#5664 = VERTEX_POINT('',#5665);
#5665 = CARTESIAN_POINT('',(-152.1568542494,5.656854249492,6.));
#5666 = CIRCLE('',#5667,1.5);
#5667 = AXIS2_PLACEMENT_3D('',#5668,#5669,#5670);
#5668 = CARTESIAN_POINT('',(-153.6568542494,5.656854249492,6.));
#5669 = DIRECTION('',(0.,0.,1.));
#5670 = DIRECTION('',(1.,0.,0.));
#5671 = FACE_BOUND('',#5672,.T.);
#5672 = EDGE_LOOP('',(#5673));
#5673 = ORIENTED_EDGE('',*,*,#5674,.F.);
#5674 = EDGE_CURVE('',#5675,#5675,#5677,.T.);
#5675 = VERTEX_POINT('',#5676);
#5676 = CARTESIAN_POINT('',(-140.8431457505,5.656854249492,6.));
#5677 = CIRCLE('',#5678,1.5);
#5678 = AXIS2_PLACEMENT_3D('',#5679,#5680,#5681);
#5679 = CARTESIAN_POINT('',(-142.3431457505,5.656854249492,6.));
#5680 = DIRECTION('',(0.,0.,1.));
#5681 = DIRECTION('',(1.,0.,0.));
#5682 = FACE_BOUND('',#5683,.T.);
#5683 = EDGE_LOOP('',(#5684,#5694,#5702,#5710,#5718,#5726));
#5684 = ORIENTED_EDGE('',*,*,#5685,.T.);
#5685 = EDGE_CURVE('',#5686,#5688,#5690,.T.);
#5686 = VERTEX_POINT('',#5687);
#5687 = CARTESIAN_POINT('',(-41.37564434701,3.990381056767,6.));
#5688 = VERTEX_POINT('',#5689);
#5689 = CARTESIAN_POINT('',(-41.37564434701,10.990381056767,6.));
#5690 = LINE('',#5691,#5692);
#5691 = CARTESIAN_POINT('',(-41.37564434701,5.495190528383,6.));
#5692 = VECTOR('',#5693,1.);
#5693 = DIRECTION('',(0.,1.,0.));
#5694 = ORIENTED_EDGE('',*,*,#5695,.T.);
#5695 = EDGE_CURVE('',#5688,#5696,#5698,.T.);
#5696 = VERTEX_POINT('',#5697);
#5697 = CARTESIAN_POINT('',(-35.31346652052,14.490381056767,6.));
#5698 = LINE('',#5699,#5700);
#5699 = CARTESIAN_POINT('',(-24.79034295209,20.565909281718,6.));
#5700 = VECTOR('',#5701,1.);
#5701 = DIRECTION('',(0.866025403784,0.5,0.));
#5702 = ORIENTED_EDGE('',*,*,#5703,.T.);
#5703 = EDGE_CURVE('',#5696,#5704,#5706,.T.);
#5704 = VERTEX_POINT('',#5705);
#5705 = CARTESIAN_POINT('',(-29.25128869403,10.990381056767,6.));
#5706 = LINE('',#5707,#5708);
#5707 = CARTESIAN_POINT('',(-15.484734986,3.042257567624,6.));
#5708 = VECTOR('',#5709,1.);
#5709 = DIRECTION('',(0.866025403784,-0.5,0.));
#5710 = ORIENTED_EDGE('',*,*,#5711,.T.);
#5711 = EDGE_CURVE('',#5704,#5712,#5714,.T.);
#5712 = VERTEX_POINT('',#5713);
#5713 = CARTESIAN_POINT('',(-29.25128869403,3.990381056767,6.));
#5714 = LINE('',#5715,#5716);
#5715 = CARTESIAN_POINT('',(-29.25128869403,1.995190528383,6.));
#5716 = VECTOR('',#5717,1.);
#5717 = DIRECTION('',(0.,-1.,0.));
#5718 = ORIENTED_EDGE('',*,*,#5719,.T.);
#5719 = EDGE_CURVE('',#5712,#5720,#5722,.T.);
#5720 = VERTEX_POINT('',#5721);
#5721 = CARTESIAN_POINT('',(-35.31346652052,0.490381056767,6.));
#5722 = LINE('',#5723,#5724);
#5723 = CARTESIAN_POINT('',(-21.75925403884,8.315909281718,6.));
#5724 = VECTOR('',#5725,1.);
#5725 = DIRECTION('',(-0.866025403784,-0.5,0.));
#5726 = ORIENTED_EDGE('',*,*,#5727,.T.);
#5727 = EDGE_CURVE('',#5720,#5686,#5728,.T.);
#5728 = LINE('',#5729,#5730);
#5729 = CARTESIAN_POINT('',(-24.57800172574,-5.707742432376,6.));
#5730 = VECTOR('',#5731,1.);
#5731 = DIRECTION('',(-0.866025403784,0.5,0.));
#5732 = FACE_BOUND('',#5733,.T.);
#5733 = EDGE_LOOP('',(#5734,#5744,#5752,#5760,#5768,#5776));
#5734 = ORIENTED_EDGE('',*,*,#5735,.T.);
#5735 = EDGE_CURVE('',#5736,#5738,#5740,.T.);
#5736 = VERTEX_POINT('',#5737);
#5737 = CARTESIAN_POINT('',(-26.25128869403,3.990381056767,6.));
#5738 = VERTEX_POINT('',#5739);
#5739 = CARTESIAN_POINT('',(-26.25128869403,10.990381056767,6.));
#5740 = LINE('',#5741,#5742);
#5741 = CARTESIAN_POINT('',(-26.25128869403,5.495190528383,6.));
#5742 = VECTOR('',#5743,1.);
#5743 = DIRECTION('',(-5.075305255429E-16,1.,0.));
#5744 = ORIENTED_EDGE('',*,*,#5745,.T.);
#5745 = EDGE_CURVE('',#5738,#5746,#5748,.T.);
#5746 = VERTEX_POINT('',#5747);
#5747 = CARTESIAN_POINT('',(-20.18911086754,14.490381056767,6.));
#5748 = LINE('',#5749,#5750);
#5749 = CARTESIAN_POINT('',(-15.33762066897,17.291390228879,6.));
#5750 = VECTOR('',#5751,1.);
#5751 = DIRECTION('',(0.866025403784,0.5,0.));
#5752 = ORIENTED_EDGE('',*,*,#5753,.T.);
#5753 = EDGE_CURVE('',#5746,#5754,#5756,.T.);
#5754 = VERTEX_POINT('',#5755);
#5755 = CARTESIAN_POINT('',(-14.12693304105,10.990381056767,6.));
#5756 = LINE('',#5757,#5758);
#5757 = CARTESIAN_POINT('',(-6.032012702895,6.316776620462,6.));
#5758 = VECTOR('',#5759,1.);
#5759 = DIRECTION('',(0.866025403784,-0.5,0.));
#5760 = ORIENTED_EDGE('',*,*,#5761,.T.);
#5761 = EDGE_CURVE('',#5754,#5762,#5764,.T.);
#5762 = VERTEX_POINT('',#5763);
#5763 = CARTESIAN_POINT('',(-14.12693304105,3.990381056767,6.));
#5764 = LINE('',#5765,#5766);
#5765 = CARTESIAN_POINT('',(-14.12693304105,1.995190528383,6.));
#5766 = VECTOR('',#5767,1.);
#5767 = DIRECTION('',(0.,-1.,0.));
#5768 = ORIENTED_EDGE('',*,*,#5769,.T.);
#5769 = EDGE_CURVE('',#5762,#5770,#5772,.T.);
#5770 = VERTEX_POINT('',#5771);
#5771 = CARTESIAN_POINT('',(-20.18911086754,0.490381056767,6.));
#5772 = LINE('',#5773,#5774);
#5773 = CARTESIAN_POINT('',(-12.30653175573,5.041390228879,6.));
#5774 = VECTOR('',#5775,1.);
#5775 = DIRECTION('',(-0.866025403784,-0.5,0.));
#5776 = ORIENTED_EDGE('',*,*,#5777,.T.);
#5777 = EDGE_CURVE('',#5770,#5736,#5778,.T.);
#5778 = LINE('',#5779,#5780);
#5779 = CARTESIAN_POINT('',(-15.12527944263,-2.433223379538,6.));
#5780 = VECTOR('',#5781,1.);
#5781 = DIRECTION('',(-0.866025403784,0.5,0.));
#5782 = FACE_BOUND('',#5783,.T.);
#5783 = EDGE_LOOP('',(#5784));
#5784 = ORIENTED_EDGE('',*,*,#5785,.F.);
#5785 = EDGE_CURVE('',#5786,#5786,#5788,.T.);
#5786 = VERTEX_POINT('',#5787);
#5787 = CARTESIAN_POINT('',(-20.92741699797,22.62741699797,6.));
#5788 = CIRCLE('',#5789,1.7);
#5789 = AXIS2_PLACEMENT_3D('',#5790,#5791,#5792);
#5790 = CARTESIAN_POINT('',(-22.62741699797,22.62741699797,6.));
#5791 = DIRECTION('',(0.,0.,1.));
#5792 = DIRECTION('',(1.,0.,0.));
#5793 = FACE_BOUND('',#5794,.T.);
#5794 = EDGE_LOOP('',(#5795,#5805,#5813,#5821,#5829,#5837));
#5795 = ORIENTED_EDGE('',*,*,#5796,.T.);
#5796 = EDGE_CURVE('',#5797,#5799,#5801,.T.);
#5797 = VERTEX_POINT('',#5798);
#5798 = CARTESIAN_POINT('',(-26.25128869403,30.186533479473,6.));
#5799 = VERTEX_POINT('',#5800);
#5800 = CARTESIAN_POINT('',(-26.25128869403,37.186533479473,6.));
#5801 = LINE('',#5802,#5803);
#5802 = CARTESIAN_POINT('',(-26.25128869403,18.593266739737,6.));
#5803 = VECTOR('',#5804,1.);
#5804 = DIRECTION('',(-5.075305255429E-16,1.,0.));
#5805 = ORIENTED_EDGE('',*,*,#5806,.T.);
#5806 = EDGE_CURVE('',#5799,#5807,#5809,.T.);
#5807 = VERTEX_POINT('',#5808);
#5808 = CARTESIAN_POINT('',(-20.18911086754,40.686533479473,6.));
#5809 = LINE('',#5810,#5811);
#5810 = CARTESIAN_POINT('',(-21.00925403884,40.213023598748,6.));
#5811 = VECTOR('',#5812,1.);
#5812 = DIRECTION('',(0.866025403784,0.5,0.));
#5813 = ORIENTED_EDGE('',*,*,#5814,.T.);
#5814 = EDGE_CURVE('',#5807,#5815,#5817,.T.);
#5815 = VERTEX_POINT('',#5816);
#5816 = CARTESIAN_POINT('',(-14.12693304105,37.186533479473,6.));
#5817 = LINE('',#5818,#5819);
#5818 = CARTESIAN_POINT('',(-0.360379333027,29.23840999033,6.));
#5819 = VECTOR('',#5820,1.);
#5820 = DIRECTION('',(0.866025403784,-0.5,0.));
#5821 = ORIENTED_EDGE('',*,*,#5822,.T.);
#5822 = EDGE_CURVE('',#5815,#5823,#5825,.T.);
#5823 = VERTEX_POINT('',#5824);
#5824 = CARTESIAN_POINT('',(-14.12693304105,30.186533479473,6.));
#5825 = LINE('',#5826,#5827);
#5826 = CARTESIAN_POINT('',(-14.12693304105,15.093266739737,6.));
#5827 = VECTOR('',#5828,1.);
#5828 = DIRECTION('',(0.,-1.,0.));
#5829 = ORIENTED_EDGE('',*,*,#5830,.T.);
#5830 = EDGE_CURVE('',#5823,#5831,#5833,.T.);
#5831 = VERTEX_POINT('',#5832);
#5832 = CARTESIAN_POINT('',(-20.18911086754,26.686533479473,6.));
#5833 = LINE('',#5834,#5835);
#5834 = CARTESIAN_POINT('',(-17.9781651256,27.963023598748,6.));
#5835 = VECTOR('',#5836,1.);
#5836 = DIRECTION('',(-0.866025403784,-0.5,0.));
#5837 = ORIENTED_EDGE('',*,*,#5838,.T.);
#5838 = EDGE_CURVE('',#5831,#5797,#5839,.T.);
#5839 = LINE('',#5840,#5841);
#5840 = CARTESIAN_POINT('',(-9.453646072763,20.48840999033,6.));
#5841 = VECTOR('',#5842,1.);
#5842 = DIRECTION('',(-0.866025403784,0.5,0.));
#5843 = FACE_BOUND('',#5844,.T.);
#5844 = EDGE_LOOP('',(#5845,#5855,#5863,#5871,#5879,#5887));
#5845 = ORIENTED_EDGE('',*,*,#5846,.T.);
#5846 = EDGE_CURVE('',#5847,#5849,#5851,.T.);
#5847 = VERTEX_POINT('',#5848);
#5848 = CARTESIAN_POINT('',(-18.68911086754,17.08845726812,6.));
#5849 = VERTEX_POINT('',#5850);
#5850 = CARTESIAN_POINT('',(-18.68911086754,24.08845726812,6.));
#5851 = LINE('',#5852,#5853);
#5852 = CARTESIAN_POINT('',(-18.68911086754,12.04422863406,6.));
#5853 = VECTOR('',#5854,1.);
#5854 = DIRECTION('',(0.,1.,0.));
#5855 = ORIENTED_EDGE('',*,*,#5856,.T.);
#5856 = EDGE_CURVE('',#5849,#5857,#5859,.T.);
#5857 = VERTEX_POINT('',#5858);
#5858 = CARTESIAN_POINT('',(-12.62693304105,27.58845726812,6.));
#5859 = LINE('',#5860,#5861);
#5860 = CARTESIAN_POINT('',(-13.44707621235,27.114947387394,6.));
#5861 = VECTOR('',#5862,1.);
#5862 = DIRECTION('',(0.866025403784,0.5,0.));
#5863 = ORIENTED_EDGE('',*,*,#5864,.T.);
#5864 = EDGE_CURVE('',#5857,#5865,#5867,.T.);
#5865 = VERTEX_POINT('',#5866);
#5866 = CARTESIAN_POINT('',(-6.564755214563,24.08845726812,6.));
#5867 = LINE('',#5868,#5869);
#5868 = CARTESIAN_POINT('',(1.530165123596,19.414852831815,6.));
#5869 = VECTOR('',#5870,1.);
#5870 = DIRECTION('',(0.866025403784,-0.5,0.));
#5871 = ORIENTED_EDGE('',*,*,#5872,.T.);
#5872 = EDGE_CURVE('',#5865,#5873,#5875,.T.);
#5873 = VERTEX_POINT('',#5874);
#5874 = CARTESIAN_POINT('',(-6.564755214563,17.08845726812,6.));
#5875 = LINE('',#5876,#5877);
#5876 = CARTESIAN_POINT('',(-6.564755214563,8.54422863406,6.));
#5877 = VECTOR('',#5878,1.);
#5878 = DIRECTION('',(-2.537652627715E-16,-1.,0.));
#5879 = ORIENTED_EDGE('',*,*,#5880,.T.);
#5880 = EDGE_CURVE('',#5873,#5881,#5883,.T.);
#5881 = VERTEX_POINT('',#5882);
#5882 = CARTESIAN_POINT('',(-12.62693304105,13.58845726812,6.));
#5883 = LINE('',#5884,#5885);
#5884 = CARTESIAN_POINT('',(-10.41598729911,14.864947387394,6.));
#5885 = VECTOR('',#5886,1.);
#5886 = DIRECTION('',(-0.866025403784,-0.5,0.));
#5887 = ORIENTED_EDGE('',*,*,#5888,.T.);
#5888 = EDGE_CURVE('',#5881,#5847,#5889,.T.);
#5889 = LINE('',#5890,#5891);
#5890 = CARTESIAN_POINT('',(-7.56310161614,10.664852831815,6.));
#5891 = VECTOR('',#5892,1.);
#5892 = DIRECTION('',(-0.866025403784,0.5,0.));
#5893 = FACE_BOUND('',#5894,.T.);
#5894 = EDGE_LOOP('',(#5895,#5905,#5913,#5921,#5929,#5937));
#5895 = ORIENTED_EDGE('',*,*,#5896,.T.);
#5896 = EDGE_CURVE('',#5897,#5899,#5901,.T.);
#5897 = VERTEX_POINT('',#5898);
#5898 = CARTESIAN_POINT('',(-11.12693304105,30.186533479473,6.));
#5899 = VERTEX_POINT('',#5900);
#5900 = CARTESIAN_POINT('',(-11.12693304105,37.186533479473,6.));
#5901 = LINE('',#5902,#5903);
#5902 = CARTESIAN_POINT('',(-11.12693304105,18.593266739737,6.));
#5903 = VECTOR('',#5904,1.);
#5904 = DIRECTION('',(0.,1.,0.));
#5905 = ORIENTED_EDGE('',*,*,#5906,.T.);
#5906 = EDGE_CURVE('',#5899,#5907,#5909,.T.);
#5907 = VERTEX_POINT('',#5908);
#5908 = CARTESIAN_POINT('',(-5.064755214563,40.686533479473,6.));
#5909 = LINE('',#5910,#5911);
#5910 = CARTESIAN_POINT('',(-11.55653175573,36.938504545909,6.));
#5911 = VECTOR('',#5912,1.);
#5912 = DIRECTION('',(0.866025403784,0.5,0.));
#5913 = ORIENTED_EDGE('',*,*,#5914,.T.);
#5914 = EDGE_CURVE('',#5907,#5915,#5917,.T.);
#5915 = VERTEX_POINT('',#5916);
#5916 = CARTESIAN_POINT('',(0.997422611929,37.186533479473,6.));
#5917 = LINE('',#5918,#5919);
#5918 = CARTESIAN_POINT('',(9.092342950087,32.512929043169,6.));
#5919 = VECTOR('',#5920,1.);
#5920 = DIRECTION('',(0.866025403784,-0.5,0.));
#5921 = ORIENTED_EDGE('',*,*,#5922,.T.);
#5922 = EDGE_CURVE('',#5915,#5923,#5925,.T.);
#5923 = VERTEX_POINT('',#5924);
#5924 = CARTESIAN_POINT('',(0.997422611929,30.186533479473,6.));
#5925 = LINE('',#5926,#5927);
#5926 = CARTESIAN_POINT('',(0.997422611929,15.093266739737,6.));
#5927 = VECTOR('',#5928,1.);
#5928 = DIRECTION('',(-2.537652627715E-16,-1.,0.));
#5929 = ORIENTED_EDGE('',*,*,#5930,.T.);
#5930 = EDGE_CURVE('',#5923,#5931,#5933,.T.);
#5931 = VERTEX_POINT('',#5932);
#5932 = CARTESIAN_POINT('',(-5.064755214563,26.686533479473,6.));
#5933 = LINE('',#5934,#5935);
#5934 = CARTESIAN_POINT('',(-8.525442842488,24.688504545909,6.));
#5935 = VECTOR('',#5936,1.);
#5936 = DIRECTION('',(-0.866025403784,-0.5,0.));
#5937 = ORIENTED_EDGE('',*,*,#5938,.T.);
#5938 = EDGE_CURVE('',#5931,#5897,#5939,.T.);
#5939 = LINE('',#5940,#5941);
#5940 = CARTESIAN_POINT('',(-9.237896492724E-04,23.762929043169,6.));
#5941 = VECTOR('',#5942,1.);
#5942 = DIRECTION('',(-0.866025403784,0.5,0.));
#5943 = FACE_BOUND('',#5944,.T.);
#5944 = EDGE_LOOP('',(#5945,#5955,#5963,#5971,#5979,#5987));
#5945 = ORIENTED_EDGE('',*,*,#5946,.T.);
#5946 = EDGE_CURVE('',#5947,#5949,#5951,.T.);
#5947 = VERTEX_POINT('',#5948);
#5948 = CARTESIAN_POINT('',(-33.81346652052,43.284609690827,6.));
#5949 = VERTEX_POINT('',#5950);
#5950 = CARTESIAN_POINT('',(-33.81346652052,50.284609690827,6.));
#5951 = LINE('',#5952,#5953);
#5952 = CARTESIAN_POINT('',(-33.81346652052,25.142304845413,6.));
#5953 = VECTOR('',#5954,1.);
#5954 = DIRECTION('',(0.,1.,0.));
#5955 = ORIENTED_EDGE('',*,*,#5956,.T.);
#5956 = EDGE_CURVE('',#5949,#5957,#5959,.T.);
#5957 = VERTEX_POINT('',#5958);
#5958 = CARTESIAN_POINT('',(-27.75128869403,53.784609690827,6.));
#5959 = LINE('',#5960,#5961);
#5960 = CARTESIAN_POINT('',(-28.57143186533,53.311099810101,6.));
#5961 = VECTOR('',#5962,1.);
#5962 = DIRECTION('',(0.866025403784,0.5,0.));
#5963 = ORIENTED_EDGE('',*,*,#5964,.T.);
#5964 = EDGE_CURVE('',#5957,#5965,#5967,.T.);
#5965 = VERTEX_POINT('',#5966);
#5966 = CARTESIAN_POINT('',(-21.68911086754,50.284609690827,6.));
#5967 = LINE('',#5968,#5969);
#5968 = CARTESIAN_POINT('',(-2.250923789649,39.061967148845,6.));
#5969 = VECTOR('',#5970,1.);
#5970 = DIRECTION('',(0.866025403784,-0.5,0.));
#5971 = ORIENTED_EDGE('',*,*,#5972,.T.);
#5972 = EDGE_CURVE('',#5965,#5973,#5975,.T.);
#5973 = VERTEX_POINT('',#5974);
#5974 = CARTESIAN_POINT('',(-21.68911086754,43.284609690827,6.));
#5975 = LINE('',#5976,#5977);
#5976 = CARTESIAN_POINT('',(-21.68911086754,21.642304845413,6.));
#5977 = VECTOR('',#5978,1.);
#5978 = DIRECTION('',(0.,-1.,0.));
#5979 = ORIENTED_EDGE('',*,*,#5980,.T.);
#5980 = EDGE_CURVE('',#5973,#5981,#5983,.T.);
#5981 = VERTEX_POINT('',#5982);
#5982 = CARTESIAN_POINT('',(-27.75128869403,39.784609690827,6.));
#5983 = LINE('',#5984,#5985);
#5984 = CARTESIAN_POINT('',(-25.54034295209,41.061099810101,6.));
#5985 = VECTOR('',#5986,1.);
#5986 = DIRECTION('',(-0.866025403784,-0.5,0.));
#5987 = ORIENTED_EDGE('',*,*,#5988,.T.);
#5988 = EDGE_CURVE('',#5981,#5947,#5989,.T.);
#5989 = LINE('',#5990,#5991);
#5990 = CARTESIAN_POINT('',(-11.34419052938,30.311967148845,6.));
#5991 = VECTOR('',#5992,1.);
#5992 = DIRECTION('',(-0.866025403784,0.5,0.));
#5993 = FACE_BOUND('',#5994,.T.);
#5994 = EDGE_LOOP('',(#5995));
#5995 = ORIENTED_EDGE('',*,*,#5996,.F.);
#5996 = EDGE_CURVE('',#5997,#5997,#5999,.T.);
#5997 = VERTEX_POINT('',#5998);
#5998 = CARTESIAN_POINT('',(-78.15685424949,122.5149055106,6.));
#5999 = CIRCLE('',#6000,1.5);
#6000 = AXIS2_PLACEMENT_3D('',#6001,#6002,#6003);
#6001 = CARTESIAN_POINT('',(-79.65685424949,122.5149055106,6.));
#6002 = DIRECTION('',(0.,0.,1.));
#6003 = DIRECTION('',(1.,0.,0.));
#6004 = FACE_BOUND('',#6005,.T.);
#6005 = EDGE_LOOP('',(#6006));
#6006 = ORIENTED_EDGE('',*,*,#6007,.F.);
#6007 = EDGE_CURVE('',#6008,#6008,#6010,.T.);
#6008 = VERTEX_POINT('',#6009);
#6009 = CARTESIAN_POINT('',(-78.15685424949,133.82861400958,6.));
#6010 = CIRCLE('',#6011,1.5);
#6011 = AXIS2_PLACEMENT_3D('',#6012,#6013,#6014);
#6012 = CARTESIAN_POINT('',(-79.65685424949,133.82861400958,6.));
#6013 = DIRECTION('',(0.,0.,1.));
#6014 = DIRECTION('',(1.,0.,0.));
#6015 = FACE_BOUND('',#6016,.T.);
#6016 = EDGE_LOOP('',(#6017,#6027,#6036,#6044,#6053,#6061,#6070,#6078));
#6017 = ORIENTED_EDGE('',*,*,#6018,.F.);
#6018 = EDGE_CURVE('',#6019,#6021,#6023,.T.);
#6019 = VERTEX_POINT('',#6020);
#6020 = CARTESIAN_POINT('',(-40.78074596215,90.634323977013,6.));
#6021 = VERTEX_POINT('',#6022);
#6022 = CARTESIAN_POINT('',(-45.78074596215,99.294578014857,6.));
#6023 = LINE('',#6024,#6025);
#6024 = CARTESIAN_POINT('',(-39.53074596215,88.469260467552,6.));
#6025 = VECTOR('',#6026,1.);
#6026 = DIRECTION('',(-0.5,0.866025403784,0.));
#6027 = ORIENTED_EDGE('',*,*,#6028,.T.);
#6028 = EDGE_CURVE('',#6019,#6029,#6031,.T.);
#6029 = VERTEX_POINT('',#6030);
#6030 = CARTESIAN_POINT('',(-41.69580947161,87.219260467552,6.));
#6031 = CIRCLE('',#6032,2.5);
#6032 = AXIS2_PLACEMENT_3D('',#6033,#6034,#6035);
#6033 = CARTESIAN_POINT('',(-42.94580947161,89.384323977013,6.));
#6034 = DIRECTION('',(-0.,-0.,-1.));
#6035 = DIRECTION('',(0.,-1.,0.));
#6036 = ORIENTED_EDGE('',*,*,#6037,.F.);
#6037 = EDGE_CURVE('',#6038,#6029,#6040,.T.);
#6038 = VERTEX_POINT('',#6039);
#6039 = CARTESIAN_POINT('',(-54.68619052838,79.719260467552,6.));
#6040 = LINE('',#6041,#6042);
#6041 = CARTESIAN_POINT('',(-56.85125403784,78.469260467552,6.));
#6042 = VECTOR('',#6043,1.);
#6043 = DIRECTION('',(0.866025403784,0.5,0.));
#6044 = ORIENTED_EDGE('',*,*,#6045,.F.);
#6045 = EDGE_CURVE('',#6046,#6038,#6048,.T.);
#6046 = VERTEX_POINT('',#6047);
#6047 = CARTESIAN_POINT('',(-58.10125403784,80.634323977013,6.));
#6048 = CIRCLE('',#6049,2.5);
#6049 = AXIS2_PLACEMENT_3D('',#6050,#6051,#6052);
#6050 = CARTESIAN_POINT('',(-55.93619052838,81.884323977013,6.));
#6051 = DIRECTION('',(-0.,0.,1.));
#6052 = DIRECTION('',(0.,-1.,0.));
#6053 = ORIENTED_EDGE('',*,*,#6054,.F.);
#6054 = EDGE_CURVE('',#6055,#6046,#6057,.T.);
#6055 = VERTEX_POINT('',#6056);
#6056 = CARTESIAN_POINT('',(-63.10125403784,89.294578014857,6.));
#6057 = LINE('',#6058,#6059);
#6058 = CARTESIAN_POINT('',(-64.35125403784,91.459641524318,6.));
#6059 = VECTOR('',#6060,1.);
#6060 = DIRECTION('',(0.5,-0.866025403784,0.));
#6061 = ORIENTED_EDGE('',*,*,#6062,.F.);
#6062 = EDGE_CURVE('',#6063,#6055,#6065,.T.);
#6063 = VERTEX_POINT('',#6064);
#6064 = CARTESIAN_POINT('',(-62.18619052838,92.709641524318,6.));
#6065 = CIRCLE('',#6066,2.5);
#6066 = AXIS2_PLACEMENT_3D('',#6067,#6068,#6069);
#6067 = CARTESIAN_POINT('',(-60.93619052838,90.544578014857,6.));
#6068 = DIRECTION('',(-0.,0.,1.));
#6069 = DIRECTION('',(0.,-1.,0.));
#6070 = ORIENTED_EDGE('',*,*,#6071,.F.);
#6071 = EDGE_CURVE('',#6072,#6063,#6074,.T.);
#6072 = VERTEX_POINT('',#6073);
#6073 = CARTESIAN_POINT('',(-49.19580947161,100.20964152431,6.));
#6074 = LINE('',#6075,#6076);
#6075 = CARTESIAN_POINT('',(-47.03074596215,101.45964152431,6.));
#6076 = VECTOR('',#6077,1.);
#6077 = DIRECTION('',(-0.866025403784,-0.5,0.));
#6078 = ORIENTED_EDGE('',*,*,#6079,.F.);
#6079 = EDGE_CURVE('',#6021,#6072,#6080,.T.);
#6080 = CIRCLE('',#6081,2.5);
#6081 = AXIS2_PLACEMENT_3D('',#6082,#6083,#6084);
#6082 = CARTESIAN_POINT('',(-47.94580947161,98.044578014857,6.));
#6083 = DIRECTION('',(-0.,0.,1.));
#6084 = DIRECTION('',(0.,-1.,0.));
#6085 = FACE_BOUND('',#6086,.T.);
#6086 = EDGE_LOOP('',(#6087));
#6087 = ORIENTED_EDGE('',*,*,#6088,.F.);
#6088 = EDGE_CURVE('',#6089,#6089,#6091,.T.);
#6089 = VERTEX_POINT('',#6090);
#6090 = CARTESIAN_POINT('',(-66.8431457505,122.5149055106,6.));
#6091 = CIRCLE('',#6092,1.5);
#6092 = AXIS2_PLACEMENT_3D('',#6093,#6094,#6095);
#6093 = CARTESIAN_POINT('',(-68.3431457505,122.5149055106,6.));
#6094 = DIRECTION('',(0.,0.,1.));
#6095 = DIRECTION('',(1.,0.,0.));
#6096 = FACE_BOUND('',#6097,.T.);
#6097 = EDGE_LOOP('',(#6098));
#6098 = ORIENTED_EDGE('',*,*,#6099,.F.);
#6099 = EDGE_CURVE('',#6100,#6100,#6102,.T.);
#6100 = VERTEX_POINT('',#6101);
#6101 = CARTESIAN_POINT('',(-70.,128.17175976009,6.));
#6102 = CIRCLE('',#6103,4.);
#6103 = AXIS2_PLACEMENT_3D('',#6104,#6105,#6106);
#6104 = CARTESIAN_POINT('',(-74.,128.17175976009,6.));
#6105 = DIRECTION('',(0.,0.,1.));
#6106 = DIRECTION('',(1.,0.,0.));
#6107 = FACE_BOUND('',#6108,.T.);
#6108 = EDGE_LOOP('',(#6109));
#6109 = ORIENTED_EDGE('',*,*,#6110,.F.);
#6110 = EDGE_CURVE('',#6111,#6111,#6113,.T.);
#6111 = VERTEX_POINT('',#6112);
#6112 = CARTESIAN_POINT('',(-66.8431457505,133.82861400958,6.));
#6113 = CIRCLE('',#6114,1.5);
#6114 = AXIS2_PLACEMENT_3D('',#6115,#6116,#6117);
#6115 = CARTESIAN_POINT('',(-68.3431457505,133.82861400958,6.));
#6116 = DIRECTION('',(0.,0.,1.));
#6117 = DIRECTION('',(1.,0.,0.));
#6118 = FACE_BOUND('',#6119,.T.);
#6119 = EDGE_LOOP('',(#6120,#6130,#6138,#6146,#6154,#6162));
#6120 = ORIENTED_EDGE('',*,*,#6121,.T.);
#6121 = EDGE_CURVE('',#6122,#6124,#6126,.T.);
#6122 = VERTEX_POINT('',#6123);
#6123 = CARTESIAN_POINT('',(19.121778264911,3.990381056767,6.));
#6124 = VERTEX_POINT('',#6125);
#6125 = CARTESIAN_POINT('',(19.121778264911,10.990381056767,6.));
#6126 = LINE('',#6127,#6128);
#6127 = CARTESIAN_POINT('',(19.121778264911,5.495190528383,6.));
#6128 = VECTOR('',#6129,1.);
#6129 = DIRECTION('',(-5.075305255429E-16,1.,0.));
#6130 = ORIENTED_EDGE('',*,*,#6131,.T.);
#6131 = EDGE_CURVE('',#6124,#6132,#6134,.T.);
#6132 = VERTEX_POINT('',#6133);
#6133 = CARTESIAN_POINT('',(25.183956091402,14.490381056767,6.));
#6134 = LINE('',#6135,#6136);
#6135 = CARTESIAN_POINT('',(13.020546180363,7.467833070364,6.));
#6136 = VECTOR('',#6137,1.);
#6137 = DIRECTION('',(0.866025403784,0.5,0.));
#6138 = ORIENTED_EDGE('',*,*,#6139,.T.);
#6139 = EDGE_CURVE('',#6132,#6140,#6142,.T.);
#6140 = VERTEX_POINT('',#6141);
#6141 = CARTESIAN_POINT('',(31.246133917893,10.990381056767,6.));
#6142 = LINE('',#6143,#6144);
#6143 = CARTESIAN_POINT('',(22.326154146447,16.140333778977,6.));
#6144 = VECTOR('',#6145,1.);
#6145 = DIRECTION('',(0.866025403784,-0.5,0.));
#6146 = ORIENTED_EDGE('',*,*,#6147,.T.);
#6147 = EDGE_CURVE('',#6140,#6148,#6150,.T.);
#6148 = VERTEX_POINT('',#6149);
#6149 = CARTESIAN_POINT('',(31.246133917893,3.990381056767,6.));
#6150 = LINE('',#6151,#6152);
#6151 = CARTESIAN_POINT('',(31.246133917893,1.995190528383,6.));
#6152 = VECTOR('',#6153,1.);
#6153 = DIRECTION('',(0.,-1.,0.));
#6154 = ORIENTED_EDGE('',*,*,#6155,.T.);
#6155 = EDGE_CURVE('',#6148,#6156,#6158,.T.);
#6156 = VERTEX_POINT('',#6157);
#6157 = CARTESIAN_POINT('',(25.183956091402,0.490381056767,6.));
#6158 = LINE('',#6159,#6160);
#6159 = CARTESIAN_POINT('',(16.051635093608,-4.782166929636,6.));
#6160 = VECTOR('',#6161,1.);
#6161 = DIRECTION('',(-0.866025403784,-0.5,0.));
#6162 = ORIENTED_EDGE('',*,*,#6163,.T.);
#6163 = EDGE_CURVE('',#6156,#6122,#6164,.T.);
#6164 = LINE('',#6165,#6166);
#6165 = CARTESIAN_POINT('',(13.23288740671,7.390333778977,6.));
#6166 = VECTOR('',#6167,1.);
#6167 = DIRECTION('',(-0.866025403784,0.5,0.));
#6168 = FACE_BOUND('',#6169,.T.);
#6169 = EDGE_LOOP('',(#6170,#6180,#6188,#6196,#6204,#6212));
#6170 = ORIENTED_EDGE('',*,*,#6171,.T.);
#6171 = EDGE_CURVE('',#6172,#6174,#6176,.T.);
#6172 = VERTEX_POINT('',#6173);
#6173 = CARTESIAN_POINT('',(-3.564755214563,17.08845726812,6.));
#6174 = VERTEX_POINT('',#6175);
#6175 = CARTESIAN_POINT('',(-3.564755214563,24.08845726812,6.));
#6176 = LINE('',#6177,#6178);
#6177 = CARTESIAN_POINT('',(-3.564755214563,12.04422863406,6.));
#6178 = VECTOR('',#6179,1.);
#6179 = DIRECTION('',(-1.268826313857E-16,1.,0.));
#6180 = ORIENTED_EDGE('',*,*,#6181,.T.);
#6181 = EDGE_CURVE('',#6174,#6182,#6184,.T.);
#6182 = VERTEX_POINT('',#6183);
#6183 = CARTESIAN_POINT('',(2.497422611929,27.58845726812,6.));
#6184 = LINE('',#6185,#6186);
#6185 = CARTESIAN_POINT('',(-3.994353929242,23.840428334556,6.));
#6186 = VECTOR('',#6187,1.);
#6187 = DIRECTION('',(0.866025403784,0.5,0.));
#6188 = ORIENTED_EDGE('',*,*,#6189,.T.);
#6189 = EDGE_CURVE('',#6182,#6190,#6192,.T.);
#6190 = VERTEX_POINT('',#6191);
#6191 = CARTESIAN_POINT('',(8.55960043842,24.08845726812,6.));
#6192 = LINE('',#6193,#6194);
#6193 = CARTESIAN_POINT('',(10.98288740671,22.689371884654,6.));
#6194 = VECTOR('',#6195,1.);
#6195 = DIRECTION('',(0.866025403784,-0.5,0.));
#6196 = ORIENTED_EDGE('',*,*,#6197,.T.);
#6197 = EDGE_CURVE('',#6190,#6198,#6200,.T.);
#6198 = VERTEX_POINT('',#6199);
#6199 = CARTESIAN_POINT('',(8.55960043842,17.08845726812,6.));
#6200 = LINE('',#6201,#6202);
#6201 = CARTESIAN_POINT('',(8.55960043842,8.54422863406,6.));
#6202 = VECTOR('',#6203,1.);
#6203 = DIRECTION('',(0.,-1.,0.));
#6204 = ORIENTED_EDGE('',*,*,#6205,.T.);
#6205 = EDGE_CURVE('',#6198,#6206,#6208,.T.);
#6206 = VERTEX_POINT('',#6207);
#6207 = CARTESIAN_POINT('',(2.497422611929,13.58845726812,6.));
#6208 = LINE('',#6209,#6210);
#6209 = CARTESIAN_POINT('',(-0.963265015997,11.590428334556,6.));
#6210 = VECTOR('',#6211,1.);
#6211 = DIRECTION('',(-0.866025403784,-0.5,0.));
#6212 = ORIENTED_EDGE('',*,*,#6213,.T.);
#6213 = EDGE_CURVE('',#6206,#6172,#6214,.T.);
#6214 = LINE('',#6215,#6216);
#6215 = CARTESIAN_POINT('',(1.889620666973,13.939371884654,6.));
#6216 = VECTOR('',#6217,1.);
#6217 = DIRECTION('',(-0.866025403784,0.5,0.));
#6218 = FACE_BOUND('',#6219,.T.);
#6219 = EDGE_LOOP('',(#6220,#6230,#6238,#6246,#6254,#6262));
#6220 = ORIENTED_EDGE('',*,*,#6221,.T.);
#6221 = EDGE_CURVE('',#6222,#6224,#6226,.T.);
#6222 = VERTEX_POINT('',#6223);
#6223 = CARTESIAN_POINT('',(3.997422611929,30.186533479473,6.));
#6224 = VERTEX_POINT('',#6225);
#6225 = CARTESIAN_POINT('',(3.997422611929,37.186533479473,6.));
#6226 = LINE('',#6227,#6228);
#6227 = CARTESIAN_POINT('',(3.997422611929,18.593266739737,6.));
#6228 = VECTOR('',#6229,1.);
#6229 = DIRECTION('',(-1.268826313857E-16,1.,0.));
#6230 = ORIENTED_EDGE('',*,*,#6231,.T.);
#6231 = EDGE_CURVE('',#6224,#6232,#6234,.T.);
#6232 = VERTEX_POINT('',#6233);
#6233 = CARTESIAN_POINT('',(10.05960043842,40.686533479473,6.));
#6234 = LINE('',#6235,#6236);
#6235 = CARTESIAN_POINT('',(-2.103809472619,33.663985493071,6.));
#6236 = VECTOR('',#6237,1.);
#6237 = DIRECTION('',(0.866025403784,0.5,0.));
#6238 = ORIENTED_EDGE('',*,*,#6239,.T.);
#6239 = EDGE_CURVE('',#6232,#6240,#6242,.T.);
#6240 = VERTEX_POINT('',#6241);
#6241 = CARTESIAN_POINT('',(16.121778264911,37.186533479473,6.));
#6242 = LINE('',#6243,#6244);
#6243 = CARTESIAN_POINT('',(18.545065233201,35.787448096007,6.));
#6244 = VECTOR('',#6245,1.);
#6245 = DIRECTION('',(0.866025403784,-0.5,0.));
#6246 = ORIENTED_EDGE('',*,*,#6247,.T.);
#6247 = EDGE_CURVE('',#6240,#6248,#6250,.T.);
#6248 = VERTEX_POINT('',#6249);
#6249 = CARTESIAN_POINT('',(16.121778264911,30.186533479473,6.));
#6250 = LINE('',#6251,#6252);
#6251 = CARTESIAN_POINT('',(16.121778264911,15.093266739737,6.));
#6252 = VECTOR('',#6253,1.);
#6253 = DIRECTION('',(0.,-1.,0.));
#6254 = ORIENTED_EDGE('',*,*,#6255,.T.);
#6255 = EDGE_CURVE('',#6248,#6256,#6258,.T.);
#6256 = VERTEX_POINT('',#6257);
#6257 = CARTESIAN_POINT('',(10.05960043842,26.686533479473,6.));
#6258 = LINE('',#6259,#6260);
#6259 = CARTESIAN_POINT('',(0.927279440626,21.413985493071,6.));
#6260 = VECTOR('',#6261,1.);
#6261 = DIRECTION('',(-0.866025403784,-0.5,0.));
#6262 = ORIENTED_EDGE('',*,*,#6263,.T.);
#6263 = EDGE_CURVE('',#6256,#6222,#6264,.T.);
#6264 = LINE('',#6265,#6266);
#6265 = CARTESIAN_POINT('',(9.451798493465,27.037448096007,6.));
#6266 = VECTOR('',#6267,1.);
#6267 = DIRECTION('',(-0.866025403784,0.5,0.));
#6268 = FACE_BOUND('',#6269,.T.);
#6269 = EDGE_LOOP('',(#6270));
#6270 = ORIENTED_EDGE('',*,*,#6271,.F.);
#6271 = EDGE_CURVE('',#6272,#6272,#6274,.T.);
#6272 = VERTEX_POINT('',#6273);
#6273 = CARTESIAN_POINT('',(24.32741699797,22.62741699797,6.));
#6274 = CIRCLE('',#6275,1.7);
#6275 = AXIS2_PLACEMENT_3D('',#6276,#6277,#6278);
#6276 = CARTESIAN_POINT('',(22.62741699797,22.62741699797,6.));
#6277 = DIRECTION('',(0.,0.,1.));
#6278 = DIRECTION('',(1.,0.,0.));
#6279 = FACE_BOUND('',#6280,.T.);
#6280 = EDGE_LOOP('',(#6281,#6291,#6299,#6307,#6315,#6323));
#6281 = ORIENTED_EDGE('',*,*,#6282,.T.);
#6282 = EDGE_CURVE('',#6283,#6285,#6287,.T.);
#6283 = VERTEX_POINT('',#6284);
#6284 = CARTESIAN_POINT('',(26.683956091402,17.08845726812,6.));
#6285 = VERTEX_POINT('',#6286);
#6286 = CARTESIAN_POINT('',(26.683956091402,24.08845726812,6.));
#6287 = LINE('',#6288,#6289);
#6288 = CARTESIAN_POINT('',(26.683956091402,12.04422863406,6.));
#6289 = VECTOR('',#6290,1.);
#6290 = DIRECTION('',(-5.075305255429E-16,1.,0.));
#6291 = ORIENTED_EDGE('',*,*,#6292,.T.);
#6292 = EDGE_CURVE('',#6285,#6293,#6295,.T.);
#6293 = VERTEX_POINT('',#6294);
#6294 = CARTESIAN_POINT('',(32.746133917893,27.58845726812,6.));
#6295 = LINE('',#6296,#6297);
#6296 = CARTESIAN_POINT('',(14.911090636986,17.291390228879,6.));
#6297 = VECTOR('',#6298,1.);
#6298 = DIRECTION('',(0.866025403784,0.5,0.));
#6299 = ORIENTED_EDGE('',*,*,#6300,.T.);
#6300 = EDGE_CURVE('',#6293,#6301,#6303,.T.);
#6301 = VERTEX_POINT('',#6302);
#6302 = CARTESIAN_POINT('',(38.808311744384,24.08845726812,6.));
#6303 = LINE('',#6304,#6305);
#6304 = CARTESIAN_POINT('',(29.888331972938,29.23840999033,6.));
#6305 = VECTOR('',#6306,1.);
#6306 = DIRECTION('',(0.866025403784,-0.5,0.));
#6307 = ORIENTED_EDGE('',*,*,#6308,.T.);
#6308 = EDGE_CURVE('',#6301,#6309,#6311,.T.);
#6309 = VERTEX_POINT('',#6310);
#6310 = CARTESIAN_POINT('',(38.808311744384,17.08845726812,6.));
#6311 = LINE('',#6312,#6313);
#6312 = CARTESIAN_POINT('',(38.808311744384,8.54422863406,6.));
#6313 = VECTOR('',#6314,1.);
#6314 = DIRECTION('',(-1.015061051086E-15,-1.,0.));
#6315 = ORIENTED_EDGE('',*,*,#6316,.T.);
#6316 = EDGE_CURVE('',#6309,#6317,#6319,.T.);
#6317 = VERTEX_POINT('',#6318);
#6318 = CARTESIAN_POINT('',(32.746133917893,13.58845726812,6.));
#6319 = LINE('',#6320,#6321);
#6320 = CARTESIAN_POINT('',(17.942179550231,5.041390228879,6.));
#6321 = VECTOR('',#6322,1.);
#6322 = DIRECTION('',(-0.866025403784,-0.5,0.));
#6323 = ORIENTED_EDGE('',*,*,#6324,.T.);
#6324 = EDGE_CURVE('',#6317,#6283,#6325,.T.);
#6325 = LINE('',#6326,#6327);
#6326 = CARTESIAN_POINT('',(20.795065233201,20.48840999033,6.));
#6327 = VECTOR('',#6328,1.);
#6328 = DIRECTION('',(-0.866025403784,0.5,0.));
#6329 = FACE_BOUND('',#6330,.T.);
#6330 = EDGE_LOOP('',(#6331,#6341,#6349,#6357,#6365,#6373));
#6331 = ORIENTED_EDGE('',*,*,#6332,.T.);
#6332 = EDGE_CURVE('',#6333,#6335,#6337,.T.);
#6333 = VERTEX_POINT('',#6334);
#6334 = CARTESIAN_POINT('',(19.121778264911,30.186533479473,6.));
#6335 = VERTEX_POINT('',#6336);
#6336 = CARTESIAN_POINT('',(19.121778264911,37.186533479473,6.));
#6337 = LINE('',#6338,#6339);
#6338 = CARTESIAN_POINT('',(19.121778264911,18.593266739737,6.));
#6339 = VECTOR('',#6340,1.);
#6340 = DIRECTION('',(-5.075305255429E-16,1.,0.));
#6341 = ORIENTED_EDGE('',*,*,#6342,.T.);
#6342 = EDGE_CURVE('',#6335,#6343,#6345,.T.);
#6343 = VERTEX_POINT('',#6344);
#6344 = CARTESIAN_POINT('',(25.183956091402,40.686533479473,6.));
#6345 = LINE('',#6346,#6347);
#6346 = CARTESIAN_POINT('',(7.348912810495,30.389466440233,6.));
#6347 = VECTOR('',#6348,1.);
#6348 = DIRECTION('',(0.866025403784,0.5,0.));
#6349 = ORIENTED_EDGE('',*,*,#6350,.T.);
#6350 = EDGE_CURVE('',#6343,#6351,#6353,.T.);
#6351 = VERTEX_POINT('',#6352);
#6352 = CARTESIAN_POINT('',(31.246133917893,37.186533479473,6.));
#6353 = LINE('',#6354,#6355);
#6354 = CARTESIAN_POINT('',(27.997787516315,39.061967148845,6.));
#6355 = VECTOR('',#6356,1.);
#6356 = DIRECTION('',(0.866025403784,-0.5,0.));
#6357 = ORIENTED_EDGE('',*,*,#6358,.T.);
#6358 = EDGE_CURVE('',#6351,#6359,#6361,.T.);
#6359 = VERTEX_POINT('',#6360);
#6360 = CARTESIAN_POINT('',(31.246133917893,30.186533479473,6.));
#6361 = LINE('',#6362,#6363);
#6362 = CARTESIAN_POINT('',(31.246133917893,15.093266739737,6.));
#6363 = VECTOR('',#6364,1.);
#6364 = DIRECTION('',(0.,-1.,0.));
#6365 = ORIENTED_EDGE('',*,*,#6366,.T.);
#6366 = EDGE_CURVE('',#6359,#6367,#6369,.T.);
#6367 = VERTEX_POINT('',#6368);
#6368 = CARTESIAN_POINT('',(25.183956091402,26.686533479473,6.));
#6369 = LINE('',#6370,#6371);
#6370 = CARTESIAN_POINT('',(10.38000172374,18.139466440233,6.));
#6371 = VECTOR('',#6372,1.);
#6372 = DIRECTION('',(-0.866025403784,-0.5,0.));
#6373 = ORIENTED_EDGE('',*,*,#6374,.T.);
#6374 = EDGE_CURVE('',#6367,#6333,#6375,.T.);
#6375 = LINE('',#6376,#6377);
#6376 = CARTESIAN_POINT('',(18.904520776578,30.311967148845,6.));
#6377 = VECTOR('',#6378,1.);
#6378 = DIRECTION('',(-0.866025403784,0.5,0.));
#6379 = FACE_BOUND('',#6380,.T.);
#6380 = EDGE_LOOP('',(#6381,#6391,#6399,#6407,#6415,#6423));
#6381 = ORIENTED_EDGE('',*,*,#6382,.T.);
#6382 = EDGE_CURVE('',#6383,#6385,#6387,.T.);
#6383 = VERTEX_POINT('',#6384);
#6384 = CARTESIAN_POINT('',(34.246133917893,3.990381056767,6.));
#6385 = VERTEX_POINT('',#6386);
#6386 = CARTESIAN_POINT('',(34.246133917893,10.990381056767,6.));
#6387 = LINE('',#6388,#6389);
#6388 = CARTESIAN_POINT('',(34.246133917893,5.495190528383,6.));
#6389 = VECTOR('',#6390,1.);
#6390 = DIRECTION('',(0.,1.,0.));
#6391 = ORIENTED_EDGE('',*,*,#6392,.T.);
#6392 = EDGE_CURVE('',#6385,#6393,#6395,.T.);
#6393 = VERTEX_POINT('',#6394);
#6394 = CARTESIAN_POINT('',(40.308311744384,14.490381056767,6.));
#6395 = LINE('',#6396,#6397);
#6396 = CARTESIAN_POINT('',(22.473268463477,4.193314017526,6.));
#6397 = VECTOR('',#6398,1.);
#6398 = DIRECTION('',(0.866025403784,0.5,0.));
#6399 = ORIENTED_EDGE('',*,*,#6400,.T.);
#6400 = EDGE_CURVE('',#6393,#6401,#6403,.T.);
#6401 = VERTEX_POINT('',#6402);
#6402 = CARTESIAN_POINT('',(46.370489570875,10.990381056767,6.));
#6403 = LINE('',#6404,#6405);
#6404 = CARTESIAN_POINT('',(31.778876429561,19.414852831815,6.));
#6405 = VECTOR('',#6406,1.);
#6406 = DIRECTION('',(0.866025403784,-0.5,0.));
#6407 = ORIENTED_EDGE('',*,*,#6408,.T.);
#6408 = EDGE_CURVE('',#6401,#6409,#6411,.T.);
#6409 = VERTEX_POINT('',#6410);
#6410 = CARTESIAN_POINT('',(46.370489570875,3.990381056767,6.));
#6411 = LINE('',#6412,#6413);
#6412 = CARTESIAN_POINT('',(46.370489570875,1.995190528383,6.));
#6413 = VECTOR('',#6414,1.);
#6414 = DIRECTION('',(-1.015061051086E-15,-1.,0.));
#6415 = ORIENTED_EDGE('',*,*,#6416,.T.);
#6416 = EDGE_CURVE('',#6409,#6417,#6419,.T.);
#6417 = VERTEX_POINT('',#6418);
#6418 = CARTESIAN_POINT('',(40.308311744384,0.490381056767,6.));
#6419 = LINE('',#6420,#6421);
#6420 = CARTESIAN_POINT('',(25.504357376722,-8.056685982474,6.));
#6421 = VECTOR('',#6422,1.);
#6422 = DIRECTION('',(-0.866025403784,-0.5,0.));
#6423 = ORIENTED_EDGE('',*,*,#6424,.T.);
#6424 = EDGE_CURVE('',#6417,#6383,#6425,.T.);
#6425 = LINE('',#6426,#6427);
#6426 = CARTESIAN_POINT('',(22.685609689824,10.664852831815,6.));
#6427 = VECTOR('',#6428,1.);
#6428 = DIRECTION('',(-0.866025403784,0.5,0.));
#6429 = FACE_BOUND('',#6430,.T.);
#6430 = EDGE_LOOP('',(#6431,#6441,#6449,#6457,#6465,#6473));
#6431 = ORIENTED_EDGE('',*,*,#6432,.T.);
#6432 = EDGE_CURVE('',#6433,#6435,#6437,.T.);
#6433 = VERTEX_POINT('',#6434);
#6434 = CARTESIAN_POINT('',(26.683956091402,43.284609690827,6.));
#6435 = VERTEX_POINT('',#6436);
#6436 = CARTESIAN_POINT('',(26.683956091402,50.284609690827,6.));
#6437 = LINE('',#6438,#6439);
#6438 = CARTESIAN_POINT('',(26.683956091402,25.142304845413,6.));
#6439 = VECTOR('',#6440,1.);
#6440 = DIRECTION('',(-5.075305255429E-16,1.,0.));
#6441 = ORIENTED_EDGE('',*,*,#6442,.T.);
#6442 = EDGE_CURVE('',#6435,#6443,#6445,.T.);
#6443 = VERTEX_POINT('',#6444);
#6444 = CARTESIAN_POINT('',(32.746133917893,53.784609690827,6.));
#6445 = LINE('',#6446,#6447);
#6446 = CARTESIAN_POINT('',(9.239457267117,40.213023598748,6.));
#6447 = VECTOR('',#6448,1.);
#6448 = DIRECTION('',(0.866025403784,0.5,0.));
#6449 = ORIENTED_EDGE('',*,*,#6450,.T.);
#6450 = EDGE_CURVE('',#6443,#6451,#6453,.T.);
#6451 = VERTEX_POINT('',#6452);
#6452 = CARTESIAN_POINT('',(38.808311744384,50.284609690827,6.));
#6453 = LINE('',#6454,#6455);
#6454 = CARTESIAN_POINT('',(35.559965342806,52.160043360199,6.));
#6455 = VECTOR('',#6456,1.);
#6456 = DIRECTION('',(0.866025403784,-0.5,0.));
#6457 = ORIENTED_EDGE('',*,*,#6458,.T.);
#6458 = EDGE_CURVE('',#6451,#6459,#6461,.T.);
#6459 = VERTEX_POINT('',#6460);
#6460 = CARTESIAN_POINT('',(38.808311744384,43.284609690827,6.));
#6461 = LINE('',#6462,#6463);
#6462 = CARTESIAN_POINT('',(38.808311744384,21.642304845413,6.));
#6463 = VECTOR('',#6464,1.);
#6464 = DIRECTION('',(-1.015061051086E-15,-1.,0.));
#6465 = ORIENTED_EDGE('',*,*,#6466,.T.);
#6466 = EDGE_CURVE('',#6459,#6467,#6469,.T.);
#6467 = VERTEX_POINT('',#6468);
#6468 = CARTESIAN_POINT('',(32.746133917893,39.784609690827,6.));
#6469 = LINE('',#6470,#6471);
#6470 = CARTESIAN_POINT('',(12.270546180363,27.963023598748,6.));
#6471 = VECTOR('',#6472,1.);
#6472 = DIRECTION('',(-0.866025403784,-0.5,0.));
#6473 = ORIENTED_EDGE('',*,*,#6474,.T.);
#6474 = EDGE_CURVE('',#6467,#6433,#6475,.T.);
#6475 = LINE('',#6476,#6477);
#6476 = CARTESIAN_POINT('',(26.466698603069,43.410043360199,6.));
#6477 = VECTOR('',#6478,1.);
#6478 = DIRECTION('',(-0.866025403784,0.5,0.));
#6479 = FACE_BOUND('',#6480,.T.);
#6480 = EDGE_LOOP('',(#6481,#6491,#6500,#6508,#6517,#6525,#6534,#6542));
#6481 = ORIENTED_EDGE('',*,*,#6482,.F.);
#6482 = EDGE_CURVE('',#6483,#6485,#6487,.T.);
#6483 = VERTEX_POINT('',#6484);
#6484 = CARTESIAN_POINT('',(98.882,-10.,6.));
#6485 = VERTEX_POINT('',#6486);
#6486 = CARTESIAN_POINT('',(108.882,-10.,6.));
#6487 = LINE('',#6488,#6489);
#6488 = CARTESIAN_POINT('',(96.382,-10.,6.));
#6489 = VECTOR('',#6490,1.);
#6490 = DIRECTION('',(1.,0.,0.));
#6491 = ORIENTED_EDGE('',*,*,#6492,.T.);
#6492 = EDGE_CURVE('',#6483,#6493,#6495,.T.);
#6493 = VERTEX_POINT('',#6494);
#6494 = CARTESIAN_POINT('',(96.382,-7.5,6.));
#6495 = CIRCLE('',#6496,2.5);
#6496 = AXIS2_PLACEMENT_3D('',#6497,#6498,#6499);
#6497 = CARTESIAN_POINT('',(98.882,-7.5,6.));
#6498 = DIRECTION('',(-0.,-0.,-1.));
#6499 = DIRECTION('',(0.,-1.,0.));
#6500 = ORIENTED_EDGE('',*,*,#6501,.F.);
#6501 = EDGE_CURVE('',#6502,#6493,#6504,.T.);
#6502 = VERTEX_POINT('',#6503);
#6503 = CARTESIAN_POINT('',(96.382,7.5,6.));
#6504 = LINE('',#6505,#6506);
#6505 = CARTESIAN_POINT('',(96.382,10.,6.));
#6506 = VECTOR('',#6507,1.);
#6507 = DIRECTION('',(0.,-1.,0.));
#6508 = ORIENTED_EDGE('',*,*,#6509,.F.);
#6509 = EDGE_CURVE('',#6510,#6502,#6512,.T.);
#6510 = VERTEX_POINT('',#6511);
#6511 = CARTESIAN_POINT('',(98.882,10.,6.));
#6512 = CIRCLE('',#6513,2.5);
#6513 = AXIS2_PLACEMENT_3D('',#6514,#6515,#6516);
#6514 = CARTESIAN_POINT('',(98.882,7.5,6.));
#6515 = DIRECTION('',(-0.,0.,1.));
#6516 = DIRECTION('',(0.,-1.,0.));
#6517 = ORIENTED_EDGE('',*,*,#6518,.F.);
#6518 = EDGE_CURVE('',#6519,#6510,#6521,.T.);
#6519 = VERTEX_POINT('',#6520);
#6520 = CARTESIAN_POINT('',(108.882,10.,6.));
#6521 = LINE('',#6522,#6523);
#6522 = CARTESIAN_POINT('',(111.382,10.,6.));
#6523 = VECTOR('',#6524,1.);
#6524 = DIRECTION('',(-1.,0.,0.));
#6525 = ORIENTED_EDGE('',*,*,#6526,.F.);
#6526 = EDGE_CURVE('',#6527,#6519,#6529,.T.);
#6527 = VERTEX_POINT('',#6528);
#6528 = CARTESIAN_POINT('',(111.382,7.5,6.));
#6529 = CIRCLE('',#6530,2.5);
#6530 = AXIS2_PLACEMENT_3D('',#6531,#6532,#6533);
#6531 = CARTESIAN_POINT('',(108.882,7.5,6.));
#6532 = DIRECTION('',(-0.,0.,1.));
#6533 = DIRECTION('',(0.,-1.,0.));
#6534 = ORIENTED_EDGE('',*,*,#6535,.F.);
#6535 = EDGE_CURVE('',#6536,#6527,#6538,.T.);
#6536 = VERTEX_POINT('',#6537);
#6537 = CARTESIAN_POINT('',(111.382,-7.5,6.));
#6538 = LINE('',#6539,#6540);
#6539 = CARTESIAN_POINT('',(111.382,-10.,6.));
#6540 = VECTOR('',#6541,1.);
#6541 = DIRECTION('',(0.,1.,0.));
#6542 = ORIENTED_EDGE('',*,*,#6543,.F.);
#6543 = EDGE_CURVE('',#6485,#6536,#6544,.T.);
#6544 = CIRCLE('',#6545,2.5);
#6545 = AXIS2_PLACEMENT_3D('',#6546,#6547,#6548);
#6546 = CARTESIAN_POINT('',(108.882,-7.5,6.));
#6547 = DIRECTION('',(-0.,0.,1.));
#6548 = DIRECTION('',(0.,-1.,0.));
#6549 = FACE_BOUND('',#6550,.T.);
#6550 = EDGE_LOOP('',(#6551));
#6551 = ORIENTED_EDGE('',*,*,#6552,.F.);
#6552 = EDGE_CURVE('',#6553,#6553,#6555,.T.);
#6553 = VERTEX_POINT('',#6554);
#6554 = CARTESIAN_POINT('',(143.8431457505,5.656854249492,6.));
#6555 = CIRCLE('',#6556,1.5);
#6556 = AXIS2_PLACEMENT_3D('',#6557,#6558,#6559);
#6557 = CARTESIAN_POINT('',(142.3431457505,5.656854249492,6.));
#6558 = DIRECTION('',(0.,0.,1.));
#6559 = DIRECTION('',(1.,0.,0.));
#6560 = FACE_BOUND('',#6561,.T.);
#6561 = EDGE_LOOP('',(#6562));
#6562 = ORIENTED_EDGE('',*,*,#6563,.F.);
#6563 = EDGE_CURVE('',#6564,#6564,#6566,.T.);
#6564 = VERTEX_POINT('',#6565);
#6565 = CARTESIAN_POINT('',(152.,-9.797174393179E-16,6.));
#6566 = CIRCLE('',#6567,4.);
#6567 = AXIS2_PLACEMENT_3D('',#6568,#6569,#6570);
#6568 = CARTESIAN_POINT('',(148.,0.,6.));
#6569 = DIRECTION('',(0.,0.,1.));
#6570 = DIRECTION('',(1.,0.,0.));
#6571 = FACE_BOUND('',#6572,.T.);
#6572 = EDGE_LOOP('',(#6573));
#6573 = ORIENTED_EDGE('',*,*,#6574,.F.);
#6574 = EDGE_CURVE('',#6575,#6575,#6577,.T.);
#6575 = VERTEX_POINT('',#6576);
#6576 = CARTESIAN_POINT('',(155.15685424949,5.656854249492,6.));
#6577 = CIRCLE('',#6578,1.5);
#6578 = AXIS2_PLACEMENT_3D('',#6579,#6580,#6581);
#6579 = CARTESIAN_POINT('',(153.65685424949,5.656854249492,6.));
#6580 = DIRECTION('',(0.,0.,1.));
#6581 = DIRECTION('',(1.,0.,0.));
#6582 = FACE_BOUND('',#6583,.T.);
#6583 = EDGE_LOOP('',(#6584));
#6584 = ORIENTED_EDGE('',*,*,#6585,.F.);
#6585 = EDGE_CURVE('',#6586,#6586,#6588,.T.);
#6586 = VERTEX_POINT('',#6587);
#6587 = CARTESIAN_POINT('',(69.843145750508,122.5149055106,6.));
#6588 = CIRCLE('',#6589,1.5);
#6589 = AXIS2_PLACEMENT_3D('',#6590,#6591,#6592);
#6590 = CARTESIAN_POINT('',(68.343145750508,122.5149055106,6.));
#6591 = DIRECTION('',(0.,0.,1.));
#6592 = DIRECTION('',(1.,0.,0.));
#6593 = FACE_BOUND('',#6594,.T.);
#6594 = EDGE_LOOP('',(#6595));
#6595 = ORIENTED_EDGE('',*,*,#6596,.F.);
#6596 = EDGE_CURVE('',#6597,#6597,#6599,.T.);
#6597 = VERTEX_POINT('',#6598);
#6598 = CARTESIAN_POINT('',(78.,128.17175976009,6.));
#6599 = CIRCLE('',#6600,4.);
#6600 = AXIS2_PLACEMENT_3D('',#6601,#6602,#6603);
#6601 = CARTESIAN_POINT('',(74.,128.17175976009,6.));
#6602 = DIRECTION('',(0.,0.,1.));
#6603 = DIRECTION('',(1.,0.,0.));
#6604 = FACE_BOUND('',#6605,.T.);
#6605 = EDGE_LOOP('',(#6606));
#6606 = ORIENTED_EDGE('',*,*,#6607,.F.);
#6607 = EDGE_CURVE('',#6608,#6608,#6610,.T.);
#6608 = VERTEX_POINT('',#6609);
#6609 = CARTESIAN_POINT('',(69.843145750508,133.82861400958,6.));
#6610 = CIRCLE('',#6611,1.5);
#6611 = AXIS2_PLACEMENT_3D('',#6612,#6613,#6614);
#6612 = CARTESIAN_POINT('',(68.343145750508,133.82861400958,6.));
#6613 = DIRECTION('',(0.,0.,1.));
#6614 = DIRECTION('',(1.,0.,0.));
#6615 = FACE_BOUND('',#6616,.T.);
#6616 = EDGE_LOOP('',(#6617));
#6617 = ORIENTED_EDGE('',*,*,#6618,.F.);
#6618 = EDGE_CURVE('',#6619,#6619,#6621,.T.);
#6619 = VERTEX_POINT('',#6620);
#6620 = CARTESIAN_POINT('',(81.156854249492,122.5149055106,6.));
#6621 = CIRCLE('',#6622,1.5);
#6622 = AXIS2_PLACEMENT_3D('',#6623,#6624,#6625);
#6623 = CARTESIAN_POINT('',(79.656854249492,122.5149055106,6.));
#6624 = DIRECTION('',(0.,0.,1.));
#6625 = DIRECTION('',(1.,0.,0.));
#6626 = FACE_BOUND('',#6627,.T.);
#6627 = EDGE_LOOP('',(#6628));
#6628 = ORIENTED_EDGE('',*,*,#6629,.F.);
#6629 = EDGE_CURVE('',#6630,#6630,#6632,.T.);
#6630 = VERTEX_POINT('',#6631);
#6631 = CARTESIAN_POINT('',(81.156854249492,133.82861400958,6.));
#6632 = CIRCLE('',#6633,1.5);
#6633 = AXIS2_PLACEMENT_3D('',#6634,#6635,#6636);
#6634 = CARTESIAN_POINT('',(79.656854249492,133.82861400958,6.));
#6635 = DIRECTION('',(0.,0.,1.));
#6636 = DIRECTION('',(1.,0.,0.));
#6637 = PLANE('',#6638);
#6638 = AXIS2_PLACEMENT_3D('',#6639,#6640,#6641);
#6639 = CARTESIAN_POINT('',(1.114221732416,1.141404220324E-14,6.));
#6640 = DIRECTION('',(0.,0.,1.));
#6641 = DIRECTION('',(1.,0.,0.));
#6642 = ADVANCED_FACE('',(#6643),#6654,.F.);
#6643 = FACE_BOUND('',#6644,.F.);
#6644 = EDGE_LOOP('',(#6645,#6646,#6652,#6653));
#6645 = ORIENTED_EDGE('',*,*,#62,.F.);
#6646 = ORIENTED_EDGE('',*,*,#6647,.T.);
#6647 = EDGE_CURVE('',#63,#3298,#6648,.T.);
#6648 = LINE('',#6649,#6650);
#6649 = CARTESIAN_POINT('',(46.370489570875,-20.14290293039,-0.5));
#6650 = VECTOR('',#6651,1.);
#6651 = DIRECTION('',(0.,0.,1.));
#6652 = ORIENTED_EDGE('',*,*,#3297,.T.);
#6653 = ORIENTED_EDGE('',*,*,#31,.T.);
#6654 = PLANE('',#6655);
#6655 = AXIS2_PLACEMENT_3D('',#6656,#6657,#6658);
#6656 = CARTESIAN_POINT('',(29.,-50.22947341949,0.));
#6657 = DIRECTION('',(-0.866025403784,0.5,0.));
#6658 = DIRECTION('',(0.5,0.866025403784,0.));
#6659 = ADVANCED_FACE('',(#6660),#6671,.T.);
#6660 = FACE_BOUND('',#6661,.T.);
#6661 = EDGE_LOOP('',(#6662,#6668,#6669,#6670));
#6662 = ORIENTED_EDGE('',*,*,#6663,.F.);
#6663 = EDGE_CURVE('',#71,#4591,#6664,.T.);
#6664 = LINE('',#6665,#6666);
#6665 = CARTESIAN_POINT('',(46.370489570875,-15.20577136594,-1.));
#6666 = VECTOR('',#6667,1.);
#6667 = DIRECTION('',(0.,0.,1.));
#6668 = ORIENTED_EDGE('',*,*,#70,.F.);
#6669 = ORIENTED_EDGE('',*,*,#6647,.T.);
#6670 = ORIENTED_EDGE('',*,*,#4598,.F.);
#6671 = PLANE('',#6672);
#6672 = AXIS2_PLACEMENT_3D('',#6673,#6674,#6675);
#6673 = CARTESIAN_POINT('',(46.370489570875,-22.20577136594,-1.));
#6674 = DIRECTION('',(-1.,1.015061051086E-15,0.));
#6675 = DIRECTION('',(1.015061051086E-15,1.,0.));
#6676 = ADVANCED_FACE('',(#6677),#6688,.T.);
#6677 = FACE_BOUND('',#6678,.T.);
#6678 = EDGE_LOOP('',(#6679,#6680,#6681,#6687));
#6679 = ORIENTED_EDGE('',*,*,#3274,.F.);
#6680 = ORIENTED_EDGE('',*,*,#1361,.F.);
#6681 = ORIENTED_EDGE('',*,*,#6682,.T.);
#6682 = EDGE_CURVE('',#1354,#3308,#6683,.T.);
#6683 = LINE('',#6684,#6685);
#6684 = CARTESIAN_POINT('',(56.570201676918,-12.36252708845,-0.5));
#6685 = VECTOR('',#6686,1.);
#6686 = DIRECTION('',(0.,0.,1.));
#6687 = ORIENTED_EDGE('',*,*,#3307,.F.);
#6688 = PLANE('',#6689);
#6689 = AXIS2_PLACEMENT_3D('',#6690,#6691,#6692);
#6690 = CARTESIAN_POINT('',(61.494845223857,-15.20577136594,-1.));
#6691 = DIRECTION('',(-0.5,-0.866025403784,0.));
#6692 = DIRECTION('',(-0.866025403784,0.5,0.));
#6693 = ADVANCED_FACE('',(#6694),#6705,.T.);
#6694 = FACE_BOUND('',#6695,.T.);
#6695 = EDGE_LOOP('',(#6696,#6697,#6698,#6699));
#6696 = ORIENTED_EDGE('',*,*,#78,.F.);
#6697 = ORIENTED_EDGE('',*,*,#6663,.T.);
#6698 = ORIENTED_EDGE('',*,*,#4590,.F.);
#6699 = ORIENTED_EDGE('',*,*,#6700,.F.);
#6700 = EDGE_CURVE('',#79,#4583,#6701,.T.);
#6701 = LINE('',#6702,#6703);
#6702 = CARTESIAN_POINT('',(40.308311744384,-11.70577136594,-1.));
#6703 = VECTOR('',#6704,1.);
#6704 = DIRECTION('',(0.,0.,1.));
#6705 = PLANE('',#6706);
#6706 = AXIS2_PLACEMENT_3D('',#6707,#6708,#6709);
#6707 = CARTESIAN_POINT('',(46.370489570875,-15.20577136594,-1.));
#6708 = DIRECTION('',(-0.5,-0.866025403784,0.));
#6709 = DIRECTION('',(-0.866025403784,0.5,0.));
#6710 = ADVANCED_FACE('',(#6711),#6722,.F.);
#6711 = FACE_BOUND('',#6712,.F.);
#6712 = EDGE_LOOP('',(#6713,#6714,#6715,#6716));
#6713 = ORIENTED_EDGE('',*,*,#1353,.F.);
#6714 = ORIENTED_EDGE('',*,*,#6682,.T.);
#6715 = ORIENTED_EDGE('',*,*,#3315,.T.);
#6716 = ORIENTED_EDGE('',*,*,#6717,.F.);
#6717 = EDGE_CURVE('',#1345,#3316,#6718,.T.);
#6718 = LINE('',#6719,#6720);
#6719 = CARTESIAN_POINT('',(134.51266003999,-10.34851007648,0.));
#6720 = VECTOR('',#6721,1.);
#6721 = DIRECTION('',(0.,0.,1.));
#6722 = PLANE('',#6723);
#6723 = AXIS2_PLACEMENT_3D('',#6724,#6725,#6726);
#6724 = CARTESIAN_POINT('',(31.9,-13.,0.));
#6725 = DIRECTION('',(-2.583117104987E-02,0.99966631963,0.));
#6726 = DIRECTION('',(0.99966631963,2.583117104987E-02,0.));
#6727 = ADVANCED_FACE('',(#6728),#6739,.T.);
#6728 = FACE_BOUND('',#6729,.T.);
#6729 = EDGE_LOOP('',(#6730,#6731,#6732,#6733));
#6730 = ORIENTED_EDGE('',*,*,#86,.F.);
#6731 = ORIENTED_EDGE('',*,*,#6700,.T.);
#6732 = ORIENTED_EDGE('',*,*,#4582,.F.);
#6733 = ORIENTED_EDGE('',*,*,#6734,.F.);
#6734 = EDGE_CURVE('',#87,#4575,#6735,.T.);
#6735 = LINE('',#6736,#6737);
#6736 = CARTESIAN_POINT('',(34.246133917893,-15.20577136594,-1.));
#6737 = VECTOR('',#6738,1.);
#6738 = DIRECTION('',(0.,0.,1.));
#6739 = PLANE('',#6740);
#6740 = AXIS2_PLACEMENT_3D('',#6741,#6742,#6743);
#6741 = CARTESIAN_POINT('',(40.308311744384,-11.70577136594,-1.));
#6742 = DIRECTION('',(0.5,-0.866025403784,0.));
#6743 = DIRECTION('',(-0.866025403784,-0.5,0.));
#6744 = ADVANCED_FACE('',(#6745),#6758,.T.);
#6745 = FACE_BOUND('',#6746,.T.);
#6746 = EDGE_LOOP('',(#6747,#6748,#6754,#6755,#6756,#6757));
#6747 = ORIENTED_EDGE('',*,*,#1335,.T.);
#6748 = ORIENTED_EDGE('',*,*,#6749,.T.);
#6749 = EDGE_CURVE('',#1328,#3333,#6750,.T.);
#6750 = LINE('',#6751,#6752);
#6751 = CARTESIAN_POINT('',(134.51266003999,10.348510076486,0.));
#6752 = VECTOR('',#6753,1.);
#6753 = DIRECTION('',(0.,0.,1.));
#6754 = ORIENTED_EDGE('',*,*,#3332,.F.);
#6755 = ORIENTED_EDGE('',*,*,#3323,.F.);
#6756 = ORIENTED_EDGE('',*,*,#6717,.F.);
#6757 = ORIENTED_EDGE('',*,*,#1344,.T.);
#6758 = CYLINDRICAL_SURFACE('',#6759,17.);
#6759 = AXIS2_PLACEMENT_3D('',#6760,#6761,#6762);
#6760 = CARTESIAN_POINT('',(148.,0.,0.));
#6761 = DIRECTION('',(0.,0.,1.));
#6762 = DIRECTION('',(1.,0.,0.));
#6763 = ADVANCED_FACE('',(#6764),#6775,.T.);
#6764 = FACE_BOUND('',#6765,.T.);
#6765 = EDGE_LOOP('',(#6766,#6767,#6768,#6769));
#6766 = ORIENTED_EDGE('',*,*,#94,.F.);
#6767 = ORIENTED_EDGE('',*,*,#6734,.T.);
#6768 = ORIENTED_EDGE('',*,*,#4574,.F.);
#6769 = ORIENTED_EDGE('',*,*,#6770,.F.);
#6770 = EDGE_CURVE('',#95,#4567,#6771,.T.);
#6771 = LINE('',#6772,#6773);
#6772 = CARTESIAN_POINT('',(34.246133917893,-22.20577136594,-1.));
#6773 = VECTOR('',#6774,1.);
#6774 = DIRECTION('',(0.,0.,1.));
#6775 = PLANE('',#6776);
#6776 = AXIS2_PLACEMENT_3D('',#6777,#6778,#6779);
#6777 = CARTESIAN_POINT('',(34.246133917893,-15.20577136594,-1.));
#6778 = DIRECTION('',(1.,0.,0.));
#6779 = DIRECTION('',(0.,-1.,0.));
#6780 = ADVANCED_FACE('',(#6781),#6792,.T.);
#6781 = FACE_BOUND('',#6782,.T.);
#6782 = EDGE_LOOP('',(#6783,#6784,#6785,#6786));
#6783 = ORIENTED_EDGE('',*,*,#102,.F.);
#6784 = ORIENTED_EDGE('',*,*,#6770,.T.);
#6785 = ORIENTED_EDGE('',*,*,#4566,.F.);
#6786 = ORIENTED_EDGE('',*,*,#6787,.F.);
#6787 = EDGE_CURVE('',#103,#4559,#6788,.T.);
#6788 = LINE('',#6789,#6790);
#6789 = CARTESIAN_POINT('',(40.308311744384,-25.70577136594,-1.));
#6790 = VECTOR('',#6791,1.);
#6791 = DIRECTION('',(0.,0.,1.));
#6792 = PLANE('',#6793);
#6793 = AXIS2_PLACEMENT_3D('',#6794,#6795,#6796);
#6794 = CARTESIAN_POINT('',(34.246133917893,-22.20577136594,-1.));
#6795 = DIRECTION('',(0.5,0.866025403784,0.));
#6796 = DIRECTION('',(0.866025403784,-0.5,0.));
#6797 = ADVANCED_FACE('',(#6798),#6809,.F.);
#6798 = FACE_BOUND('',#6799,.F.);
#6799 = EDGE_LOOP('',(#6800,#6801,#6802,#6803));
#6800 = ORIENTED_EDGE('',*,*,#1327,.F.);
#6801 = ORIENTED_EDGE('',*,*,#6749,.T.);
#6802 = ORIENTED_EDGE('',*,*,#3341,.T.);
#6803 = ORIENTED_EDGE('',*,*,#6804,.T.);
#6804 = EDGE_CURVE('',#3342,#1320,#6805,.T.);
#6805 = LINE('',#6806,#6807);
#6806 = CARTESIAN_POINT('',(59.237600230647,12.293602061224,-0.5));
#6807 = VECTOR('',#6808,1.);
#6808 = DIRECTION('',(0.,0.,-1.));
#6809 = PLANE('',#6810);
#6810 = AXIS2_PLACEMENT_3D('',#6811,#6812,#6813);
#6811 = CARTESIAN_POINT('',(148.,10.,0.));
#6812 = DIRECTION('',(-2.583117104987E-02,-0.99966631963,0.));
#6813 = DIRECTION('',(-0.99966631963,2.583117104987E-02,0.));
#6814 = ADVANCED_FACE('',(#6815),#6826,.T.);
#6815 = FACE_BOUND('',#6816,.T.);
#6816 = EDGE_LOOP('',(#6817,#6818,#6819,#6820));
#6817 = ORIENTED_EDGE('',*,*,#110,.F.);
#6818 = ORIENTED_EDGE('',*,*,#6787,.T.);
#6819 = ORIENTED_EDGE('',*,*,#4558,.F.);
#6820 = ORIENTED_EDGE('',*,*,#6821,.T.);
#6821 = EDGE_CURVE('',#4551,#111,#6822,.T.);
#6822 = LINE('',#6823,#6824);
#6823 = CARTESIAN_POINT('',(44.583993101029,-23.23720558371,-0.5));
#6824 = VECTOR('',#6825,1.);
#6825 = DIRECTION('',(0.,0.,-1.));
#6826 = PLANE('',#6827);
#6827 = AXIS2_PLACEMENT_3D('',#6828,#6829,#6830);
#6828 = CARTESIAN_POINT('',(40.308311744384,-25.70577136594,-1.));
#6829 = DIRECTION('',(-0.5,0.866025403784,0.));
#6830 = DIRECTION('',(0.866025403784,0.5,0.));
#6831 = ADVANCED_FACE('',(#6832),#6843,.T.);
#6832 = FACE_BOUND('',#6833,.T.);
#6833 = EDGE_LOOP('',(#6834,#6835,#6841,#6842));
#6834 = ORIENTED_EDGE('',*,*,#1319,.F.);
#6835 = ORIENTED_EDGE('',*,*,#6836,.T.);
#6836 = EDGE_CURVE('',#1312,#3350,#6837,.T.);
#6837 = LINE('',#6838,#6839);
#6838 = CARTESIAN_POINT('',(61.494845223857,10.990381056767,-1.));
#6839 = VECTOR('',#6840,1.);
#6840 = DIRECTION('',(0.,0.,1.));
#6841 = ORIENTED_EDGE('',*,*,#3349,.F.);
#6842 = ORIENTED_EDGE('',*,*,#6804,.T.);
#6843 = PLANE('',#6844);
#6844 = AXIS2_PLACEMENT_3D('',#6845,#6846,#6847);
#6845 = CARTESIAN_POINT('',(61.494845223857,10.990381056767,-1.));
#6846 = DIRECTION('',(-0.5,-0.866025403784,0.));
#6847 = DIRECTION('',(-0.866025403784,0.5,0.));
#6848 = ADVANCED_FACE('',(#6849),#6860,.F.);
#6849 = FACE_BOUND('',#6850,.F.);
#6850 = EDGE_LOOP('',(#6851,#6852,#6858,#6859));
#6851 = ORIENTED_EDGE('',*,*,#118,.F.);
#6852 = ORIENTED_EDGE('',*,*,#6853,.T.);
#6853 = EDGE_CURVE('',#119,#4543,#6854,.T.);
#6854 = LINE('',#6855,#6856);
#6855 = CARTESIAN_POINT('',(38.808311744384,-33.24097914175,-0.5));
#6856 = VECTOR('',#6857,1.);
#6857 = DIRECTION('',(0.,0.,1.));
#6858 = ORIENTED_EDGE('',*,*,#4550,.T.);
#6859 = ORIENTED_EDGE('',*,*,#6821,.T.);
#6860 = PLANE('',#6861);
#6861 = AXIS2_PLACEMENT_3D('',#6862,#6863,#6864);
#6862 = CARTESIAN_POINT('',(29.,-50.22947341949,0.));
#6863 = DIRECTION('',(-0.866025403784,0.5,0.));
#6864 = DIRECTION('',(0.5,0.866025403784,0.));
#6865 = ADVANCED_FACE('',(#6866),#6877,.T.);
#6866 = FACE_BOUND('',#6867,.T.);
#6867 = EDGE_LOOP('',(#6868,#6869,#6875,#6876));
#6868 = ORIENTED_EDGE('',*,*,#1311,.F.);
#6869 = ORIENTED_EDGE('',*,*,#6870,.T.);
#6870 = EDGE_CURVE('',#1304,#3358,#6871,.T.);
#6871 = LINE('',#6872,#6873);
#6872 = CARTESIAN_POINT('',(61.494845223857,3.990381056767,-1.));
#6873 = VECTOR('',#6874,1.);
#6874 = DIRECTION('',(0.,0.,1.));
#6875 = ORIENTED_EDGE('',*,*,#3357,.F.);
#6876 = ORIENTED_EDGE('',*,*,#6836,.F.);
#6877 = PLANE('',#6878);
#6878 = AXIS2_PLACEMENT_3D('',#6879,#6880,#6881);
#6879 = CARTESIAN_POINT('',(61.494845223857,3.990381056767,-1.));
#6880 = DIRECTION('',(-1.,1.015061051086E-15,0.));
#6881 = DIRECTION('',(1.015061051086E-15,1.,0.));
#6882 = ADVANCED_FACE('',(#6883),#6894,.T.);
#6883 = FACE_BOUND('',#6884,.T.);
#6884 = EDGE_LOOP('',(#6885,#6891,#6892,#6893));
#6885 = ORIENTED_EDGE('',*,*,#6886,.F.);
#6886 = EDGE_CURVE('',#127,#4535,#6887,.T.);
#6887 = LINE('',#6888,#6889);
#6888 = CARTESIAN_POINT('',(38.808311744384,-28.30384757729,-1.));
#6889 = VECTOR('',#6890,1.);
#6890 = DIRECTION('',(0.,0.,1.));
#6891 = ORIENTED_EDGE('',*,*,#126,.F.);
#6892 = ORIENTED_EDGE('',*,*,#6853,.T.);
#6893 = ORIENTED_EDGE('',*,*,#4542,.F.);
#6894 = PLANE('',#6895);
#6895 = AXIS2_PLACEMENT_3D('',#6896,#6897,#6898);
#6896 = CARTESIAN_POINT('',(38.808311744384,-35.30384757729,-1.));
#6897 = DIRECTION('',(-1.,1.015061051086E-15,0.));
#6898 = DIRECTION('',(1.015061051086E-15,1.,0.));
#6899 = ADVANCED_FACE('',(#6900),#6911,.T.);
#6900 = FACE_BOUND('',#6901,.T.);
#6901 = EDGE_LOOP('',(#6902,#6903,#6909,#6910));
#6902 = ORIENTED_EDGE('',*,*,#1303,.F.);
#6903 = ORIENTED_EDGE('',*,*,#6904,.T.);
#6904 = EDGE_CURVE('',#1296,#3366,#6905,.T.);
#6905 = LINE('',#6906,#6907);
#6906 = CARTESIAN_POINT('',(55.432667397366,0.490381056767,-1.));
#6907 = VECTOR('',#6908,1.);
#6908 = DIRECTION('',(0.,0.,1.));
#6909 = ORIENTED_EDGE('',*,*,#3365,.F.);
#6910 = ORIENTED_EDGE('',*,*,#6870,.F.);
#6911 = PLANE('',#6912);
#6912 = AXIS2_PLACEMENT_3D('',#6913,#6914,#6915);
#6913 = CARTESIAN_POINT('',(55.432667397366,0.490381056767,-1.));
#6914 = DIRECTION('',(-0.5,0.866025403784,0.));
#6915 = DIRECTION('',(0.866025403784,0.5,0.));
#6916 = ADVANCED_FACE('',(#6917),#6928,.T.);
#6917 = FACE_BOUND('',#6918,.T.);
#6918 = EDGE_LOOP('',(#6919,#6920,#6921,#6922));
#6919 = ORIENTED_EDGE('',*,*,#134,.F.);
#6920 = ORIENTED_EDGE('',*,*,#6886,.T.);
#6921 = ORIENTED_EDGE('',*,*,#4534,.F.);
#6922 = ORIENTED_EDGE('',*,*,#6923,.F.);
#6923 = EDGE_CURVE('',#135,#4527,#6924,.T.);
#6924 = LINE('',#6925,#6926);
#6925 = CARTESIAN_POINT('',(32.746133917893,-24.80384757729,-1.));
#6926 = VECTOR('',#6927,1.);
#6927 = DIRECTION('',(0.,0.,1.));
#6928 = PLANE('',#6929);
#6929 = AXIS2_PLACEMENT_3D('',#6930,#6931,#6932);
#6930 = CARTESIAN_POINT('',(38.808311744384,-28.30384757729,-1.));
#6931 = DIRECTION('',(-0.5,-0.866025403784,0.));
#6932 = DIRECTION('',(-0.866025403784,0.5,0.));
#6933 = ADVANCED_FACE('',(#6934),#6945,.T.);
#6934 = FACE_BOUND('',#6935,.T.);
#6935 = EDGE_LOOP('',(#6936,#6937,#6943,#6944));
#6936 = ORIENTED_EDGE('',*,*,#1295,.F.);
#6937 = ORIENTED_EDGE('',*,*,#6938,.T.);
#6938 = EDGE_CURVE('',#1288,#3374,#6939,.T.);
#6939 = LINE('',#6940,#6941);
#6940 = CARTESIAN_POINT('',(49.370489570875,3.990381056767,-1.));
#6941 = VECTOR('',#6942,1.);
#6942 = DIRECTION('',(0.,0.,1.));
#6943 = ORIENTED_EDGE('',*,*,#3373,.F.);
#6944 = ORIENTED_EDGE('',*,*,#6904,.F.);
#6945 = PLANE('',#6946);
#6946 = AXIS2_PLACEMENT_3D('',#6947,#6948,#6949);
#6947 = CARTESIAN_POINT('',(49.370489570875,3.990381056767,-1.));
#6948 = DIRECTION('',(0.5,0.866025403784,0.));
#6949 = DIRECTION('',(0.866025403784,-0.5,0.));
#6950 = ADVANCED_FACE('',(#6951),#6962,.T.);
#6951 = FACE_BOUND('',#6952,.T.);
#6952 = EDGE_LOOP('',(#6953,#6954,#6955,#6956));
#6953 = ORIENTED_EDGE('',*,*,#142,.F.);
#6954 = ORIENTED_EDGE('',*,*,#6923,.T.);
#6955 = ORIENTED_EDGE('',*,*,#4526,.F.);
#6956 = ORIENTED_EDGE('',*,*,#6957,.F.);
#6957 = EDGE_CURVE('',#143,#4519,#6958,.T.);
#6958 = LINE('',#6959,#6960);
#6959 = CARTESIAN_POINT('',(26.683956091402,-28.30384757729,-1.));
#6960 = VECTOR('',#6961,1.);
#6961 = DIRECTION('',(0.,0.,1.));
#6962 = PLANE('',#6963);
#6963 = AXIS2_PLACEMENT_3D('',#6964,#6965,#6966);
#6964 = CARTESIAN_POINT('',(32.746133917893,-24.80384757729,-1.));
#6965 = DIRECTION('',(0.5,-0.866025403784,0.));
#6966 = DIRECTION('',(-0.866025403784,-0.5,0.));
#6967 = ADVANCED_FACE('',(#6968),#6979,.T.);
#6968 = FACE_BOUND('',#6969,.T.);
#6969 = EDGE_LOOP('',(#6970,#6971,#6977,#6978));
#6970 = ORIENTED_EDGE('',*,*,#1287,.F.);
#6971 = ORIENTED_EDGE('',*,*,#6972,.T.);
#6972 = EDGE_CURVE('',#1280,#3382,#6973,.T.);
#6973 = LINE('',#6974,#6975);
#6974 = CARTESIAN_POINT('',(49.370489570875,10.990381056767,-1.));
#6975 = VECTOR('',#6976,1.);
#6976 = DIRECTION('',(0.,0.,1.));
#6977 = ORIENTED_EDGE('',*,*,#3381,.F.);
#6978 = ORIENTED_EDGE('',*,*,#6938,.F.);
#6979 = PLANE('',#6980);
#6980 = AXIS2_PLACEMENT_3D('',#6981,#6982,#6983);
#6981 = CARTESIAN_POINT('',(49.370489570875,10.990381056767,-1.));
#6982 = DIRECTION('',(1.,0.,0.));
#6983 = DIRECTION('',(0.,-1.,0.));
#6984 = ADVANCED_FACE('',(#6985),#6996,.T.);
#6985 = FACE_BOUND('',#6986,.T.);
#6986 = EDGE_LOOP('',(#6987,#6988,#6989,#6990));
#6987 = ORIENTED_EDGE('',*,*,#150,.F.);
#6988 = ORIENTED_EDGE('',*,*,#6957,.T.);
#6989 = ORIENTED_EDGE('',*,*,#4518,.F.);
#6990 = ORIENTED_EDGE('',*,*,#6991,.F.);
#6991 = EDGE_CURVE('',#151,#4511,#6992,.T.);
#6992 = LINE('',#6993,#6994);
#6993 = CARTESIAN_POINT('',(26.683956091402,-35.30384757729,-1.));
#6994 = VECTOR('',#6995,1.);
#6995 = DIRECTION('',(0.,0.,1.));
#6996 = PLANE('',#6997);
#6997 = AXIS2_PLACEMENT_3D('',#6998,#6999,#7000);
#6998 = CARTESIAN_POINT('',(26.683956091402,-28.30384757729,-1.));
#6999 = DIRECTION('',(1.,5.075305255429E-16,0.));
#7000 = DIRECTION('',(5.075305255429E-16,-1.,0.));
#7001 = ADVANCED_FACE('',(#7002),#7013,.T.);
#7002 = FACE_BOUND('',#7003,.T.);
#7003 = EDGE_LOOP('',(#7004,#7005,#7006,#7012));
#7004 = ORIENTED_EDGE('',*,*,#6972,.F.);
#7005 = ORIENTED_EDGE('',*,*,#1279,.F.);
#7006 = ORIENTED_EDGE('',*,*,#7007,.T.);
#7007 = EDGE_CURVE('',#1272,#3390,#7008,.T.);
#7008 = LINE('',#7009,#7010);
#7009 = CARTESIAN_POINT('',(51.953730245976,12.481815755918,-0.5));
#7010 = VECTOR('',#7011,1.);
#7011 = DIRECTION('',(0.,0.,1.));
#7012 = ORIENTED_EDGE('',*,*,#3389,.F.);
#7013 = PLANE('',#7014);
#7014 = AXIS2_PLACEMENT_3D('',#7015,#7016,#7017);
#7015 = CARTESIAN_POINT('',(55.432667397366,14.490381056767,-1.));
#7016 = DIRECTION('',(0.5,-0.866025403784,0.));
#7017 = DIRECTION('',(-0.866025403784,-0.5,0.));
#7018 = ADVANCED_FACE('',(#7019),#7030,.T.);
#7019 = FACE_BOUND('',#7020,.T.);
#7020 = EDGE_LOOP('',(#7021,#7022,#7023,#7024));
#7021 = ORIENTED_EDGE('',*,*,#158,.F.);
#7022 = ORIENTED_EDGE('',*,*,#6991,.T.);
#7023 = ORIENTED_EDGE('',*,*,#4510,.F.);
#7024 = ORIENTED_EDGE('',*,*,#7025,.F.);
#7025 = EDGE_CURVE('',#159,#4503,#7026,.T.);
#7026 = LINE('',#7027,#7028);
#7027 = CARTESIAN_POINT('',(32.746133917893,-38.80384757729,-1.));
#7028 = VECTOR('',#7029,1.);
#7029 = DIRECTION('',(0.,0.,1.));
#7030 = PLANE('',#7031);
#7031 = AXIS2_PLACEMENT_3D('',#7032,#7033,#7034);
#7032 = CARTESIAN_POINT('',(26.683956091402,-35.30384757729,-1.));
#7033 = DIRECTION('',(0.5,0.866025403784,0.));
#7034 = DIRECTION('',(0.866025403784,-0.5,0.));
#7035 = ADVANCED_FACE('',(#7036),#7047,.F.);
#7036 = FACE_BOUND('',#7037,.F.);
#7037 = EDGE_LOOP('',(#7038,#7039,#7040,#7041));
#7038 = ORIENTED_EDGE('',*,*,#1271,.F.);
#7039 = ORIENTED_EDGE('',*,*,#7007,.T.);
#7040 = ORIENTED_EDGE('',*,*,#3397,.T.);
#7041 = ORIENTED_EDGE('',*,*,#7042,.F.);
#7042 = EDGE_CURVE('',#1264,#3398,#7043,.T.);
#7043 = LINE('',#7044,#7045);
#7044 = CARTESIAN_POINT('',(50.776050973685,12.512246744866,0.));
#7045 = VECTOR('',#7046,1.);
#7046 = DIRECTION('',(0.,0.,1.));
#7047 = PLANE('',#7048);
#7048 = AXIS2_PLACEMENT_3D('',#7049,#7050,#7051);
#7049 = CARTESIAN_POINT('',(148.,10.,0.));
#7050 = DIRECTION('',(-2.583117104987E-02,-0.99966631963,0.));
#7051 = DIRECTION('',(-0.99966631963,2.583117104987E-02,0.));
#7052 = ADVANCED_FACE('',(#7053),#7064,.T.);
#7053 = FACE_BOUND('',#7054,.T.);
#7054 = EDGE_LOOP('',(#7055,#7056,#7057,#7058));
#7055 = ORIENTED_EDGE('',*,*,#166,.F.);
#7056 = ORIENTED_EDGE('',*,*,#7025,.T.);
#7057 = ORIENTED_EDGE('',*,*,#4502,.F.);
#7058 = ORIENTED_EDGE('',*,*,#7059,.T.);
#7059 = EDGE_CURVE('',#4495,#167,#7060,.T.);
#7060 = LINE('',#7061,#7062);
#7061 = CARTESIAN_POINT('',(37.021815274538,-36.33528179506,-0.5));
#7062 = VECTOR('',#7063,1.);
#7063 = DIRECTION('',(0.,0.,-1.));
#7064 = PLANE('',#7065);
#7065 = AXIS2_PLACEMENT_3D('',#7066,#7067,#7068);
#7066 = CARTESIAN_POINT('',(32.746133917893,-38.80384757729,-1.));
#7067 = DIRECTION('',(-0.5,0.866025403784,0.));
#7068 = DIRECTION('',(0.866025403784,0.5,0.));
#7069 = ADVANCED_FACE('',(#7070),#7081,.F.);
#7070 = FACE_BOUND('',#7071,.F.);
#7071 = EDGE_LOOP('',(#7072,#7073,#7074,#7075));
#7072 = ORIENTED_EDGE('',*,*,#1263,.F.);
#7073 = ORIENTED_EDGE('',*,*,#7042,.T.);
#7074 = ORIENTED_EDGE('',*,*,#3405,.T.);
#7075 = ORIENTED_EDGE('',*,*,#7076,.T.);
#7076 = EDGE_CURVE('',#3406,#1256,#7077,.T.);
#7077 = LINE('',#7078,#7079);
#7078 = CARTESIAN_POINT('',(49.583647796503,14.577549630851,-0.5));
#7079 = VECTOR('',#7080,1.);
#7080 = DIRECTION('',(0.,0.,-1.));
#7081 = PLANE('',#7082);
#7082 = AXIS2_PLACEMENT_3D('',#7083,#7084,#7085);
#7083 = CARTESIAN_POINT('',(58.,0.,0.));
#7084 = DIRECTION('',(-0.866025403784,-0.5,0.));
#7085 = DIRECTION('',(-0.5,0.866025403784,0.));
#7086 = ADVANCED_FACE('',(#7087),#7098,.F.);
#7087 = FACE_BOUND('',#7088,.F.);
#7088 = EDGE_LOOP('',(#7089,#7090,#7096,#7097));
#7089 = ORIENTED_EDGE('',*,*,#174,.F.);
#7090 = ORIENTED_EDGE('',*,*,#7091,.T.);
#7091 = EDGE_CURVE('',#175,#4487,#7092,.T.);
#7092 = LINE('',#7093,#7094);
#7093 = CARTESIAN_POINT('',(36.223949026315,-37.71722667463,0.));
#7094 = VECTOR('',#7095,1.);
#7095 = DIRECTION('',(0.,0.,1.));
#7096 = ORIENTED_EDGE('',*,*,#4494,.T.);
#7097 = ORIENTED_EDGE('',*,*,#7059,.T.);
#7098 = PLANE('',#7099);
#7099 = AXIS2_PLACEMENT_3D('',#7100,#7101,#7102);
#7100 = CARTESIAN_POINT('',(29.,-50.22947341949,0.));
#7101 = DIRECTION('',(-0.866025403784,0.5,0.));
#7102 = DIRECTION('',(0.5,0.866025403784,0.));
#7103 = ADVANCED_FACE('',(#7104),#7115,.T.);
#7104 = FACE_BOUND('',#7105,.T.);
#7105 = EDGE_LOOP('',(#7106,#7107,#7113,#7114));
#7106 = ORIENTED_EDGE('',*,*,#1255,.F.);
#7107 = ORIENTED_EDGE('',*,*,#7108,.T.);
#7108 = EDGE_CURVE('',#1248,#3414,#7109,.T.);
#7109 = LINE('',#7110,#7111);
#7110 = CARTESIAN_POINT('',(47.870489570875,13.58845726812,-1.));
#7111 = VECTOR('',#7112,1.);
#7112 = DIRECTION('',(0.,0.,1.));
#7113 = ORIENTED_EDGE('',*,*,#3413,.F.);
#7114 = ORIENTED_EDGE('',*,*,#7076,.T.);
#7115 = PLANE('',#7116);
#7116 = AXIS2_PLACEMENT_3D('',#7117,#7118,#7119);
#7117 = CARTESIAN_POINT('',(47.870489570875,13.58845726812,-1.));
#7118 = DIRECTION('',(-0.5,0.866025403784,0.));
#7119 = DIRECTION('',(0.866025403784,0.5,0.));
#7120 = ADVANCED_FACE('',(#7121),#7132,.F.);
#7121 = FACE_BOUND('',#7122,.F.);
#7122 = EDGE_LOOP('',(#7123,#7124,#7130,#7131));
#7123 = ORIENTED_EDGE('',*,*,#182,.F.);
#7124 = ORIENTED_EDGE('',*,*,#7125,.T.);
#7125 = EDGE_CURVE('',#183,#4479,#7126,.T.);
#7126 = LINE('',#7127,#7128);
#7127 = CARTESIAN_POINT('',(37.27573673498,-39.65278178666,-0.5));
#7128 = VECTOR('',#7129,1.);
#7129 = DIRECTION('',(0.,0.,1.));
#7130 = ORIENTED_EDGE('',*,*,#4486,.T.);
#7131 = ORIENTED_EDGE('',*,*,#7091,.F.);
#7132 = PLANE('',#7133);
#7133 = AXIS2_PLACEMENT_3D('',#7134,#7135,#7136);
#7134 = CARTESIAN_POINT('',(82.660254037844,-123.17175976,0.));
#7135 = DIRECTION('',(-0.878652013632,-0.477462709476,0.));
#7136 = DIRECTION('',(-0.477462709476,0.878652013632,0.));
#7137 = ADVANCED_FACE('',(#7138),#7149,.T.);
#7138 = FACE_BOUND('',#7139,.T.);
#7139 = EDGE_LOOP('',(#7140,#7141,#7147,#7148));
#7140 = ORIENTED_EDGE('',*,*,#1247,.F.);
#7141 = ORIENTED_EDGE('',*,*,#7142,.T.);
#7142 = EDGE_CURVE('',#1240,#3422,#7143,.T.);
#7143 = LINE('',#7144,#7145);
#7144 = CARTESIAN_POINT('',(41.808311744384,17.08845726812,-1.));
#7145 = VECTOR('',#7146,1.);
#7146 = DIRECTION('',(0.,0.,1.));
#7147 = ORIENTED_EDGE('',*,*,#3421,.F.);
#7148 = ORIENTED_EDGE('',*,*,#7108,.F.);
#7149 = PLANE('',#7150);
#7150 = AXIS2_PLACEMENT_3D('',#7151,#7152,#7153);
#7151 = CARTESIAN_POINT('',(41.808311744384,17.08845726812,-1.));
#7152 = DIRECTION('',(0.5,0.866025403784,0.));
#7153 = DIRECTION('',(0.866025403784,-0.5,0.));
#7154 = ADVANCED_FACE('',(#7155),#7166,.T.);
#7155 = FACE_BOUND('',#7156,.T.);
#7156 = EDGE_LOOP('',(#7157,#7163,#7164,#7165));
#7157 = ORIENTED_EDGE('',*,*,#7158,.F.);
#7158 = EDGE_CURVE('',#191,#4471,#7159,.T.);
#7159 = LINE('',#7160,#7161);
#7160 = CARTESIAN_POINT('',(34.246133917893,-41.40192378864,-1.));
#7161 = VECTOR('',#7162,1.);
#7162 = DIRECTION('',(0.,0.,1.));
#7163 = ORIENTED_EDGE('',*,*,#190,.F.);
#7164 = ORIENTED_EDGE('',*,*,#7125,.T.);
#7165 = ORIENTED_EDGE('',*,*,#4478,.F.);
#7166 = PLANE('',#7167);
#7167 = AXIS2_PLACEMENT_3D('',#7168,#7169,#7170);
#7168 = CARTESIAN_POINT('',(40.308311744384,-37.90192378864,-1.));
#7169 = DIRECTION('',(0.5,-0.866025403784,0.));
#7170 = DIRECTION('',(-0.866025403784,-0.5,0.));
#7171 = ADVANCED_FACE('',(#7172),#7183,.T.);
#7172 = FACE_BOUND('',#7173,.T.);
#7173 = EDGE_LOOP('',(#7174,#7175,#7181,#7182));
#7174 = ORIENTED_EDGE('',*,*,#1239,.F.);
#7175 = ORIENTED_EDGE('',*,*,#7176,.T.);
#7176 = EDGE_CURVE('',#1232,#3430,#7177,.T.);
#7177 = LINE('',#7178,#7179);
#7178 = CARTESIAN_POINT('',(41.808311744384,24.08845726812,-1.));
#7179 = VECTOR('',#7180,1.);
#7180 = DIRECTION('',(0.,0.,1.));
#7181 = ORIENTED_EDGE('',*,*,#3429,.F.);
#7182 = ORIENTED_EDGE('',*,*,#7142,.F.);
#7183 = PLANE('',#7184);
#7184 = AXIS2_PLACEMENT_3D('',#7185,#7186,#7187);
#7185 = CARTESIAN_POINT('',(41.808311744384,24.08845726812,-1.));
#7186 = DIRECTION('',(1.,0.,0.));
#7187 = DIRECTION('',(0.,-1.,0.));
#7188 = ADVANCED_FACE('',(#7189),#7200,.T.);
#7189 = FACE_BOUND('',#7190,.T.);
#7190 = EDGE_LOOP('',(#7191,#7192,#7193,#7194));
#7191 = ORIENTED_EDGE('',*,*,#198,.F.);
#7192 = ORIENTED_EDGE('',*,*,#7158,.T.);
#7193 = ORIENTED_EDGE('',*,*,#4470,.F.);
#7194 = ORIENTED_EDGE('',*,*,#7195,.F.);
#7195 = EDGE_CURVE('',#199,#4463,#7196,.T.);
#7196 = LINE('',#7197,#7198);
#7197 = CARTESIAN_POINT('',(34.246133917893,-48.40192378864,-1.));
#7198 = VECTOR('',#7199,1.);
#7199 = DIRECTION('',(0.,0.,1.));
#7200 = PLANE('',#7201);
#7201 = AXIS2_PLACEMENT_3D('',#7202,#7203,#7204);
#7202 = CARTESIAN_POINT('',(34.246133917893,-41.40192378864,-1.));
#7203 = DIRECTION('',(1.,0.,0.));
#7204 = DIRECTION('',(0.,-1.,0.));
#7205 = ADVANCED_FACE('',(#7206),#7217,.T.);
#7206 = FACE_BOUND('',#7207,.T.);
#7207 = EDGE_LOOP('',(#7208,#7209,#7210,#7216));
#7208 = ORIENTED_EDGE('',*,*,#7176,.F.);
#7209 = ORIENTED_EDGE('',*,*,#1231,.F.);
#7210 = ORIENTED_EDGE('',*,*,#7211,.T.);
#7211 = EDGE_CURVE('',#1224,#3438,#7212,.T.);
#7212 = LINE('',#7213,#7214);
#7213 = CARTESIAN_POINT('',(43.521469970012,25.077549630851,-0.5));
#7214 = VECTOR('',#7215,1.);
#7215 = DIRECTION('',(0.,0.,1.));
#7216 = ORIENTED_EDGE('',*,*,#3437,.F.);
#7217 = PLANE('',#7218);
#7218 = AXIS2_PLACEMENT_3D('',#7219,#7220,#7221);
#7219 = CARTESIAN_POINT('',(47.870489570875,27.58845726812,-1.));
#7220 = DIRECTION('',(0.5,-0.866025403784,0.));
#7221 = DIRECTION('',(-0.866025403784,-0.5,0.));
#7222 = ADVANCED_FACE('',(#7223),#7234,.T.);
#7223 = FACE_BOUND('',#7224,.T.);
#7224 = EDGE_LOOP('',(#7225,#7226,#7227,#7228));
#7225 = ORIENTED_EDGE('',*,*,#206,.F.);
#7226 = ORIENTED_EDGE('',*,*,#7195,.T.);
#7227 = ORIENTED_EDGE('',*,*,#4462,.F.);
#7228 = ORIENTED_EDGE('',*,*,#7229,.F.);
#7229 = EDGE_CURVE('',#207,#4455,#7230,.T.);
#7230 = LINE('',#7231,#7232);
#7231 = CARTESIAN_POINT('',(40.308311744384,-51.90192378864,-1.));
#7232 = VECTOR('',#7233,1.);
#7233 = DIRECTION('',(0.,0.,1.));
#7234 = PLANE('',#7235);
#7235 = AXIS2_PLACEMENT_3D('',#7236,#7237,#7238);
#7236 = CARTESIAN_POINT('',(34.246133917893,-48.40192378864,-1.));
#7237 = DIRECTION('',(0.5,0.866025403784,0.));
#7238 = DIRECTION('',(0.866025403784,-0.5,0.));
#7239 = ADVANCED_FACE('',(#7240),#7251,.F.);
#7240 = FACE_BOUND('',#7241,.F.);
#7241 = EDGE_LOOP('',(#7242,#7243,#7244,#7245));
#7242 = ORIENTED_EDGE('',*,*,#1223,.F.);
#7243 = ORIENTED_EDGE('',*,*,#7211,.T.);
#7244 = ORIENTED_EDGE('',*,*,#3445,.T.);
#7245 = ORIENTED_EDGE('',*,*,#7246,.T.);
#7246 = EDGE_CURVE('',#3446,#1216,#7247,.T.);
#7247 = LINE('',#7248,#7249);
#7248 = CARTESIAN_POINT('',(42.021469970012,27.675625842204,-0.5));
#7249 = VECTOR('',#7250,1.);
#7250 = DIRECTION('',(0.,0.,-1.));
#7251 = PLANE('',#7252);
#7252 = AXIS2_PLACEMENT_3D('',#7253,#7254,#7255);
#7253 = CARTESIAN_POINT('',(58.,0.,0.));
#7254 = DIRECTION('',(-0.866025403784,-0.5,0.));
#7255 = DIRECTION('',(-0.5,0.866025403784,0.));
#7256 = ADVANCED_FACE('',(#7257),#7268,.T.);
#7257 = FACE_BOUND('',#7258,.T.);
#7258 = EDGE_LOOP('',(#7259,#7260,#7261,#7262));
#7259 = ORIENTED_EDGE('',*,*,#214,.F.);
#7260 = ORIENTED_EDGE('',*,*,#7229,.T.);
#7261 = ORIENTED_EDGE('',*,*,#4454,.F.);
#7262 = ORIENTED_EDGE('',*,*,#7263,.T.);
#7263 = EDGE_CURVE('',#4447,#215,#7264,.T.);
#7264 = LINE('',#7265,#7266);
#7265 = CARTESIAN_POINT('',(43.066596732014,-50.30942720853,-0.5));
#7266 = VECTOR('',#7267,1.);
#7267 = DIRECTION('',(0.,0.,-1.));
#7268 = PLANE('',#7269);
#7269 = AXIS2_PLACEMENT_3D('',#7270,#7271,#7272);
#7270 = CARTESIAN_POINT('',(40.308311744384,-51.90192378864,-1.));
#7271 = DIRECTION('',(-0.5,0.866025403784,0.));
#7272 = DIRECTION('',(0.866025403784,0.5,0.));
#7273 = ADVANCED_FACE('',(#7274),#7285,.T.);
#7274 = FACE_BOUND('',#7275,.T.);
#7275 = EDGE_LOOP('',(#7276,#7277,#7283,#7284));
#7276 = ORIENTED_EDGE('',*,*,#1215,.F.);
#7277 = ORIENTED_EDGE('',*,*,#7278,.T.);
#7278 = EDGE_CURVE('',#1208,#3454,#7279,.T.);
#7279 = LINE('',#7280,#7281);
#7280 = CARTESIAN_POINT('',(40.308311744384,26.686533479473,-1.));
#7281 = VECTOR('',#7282,1.);
#7282 = DIRECTION('',(0.,0.,1.));
#7283 = ORIENTED_EDGE('',*,*,#3453,.F.);
#7284 = ORIENTED_EDGE('',*,*,#7246,.T.);
#7285 = PLANE('',#7286);
#7286 = AXIS2_PLACEMENT_3D('',#7287,#7288,#7289);
#7287 = CARTESIAN_POINT('',(40.308311744384,26.686533479473,-1.));
#7288 = DIRECTION('',(-0.5,0.866025403784,0.));
#7289 = DIRECTION('',(0.866025403784,0.5,0.));
#7290 = ADVANCED_FACE('',(#7291),#7302,.F.);
#7291 = FACE_BOUND('',#7292,.F.);
#7292 = EDGE_LOOP('',(#7293,#7294,#7300,#7301));
#7293 = ORIENTED_EDGE('',*,*,#222,.F.);
#7294 = ORIENTED_EDGE('',*,*,#7295,.T.);
#7295 = EDGE_CURVE('',#223,#4439,#7296,.T.);
#7296 = LINE('',#7297,#7298);
#7297 = CARTESIAN_POINT('',(44.499462979782,-52.94626310981,-0.5));
#7298 = VECTOR('',#7299,1.);
#7299 = DIRECTION('',(0.,0.,1.));
#7300 = ORIENTED_EDGE('',*,*,#4446,.T.);
#7301 = ORIENTED_EDGE('',*,*,#7263,.T.);
#7302 = PLANE('',#7303);
#7303 = AXIS2_PLACEMENT_3D('',#7304,#7305,#7306);
#7304 = CARTESIAN_POINT('',(82.660254037844,-123.17175976,0.));
#7305 = DIRECTION('',(-0.878652013632,-0.477462709476,0.));
#7306 = DIRECTION('',(-0.477462709476,0.878652013632,0.));
#7307 = ADVANCED_FACE('',(#7308),#7319,.T.);
#7308 = FACE_BOUND('',#7309,.T.);
#7309 = EDGE_LOOP('',(#7310,#7311,#7317,#7318));
#7310 = ORIENTED_EDGE('',*,*,#1207,.F.);
#7311 = ORIENTED_EDGE('',*,*,#7312,.T.);
#7312 = EDGE_CURVE('',#1200,#3462,#7313,.T.);
#7313 = LINE('',#7314,#7315);
#7314 = CARTESIAN_POINT('',(34.246133917893,30.186533479473,-1.));
#7315 = VECTOR('',#7316,1.);
#7316 = DIRECTION('',(0.,0.,1.));
#7317 = ORIENTED_EDGE('',*,*,#3461,.F.);
#7318 = ORIENTED_EDGE('',*,*,#7278,.F.);
#7319 = PLANE('',#7320);
#7320 = AXIS2_PLACEMENT_3D('',#7321,#7322,#7323);
#7321 = CARTESIAN_POINT('',(34.246133917893,30.186533479473,-1.));
#7322 = DIRECTION('',(0.5,0.866025403784,0.));
#7323 = DIRECTION('',(0.866025403784,-0.5,0.));
#7324 = ADVANCED_FACE('',(#7325),#7336,.T.);
#7325 = FACE_BOUND('',#7326,.T.);
#7326 = EDGE_LOOP('',(#7327,#7333,#7334,#7335));
#7327 = ORIENTED_EDGE('',*,*,#7328,.F.);
#7328 = EDGE_CURVE('',#231,#4431,#7329,.T.);
#7329 = LINE('',#7330,#7331);
#7330 = CARTESIAN_POINT('',(41.808311744384,-54.5,-1.));
#7331 = VECTOR('',#7332,1.);
#7332 = DIRECTION('',(0.,0.,1.));
#7333 = ORIENTED_EDGE('',*,*,#230,.F.);
#7334 = ORIENTED_EDGE('',*,*,#7295,.T.);
#7335 = ORIENTED_EDGE('',*,*,#4438,.F.);
#7336 = PLANE('',#7337);
#7337 = AXIS2_PLACEMENT_3D('',#7338,#7339,#7340);
#7338 = CARTESIAN_POINT('',(47.870489570875,-51.,-1.));
#7339 = DIRECTION('',(0.5,-0.866025403784,0.));
#7340 = DIRECTION('',(-0.866025403784,-0.5,0.));
#7341 = ADVANCED_FACE('',(#7342),#7353,.T.);
#7342 = FACE_BOUND('',#7343,.T.);
#7343 = EDGE_LOOP('',(#7344,#7345,#7351,#7352));
#7344 = ORIENTED_EDGE('',*,*,#1199,.F.);
#7345 = ORIENTED_EDGE('',*,*,#7346,.T.);
#7346 = EDGE_CURVE('',#1192,#3470,#7347,.T.);
#7347 = LINE('',#7348,#7349);
#7348 = CARTESIAN_POINT('',(34.246133917893,37.186533479473,-1.));
#7349 = VECTOR('',#7350,1.);
#7350 = DIRECTION('',(0.,0.,1.));
#7351 = ORIENTED_EDGE('',*,*,#3469,.F.);
#7352 = ORIENTED_EDGE('',*,*,#7312,.F.);
#7353 = PLANE('',#7354);
#7354 = AXIS2_PLACEMENT_3D('',#7355,#7356,#7357);
#7355 = CARTESIAN_POINT('',(34.246133917893,37.186533479473,-1.));
#7356 = DIRECTION('',(1.,0.,0.));
#7357 = DIRECTION('',(0.,-1.,0.));
#7358 = ADVANCED_FACE('',(#7359),#7370,.T.);
#7359 = FACE_BOUND('',#7360,.T.);
#7360 = EDGE_LOOP('',(#7361,#7362,#7363,#7364));
#7361 = ORIENTED_EDGE('',*,*,#238,.F.);
#7362 = ORIENTED_EDGE('',*,*,#7328,.T.);
#7363 = ORIENTED_EDGE('',*,*,#4430,.F.);
#7364 = ORIENTED_EDGE('',*,*,#7365,.F.);
#7365 = EDGE_CURVE('',#239,#4423,#7366,.T.);
#7366 = LINE('',#7367,#7368);
#7367 = CARTESIAN_POINT('',(41.808311744384,-61.5,-1.));
#7368 = VECTOR('',#7369,1.);
#7369 = DIRECTION('',(0.,0.,1.));
#7370 = PLANE('',#7371);
#7371 = AXIS2_PLACEMENT_3D('',#7372,#7373,#7374);
#7372 = CARTESIAN_POINT('',(41.808311744384,-54.5,-1.));
#7373 = DIRECTION('',(1.,0.,0.));
#7374 = DIRECTION('',(0.,-1.,0.));
#7375 = ADVANCED_FACE('',(#7376),#7387,.T.);
#7376 = FACE_BOUND('',#7377,.T.);
#7377 = EDGE_LOOP('',(#7378,#7379,#7380,#7386));
#7378 = ORIENTED_EDGE('',*,*,#7346,.F.);
#7379 = ORIENTED_EDGE('',*,*,#1191,.F.);
#7380 = ORIENTED_EDGE('',*,*,#7381,.T.);
#7381 = EDGE_CURVE('',#1184,#3478,#7382,.T.);
#7382 = LINE('',#7383,#7384);
#7383 = CARTESIAN_POINT('',(36.707912713596,38.607842129858,-0.5));
#7384 = VECTOR('',#7385,1.);
#7385 = DIRECTION('',(0.,0.,1.));
#7386 = ORIENTED_EDGE('',*,*,#3477,.F.);
#7387 = PLANE('',#7388);
#7388 = AXIS2_PLACEMENT_3D('',#7389,#7390,#7391);
#7389 = CARTESIAN_POINT('',(40.308311744384,40.686533479473,-1.));
#7390 = DIRECTION('',(0.5,-0.866025403784,0.));
#7391 = DIRECTION('',(-0.866025403784,-0.5,0.));
#7392 = ADVANCED_FACE('',(#7393),#7404,.T.);
#7393 = FACE_BOUND('',#7394,.T.);
#7394 = EDGE_LOOP('',(#7395,#7396,#7397,#7398));
#7395 = ORIENTED_EDGE('',*,*,#246,.F.);
#7396 = ORIENTED_EDGE('',*,*,#7365,.T.);
#7397 = ORIENTED_EDGE('',*,*,#4422,.F.);
#7398 = ORIENTED_EDGE('',*,*,#7399,.F.);
#7399 = EDGE_CURVE('',#247,#4415,#7400,.T.);
#7400 = LINE('',#7401,#7402);
#7401 = CARTESIAN_POINT('',(47.870489570875,-65.,-1.));
#7402 = VECTOR('',#7403,1.);
#7403 = DIRECTION('',(0.,0.,1.));
#7404 = PLANE('',#7405);
#7405 = AXIS2_PLACEMENT_3D('',#7406,#7407,#7408);
#7406 = CARTESIAN_POINT('',(41.808311744384,-61.5,-1.));
#7407 = DIRECTION('',(0.5,0.866025403784,0.));
#7408 = DIRECTION('',(0.866025403784,-0.5,0.));
#7409 = ADVANCED_FACE('',(#7410),#7421,.F.);
#7410 = FACE_BOUND('',#7411,.F.);
#7411 = EDGE_LOOP('',(#7412,#7413,#7414,#7415));
#7412 = ORIENTED_EDGE('',*,*,#1183,.F.);
#7413 = ORIENTED_EDGE('',*,*,#7381,.T.);
#7414 = ORIENTED_EDGE('',*,*,#3485,.T.);
#7415 = ORIENTED_EDGE('',*,*,#7416,.T.);
#7416 = EDGE_CURVE('',#3486,#1176,#7417,.T.);
#7417 = LINE('',#7418,#7419);
#7418 = CARTESIAN_POINT('',(41.808311744384,47.993864932864,-0.5));
#7419 = VECTOR('',#7420,1.);
#7420 = DIRECTION('',(0.,0.,-1.));
#7421 = PLANE('',#7422);
#7422 = AXIS2_PLACEMENT_3D('',#7423,#7424,#7425);
#7423 = CARTESIAN_POINT('',(27.208330249198,21.126210380724,0.));
#7424 = DIRECTION('',(-0.878652013632,0.477462709476,0.));
#7425 = DIRECTION('',(0.477462709476,0.878652013632,0.));
#7426 = ADVANCED_FACE('',(#7427),#7438,.T.);
#7427 = FACE_BOUND('',#7428,.T.);
#7428 = EDGE_LOOP('',(#7429,#7430,#7431,#7432));
#7429 = ORIENTED_EDGE('',*,*,#254,.F.);
#7430 = ORIENTED_EDGE('',*,*,#7399,.T.);
#7431 = ORIENTED_EDGE('',*,*,#4414,.F.);
#7432 = ORIENTED_EDGE('',*,*,#7433,.T.);
#7433 = EDGE_CURVE('',#4407,#255,#7434,.T.);
#7434 = LINE('',#7435,#7436);
#7435 = CARTESIAN_POINT('',(50.290322976816,-63.60290853168,-0.5));
#7436 = VECTOR('',#7437,1.);
#7437 = DIRECTION('',(0.,0.,-1.));
#7438 = PLANE('',#7439);
#7439 = AXIS2_PLACEMENT_3D('',#7440,#7441,#7442);
#7440 = CARTESIAN_POINT('',(47.870489570875,-65.,-1.));
#7441 = DIRECTION('',(-0.5,0.866025403784,0.));
#7442 = DIRECTION('',(0.866025403784,0.5,0.));
#7443 = ADVANCED_FACE('',(#7444),#7455,.T.);
#7444 = FACE_BOUND('',#7445,.T.);
#7445 = EDGE_LOOP('',(#7446,#7447,#7453,#7454));
#7446 = ORIENTED_EDGE('',*,*,#1175,.F.);
#7447 = ORIENTED_EDGE('',*,*,#7448,.T.);
#7448 = EDGE_CURVE('',#1168,#3494,#7449,.T.);
#7449 = LINE('',#7450,#7451);
#7450 = CARTESIAN_POINT('',(41.808311744384,50.284609690827,-1.));
#7451 = VECTOR('',#7452,1.);
#7452 = DIRECTION('',(0.,0.,1.));
#7453 = ORIENTED_EDGE('',*,*,#3493,.F.);
#7454 = ORIENTED_EDGE('',*,*,#7416,.T.);
#7455 = PLANE('',#7456);
#7456 = AXIS2_PLACEMENT_3D('',#7457,#7458,#7459);
#7457 = CARTESIAN_POINT('',(41.808311744384,50.284609690827,-1.));
#7458 = DIRECTION('',(1.,0.,0.));
#7459 = DIRECTION('',(0.,-1.,0.));
#7460 = ADVANCED_FACE('',(#7461),#7472,.F.);
#7461 = FACE_BOUND('',#7462,.F.);
#7462 = EDGE_LOOP('',(#7463,#7464,#7470,#7471));
#7463 = ORIENTED_EDGE('',*,*,#262,.F.);
#7464 = ORIENTED_EDGE('',*,*,#7465,.T.);
#7465 = EDGE_CURVE('',#263,#4398,#7466,.T.);
#7466 = LINE('',#7467,#7468);
#7467 = CARTESIAN_POINT('',(76.218402637551,-111.317125687,0.));
#7468 = VECTOR('',#7469,1.);
#7469 = DIRECTION('',(0.,0.,1.));
#7470 = ORIENTED_EDGE('',*,*,#4406,.T.);
#7471 = ORIENTED_EDGE('',*,*,#7433,.T.);
#7472 = PLANE('',#7473);
#7473 = AXIS2_PLACEMENT_3D('',#7474,#7475,#7476);
#7474 = CARTESIAN_POINT('',(82.660254037844,-123.17175976,0.));
#7475 = DIRECTION('',(-0.878652013632,-0.477462709476,0.));
#7476 = DIRECTION('',(-0.477462709476,0.878652013632,0.));
#7477 = ADVANCED_FACE('',(#7478),#7489,.T.);
#7478 = FACE_BOUND('',#7479,.T.);
#7479 = EDGE_LOOP('',(#7480,#7481,#7482,#7488));
#7480 = ORIENTED_EDGE('',*,*,#7448,.F.);
#7481 = ORIENTED_EDGE('',*,*,#1167,.F.);
#7482 = ORIENTED_EDGE('',*,*,#7483,.T.);
#7483 = EDGE_CURVE('',#1160,#3502,#7484,.T.);
#7484 = LINE('',#7485,#7486);
#7485 = CARTESIAN_POINT('',(43.622184933038,51.331849864572,-0.5));
#7486 = VECTOR('',#7487,1.);
#7487 = DIRECTION('',(0.,0.,1.));
#7488 = ORIENTED_EDGE('',*,*,#3501,.F.);
#7489 = PLANE('',#7490);
#7490 = AXIS2_PLACEMENT_3D('',#7491,#7492,#7493);
#7491 = CARTESIAN_POINT('',(47.870489570875,53.784609690827,-1.));
#7492 = DIRECTION('',(0.5,-0.866025403784,0.));
#7493 = DIRECTION('',(-0.866025403784,-0.5,0.));
#7494 = ADVANCED_FACE('',(#7495),#7508,.T.);
#7495 = FACE_BOUND('',#7496,.T.);
#7496 = EDGE_LOOP('',(#7497,#7498,#7504,#7505,#7506,#7507));
#7497 = ORIENTED_EDGE('',*,*,#4388,.F.);
#7498 = ORIENTED_EDGE('',*,*,#7499,.F.);
#7499 = EDGE_CURVE('',#280,#4381,#7500,.T.);
#7500 = LINE('',#7501,#7502);
#7501 = CARTESIAN_POINT('',(58.294257402439,-121.6656357634,0.));
#7502 = VECTOR('',#7503,1.);
#7503 = DIRECTION('',(0.,0.,1.));
#7504 = ORIENTED_EDGE('',*,*,#279,.T.);
#7505 = ORIENTED_EDGE('',*,*,#270,.T.);
#7506 = ORIENTED_EDGE('',*,*,#7465,.T.);
#7507 = ORIENTED_EDGE('',*,*,#4397,.F.);
#7508 = CYLINDRICAL_SURFACE('',#7509,17.);
#7509 = AXIS2_PLACEMENT_3D('',#7510,#7511,#7512);
#7510 = CARTESIAN_POINT('',(74.,-128.17175976,0.));
#7511 = DIRECTION('',(0.,0.,1.));
#7512 = DIRECTION('',(1.,0.,0.));
#7513 = ADVANCED_FACE('',(#7514),#7525,.F.);
#7514 = FACE_BOUND('',#7515,.F.);
#7515 = EDGE_LOOP('',(#7516,#7517,#7518,#7519));
#7516 = ORIENTED_EDGE('',*,*,#1159,.F.);
#7517 = ORIENTED_EDGE('',*,*,#7483,.T.);
#7518 = ORIENTED_EDGE('',*,*,#3509,.T.);
#7519 = ORIENTED_EDGE('',*,*,#7520,.F.);
#7520 = EDGE_CURVE('',#1151,#3510,#7521,.T.);
#7521 = LINE('',#7522,#7523);
#7522 = CARTESIAN_POINT('',(76.218402637551,111.317125687,0.));
#7523 = VECTOR('',#7524,1.);
#7524 = DIRECTION('',(0.,0.,1.));
#7525 = PLANE('',#7526);
#7526 = AXIS2_PLACEMENT_3D('',#7527,#7528,#7529);
#7527 = CARTESIAN_POINT('',(27.208330249198,21.126210380724,0.));
#7528 = DIRECTION('',(-0.878652013632,0.477462709476,0.));
#7529 = DIRECTION('',(0.477462709476,0.878652013632,0.));
#7530 = ADVANCED_FACE('',(#7531),#7544,.T.);
#7531 = FACE_BOUND('',#7532,.T.);
#7532 = EDGE_LOOP('',(#7533,#7534,#7535,#7536,#7537,#7543));
#7533 = ORIENTED_EDGE('',*,*,#3517,.F.);
#7534 = ORIENTED_EDGE('',*,*,#7520,.F.);
#7535 = ORIENTED_EDGE('',*,*,#1150,.T.);
#7536 = ORIENTED_EDGE('',*,*,#1141,.T.);
#7537 = ORIENTED_EDGE('',*,*,#7538,.T.);
#7538 = EDGE_CURVE('',#1134,#3527,#7539,.T.);
#7539 = LINE('',#7540,#7541);
#7540 = CARTESIAN_POINT('',(58.294257402439,121.66563576349,0.));
#7541 = VECTOR('',#7542,1.);
#7542 = DIRECTION('',(0.,0.,1.));
#7543 = ORIENTED_EDGE('',*,*,#3526,.F.);
#7544 = CYLINDRICAL_SURFACE('',#7545,17.);
#7545 = AXIS2_PLACEMENT_3D('',#7546,#7547,#7548);
#7546 = CARTESIAN_POINT('',(74.,128.17175976009,0.));
#7547 = DIRECTION('',(0.,0.,1.));
#7548 = DIRECTION('',(1.,0.,0.));
#7549 = ADVANCED_FACE('',(#7550),#7561,.F.);
#7550 = FACE_BOUND('',#7551,.F.);
#7551 = EDGE_LOOP('',(#7552,#7553,#7559,#7560));
#7552 = ORIENTED_EDGE('',*,*,#288,.F.);
#7553 = ORIENTED_EDGE('',*,*,#7554,.T.);
#7554 = EDGE_CURVE('',#289,#4373,#7555,.T.);
#7555 = LINE('',#7556,#7557);
#7556 = CARTESIAN_POINT('',(22.03594364643,-62.45148042873,-0.5));
#7557 = VECTOR('',#7558,1.);
#7558 = DIRECTION('',(0.,0.,1.));
#7559 = ORIENTED_EDGE('',*,*,#4380,.T.);
#7560 = ORIENTED_EDGE('',*,*,#7499,.F.);
#7561 = PLANE('',#7562);
#7562 = AXIS2_PLACEMENT_3D('',#7563,#7564,#7565);
#7563 = CARTESIAN_POINT('',(4.691669750802,-34.12621038072,0.));
#7564 = DIRECTION('',(0.852820842582,0.522203610154,0.));
#7565 = DIRECTION('',(0.522203610154,-0.852820842582,0.));
#7566 = ADVANCED_FACE('',(#7567),#7578,.T.);
#7567 = FACE_BOUND('',#7568,.T.);
#7568 = EDGE_LOOP('',(#7569,#7575,#7576,#7577));
#7569 = ORIENTED_EDGE('',*,*,#7570,.F.);
#7570 = EDGE_CURVE('',#297,#4365,#7571,.T.);
#7571 = LINE('',#7572,#7573);
#7572 = CARTESIAN_POINT('',(23.683956091402,-61.5,-1.));
#7573 = VECTOR('',#7574,1.);
#7574 = DIRECTION('',(0.,0.,1.));
#7575 = ORIENTED_EDGE('',*,*,#296,.F.);
#7576 = ORIENTED_EDGE('',*,*,#7554,.T.);
#7577 = ORIENTED_EDGE('',*,*,#4372,.F.);
#7578 = PLANE('',#7579);
#7579 = AXIS2_PLACEMENT_3D('',#7580,#7581,#7582);
#7580 = CARTESIAN_POINT('',(17.621778264911,-65.,-1.));
#7581 = DIRECTION('',(-0.5,0.866025403784,0.));
#7582 = DIRECTION('',(0.866025403784,0.5,0.));
#7583 = ADVANCED_FACE('',(#7584),#7595,.F.);
#7584 = FACE_BOUND('',#7585,.F.);
#7585 = EDGE_LOOP('',(#7586,#7587,#7588,#7589));
#7586 = ORIENTED_EDGE('',*,*,#1133,.F.);
#7587 = ORIENTED_EDGE('',*,*,#7538,.T.);
#7588 = ORIENTED_EDGE('',*,*,#3535,.T.);
#7589 = ORIENTED_EDGE('',*,*,#7590,.T.);
#7590 = EDGE_CURVE('',#3536,#1126,#7591,.T.);
#7591 = LINE('',#7592,#7593);
#7592 = CARTESIAN_POINT('',(16.240783481699,52.98729198099,-0.5));
#7593 = VECTOR('',#7594,1.);
#7594 = DIRECTION('',(0.,0.,-1.));
#7595 = PLANE('',#7596);
#7596 = AXIS2_PLACEMENT_3D('',#7597,#7598,#7599);
#7597 = CARTESIAN_POINT('',(65.339745962156,133.17175976009,0.));
#7598 = DIRECTION('',(0.852820842582,-0.522203610154,0.));
#7599 = DIRECTION('',(-0.522203610154,-0.852820842582,0.));
#7600 = ADVANCED_FACE('',(#7601),#7612,.T.);
#7601 = FACE_BOUND('',#7602,.T.);
#7602 = EDGE_LOOP('',(#7603,#7604,#7605,#7606));
#7603 = ORIENTED_EDGE('',*,*,#304,.F.);
#7604 = ORIENTED_EDGE('',*,*,#7570,.T.);
#7605 = ORIENTED_EDGE('',*,*,#4364,.F.);
#7606 = ORIENTED_EDGE('',*,*,#7607,.F.);
#7607 = EDGE_CURVE('',#305,#4357,#7608,.T.);
#7608 = LINE('',#7609,#7610);
#7609 = CARTESIAN_POINT('',(23.683956091402,-54.5,-1.));
#7610 = VECTOR('',#7611,1.);
#7611 = DIRECTION('',(0.,0.,1.));
#7612 = PLANE('',#7613);
#7613 = AXIS2_PLACEMENT_3D('',#7614,#7615,#7616);
#7614 = CARTESIAN_POINT('',(23.683956091402,-61.5,-1.));
#7615 = DIRECTION('',(-1.,0.,0.));
#7616 = DIRECTION('',(0.,1.,0.));
#7617 = ADVANCED_FACE('',(#7618),#7629,.T.);
#7618 = FACE_BOUND('',#7619,.T.);
#7619 = EDGE_LOOP('',(#7620,#7621,#7627,#7628));
#7620 = ORIENTED_EDGE('',*,*,#1125,.F.);
#7621 = ORIENTED_EDGE('',*,*,#7622,.T.);
#7622 = EDGE_CURVE('',#1118,#3544,#7623,.T.);
#7623 = LINE('',#7624,#7625);
#7624 = CARTESIAN_POINT('',(17.621778264911,53.784609690827,-1.));
#7625 = VECTOR('',#7626,1.);
#7626 = DIRECTION('',(0.,0.,1.));
#7627 = ORIENTED_EDGE('',*,*,#3543,.F.);
#7628 = ORIENTED_EDGE('',*,*,#7590,.T.);
#7629 = PLANE('',#7630);
#7630 = AXIS2_PLACEMENT_3D('',#7631,#7632,#7633);
#7631 = CARTESIAN_POINT('',(17.621778264911,53.784609690827,-1.));
#7632 = DIRECTION('',(0.5,-0.866025403784,0.));
#7633 = DIRECTION('',(-0.866025403784,-0.5,0.));
#7634 = ADVANCED_FACE('',(#7635),#7646,.T.);
#7635 = FACE_BOUND('',#7636,.T.);
#7636 = EDGE_LOOP('',(#7637,#7638,#7639,#7640));
#7637 = ORIENTED_EDGE('',*,*,#312,.F.);
#7638 = ORIENTED_EDGE('',*,*,#7607,.T.);
#7639 = ORIENTED_EDGE('',*,*,#4356,.F.);
#7640 = ORIENTED_EDGE('',*,*,#7641,.F.);
#7641 = EDGE_CURVE('',#313,#4349,#7642,.T.);
#7642 = LINE('',#7643,#7644);
#7643 = CARTESIAN_POINT('',(17.621778264911,-51.,-1.));
#7644 = VECTOR('',#7645,1.);
#7645 = DIRECTION('',(0.,0.,1.));
#7646 = PLANE('',#7647);
#7647 = AXIS2_PLACEMENT_3D('',#7648,#7649,#7650);
#7648 = CARTESIAN_POINT('',(23.683956091402,-54.5,-1.));
#7649 = DIRECTION('',(-0.5,-0.866025403784,0.));
#7650 = DIRECTION('',(-0.866025403784,0.5,0.));
#7651 = ADVANCED_FACE('',(#7652),#7663,.T.);
#7652 = FACE_BOUND('',#7653,.T.);
#7653 = EDGE_LOOP('',(#7654,#7655,#7661,#7662));
#7654 = ORIENTED_EDGE('',*,*,#1117,.F.);
#7655 = ORIENTED_EDGE('',*,*,#7656,.T.);
#7656 = EDGE_CURVE('',#1110,#3552,#7657,.T.);
#7657 = LINE('',#7658,#7659);
#7658 = CARTESIAN_POINT('',(23.683956091402,50.284609690827,-1.));
#7659 = VECTOR('',#7660,1.);
#7660 = DIRECTION('',(0.,0.,1.));
#7661 = ORIENTED_EDGE('',*,*,#3551,.F.);
#7662 = ORIENTED_EDGE('',*,*,#7622,.F.);
#7663 = PLANE('',#7664);
#7664 = AXIS2_PLACEMENT_3D('',#7665,#7666,#7667);
#7665 = CARTESIAN_POINT('',(23.683956091402,50.284609690827,-1.));
#7666 = DIRECTION('',(-0.5,-0.866025403784,0.));
#7667 = DIRECTION('',(-0.866025403784,0.5,0.));
#7668 = ADVANCED_FACE('',(#7669),#7680,.T.);
#7669 = FACE_BOUND('',#7670,.T.);
#7670 = EDGE_LOOP('',(#7671,#7672,#7673,#7674));
#7671 = ORIENTED_EDGE('',*,*,#320,.F.);
#7672 = ORIENTED_EDGE('',*,*,#7641,.T.);
#7673 = ORIENTED_EDGE('',*,*,#4348,.F.);
#7674 = ORIENTED_EDGE('',*,*,#7675,.T.);
#7675 = EDGE_CURVE('',#4341,#321,#7676,.T.);
#7676 = LINE('',#7677,#7678);
#7677 = CARTESIAN_POINT('',(15.702447990482,-52.1081258506,-0.5));
#7678 = VECTOR('',#7679,1.);
#7679 = DIRECTION('',(0.,0.,-1.));
#7680 = PLANE('',#7681);
#7681 = AXIS2_PLACEMENT_3D('',#7682,#7683,#7684);
#7682 = CARTESIAN_POINT('',(17.621778264911,-51.,-1.));
#7683 = DIRECTION('',(0.5,-0.866025403784,0.));
#7684 = DIRECTION('',(-0.866025403784,-0.5,0.));
#7685 = ADVANCED_FACE('',(#7686),#7697,.T.);
#7686 = FACE_BOUND('',#7687,.T.);
#7687 = EDGE_LOOP('',(#7688,#7689,#7695,#7696));
#7688 = ORIENTED_EDGE('',*,*,#1109,.F.);
#7689 = ORIENTED_EDGE('',*,*,#7690,.T.);
#7690 = EDGE_CURVE('',#1102,#3560,#7691,.T.);
#7691 = LINE('',#7692,#7693);
#7692 = CARTESIAN_POINT('',(23.683956091402,43.284609690827,-1.));
#7693 = VECTOR('',#7694,1.);
#7694 = DIRECTION('',(0.,0.,1.));
#7695 = ORIENTED_EDGE('',*,*,#3559,.F.);
#7696 = ORIENTED_EDGE('',*,*,#7656,.F.);
#7697 = PLANE('',#7698);
#7698 = AXIS2_PLACEMENT_3D('',#7699,#7700,#7701);
#7699 = CARTESIAN_POINT('',(23.683956091402,43.284609690827,-1.));
#7700 = DIRECTION('',(-1.,0.,0.));
#7701 = DIRECTION('',(0.,1.,0.));
#7702 = ADVANCED_FACE('',(#7703),#7714,.F.);
#7703 = FACE_BOUND('',#7704,.F.);
#7704 = EDGE_LOOP('',(#7705,#7706,#7712,#7713));
#7705 = ORIENTED_EDGE('',*,*,#328,.F.);
#7706 = ORIENTED_EDGE('',*,*,#7707,.F.);
#7707 = EDGE_CURVE('',#4333,#329,#7708,.T.);
#7708 = LINE('',#7709,#7710);
#7709 = CARTESIAN_POINT('',(14.552101947369,-50.22947341949,0.));
#7710 = VECTOR('',#7711,1.);
#7711 = DIRECTION('',(0.,0.,-1.));
#7712 = ORIENTED_EDGE('',*,*,#4340,.T.);
#7713 = ORIENTED_EDGE('',*,*,#7675,.T.);
#7714 = PLANE('',#7715);
#7715 = AXIS2_PLACEMENT_3D('',#7716,#7717,#7718);
#7716 = CARTESIAN_POINT('',(4.691669750802,-34.12621038072,0.));
#7717 = DIRECTION('',(0.852820842582,0.522203610154,0.));
#7718 = DIRECTION('',(0.522203610154,-0.852820842582,0.));
#7719 = ADVANCED_FACE('',(#7720),#7731,.T.);
#7720 = FACE_BOUND('',#7721,.T.);
#7721 = EDGE_LOOP('',(#7722,#7723,#7729,#7730));
#7722 = ORIENTED_EDGE('',*,*,#1101,.F.);
#7723 = ORIENTED_EDGE('',*,*,#7724,.T.);
#7724 = EDGE_CURVE('',#1094,#3568,#7725,.T.);
#7725 = LINE('',#7726,#7727);
#7726 = CARTESIAN_POINT('',(17.621778264911,39.784609690827,-1.));
#7727 = VECTOR('',#7728,1.);
#7728 = DIRECTION('',(0.,0.,1.));
#7729 = ORIENTED_EDGE('',*,*,#3567,.F.);
#7730 = ORIENTED_EDGE('',*,*,#7690,.F.);
#7731 = PLANE('',#7732);
#7732 = AXIS2_PLACEMENT_3D('',#7733,#7734,#7735);
#7733 = CARTESIAN_POINT('',(17.621778264911,39.784609690827,-1.));
#7734 = DIRECTION('',(-0.5,0.866025403784,0.));
#7735 = DIRECTION('',(0.866025403784,0.5,0.));
#7736 = ADVANCED_FACE('',(#7737),#7748,.F.);
#7737 = FACE_BOUND('',#7738,.F.);
#7738 = EDGE_LOOP('',(#7739,#7740,#7746,#7747));
#7739 = ORIENTED_EDGE('',*,*,#336,.F.);
#7740 = ORIENTED_EDGE('',*,*,#7741,.T.);
#7741 = EDGE_CURVE('',#337,#4325,#7742,.T.);
#7742 = LINE('',#7743,#7744);
#7743 = CARTESIAN_POINT('',(12.956369450923,-50.22947341949,-0.5));
#7744 = VECTOR('',#7745,1.);
#7745 = DIRECTION('',(0.,0.,1.));
#7746 = ORIENTED_EDGE('',*,*,#4332,.T.);
#7747 = ORIENTED_EDGE('',*,*,#7707,.T.);
#7748 = PLANE('',#7749);
#7749 = AXIS2_PLACEMENT_3D('',#7750,#7751,#7752);
#7750 = CARTESIAN_POINT('',(-29.,-50.22947341949,0.));
#7751 = DIRECTION('',(2.45014736469E-16,1.,0.));
#7752 = DIRECTION('',(1.,-2.45014736469E-16,0.));
#7753 = ADVANCED_FACE('',(#7754),#7765,.T.);
#7754 = FACE_BOUND('',#7755,.T.);
#7755 = EDGE_LOOP('',(#7756,#7757,#7763,#7764));
#7756 = ORIENTED_EDGE('',*,*,#1093,.F.);
#7757 = ORIENTED_EDGE('',*,*,#7758,.T.);
#7758 = EDGE_CURVE('',#1086,#3576,#7759,.T.);
#7759 = LINE('',#7760,#7761);
#7760 = CARTESIAN_POINT('',(11.55960043842,43.284609690827,-1.));
#7761 = VECTOR('',#7762,1.);
#7762 = DIRECTION('',(0.,0.,1.));
#7763 = ORIENTED_EDGE('',*,*,#3575,.F.);
#7764 = ORIENTED_EDGE('',*,*,#7724,.F.);
#7765 = PLANE('',#7766);
#7766 = AXIS2_PLACEMENT_3D('',#7767,#7768,#7769);
#7767 = CARTESIAN_POINT('',(11.55960043842,43.284609690827,-1.));
#7768 = DIRECTION('',(0.5,0.866025403784,0.));
#7769 = DIRECTION('',(0.866025403784,-0.5,0.));
#7770 = ADVANCED_FACE('',(#7771),#7782,.T.);
#7771 = FACE_BOUND('',#7772,.T.);
#7772 = EDGE_LOOP('',(#7773,#7779,#7780,#7781));
#7773 = ORIENTED_EDGE('',*,*,#7774,.F.);
#7774 = EDGE_CURVE('',#345,#4317,#7775,.T.);
#7775 = LINE('',#7776,#7777);
#7776 = CARTESIAN_POINT('',(16.121778264911,-48.40192378864,-1.));
#7777 = VECTOR('',#7778,1.);
#7778 = DIRECTION('',(0.,0.,1.));
#7779 = ORIENTED_EDGE('',*,*,#344,.F.);
#7780 = ORIENTED_EDGE('',*,*,#7741,.T.);
#7781 = ORIENTED_EDGE('',*,*,#4324,.F.);
#7782 = PLANE('',#7783);
#7783 = AXIS2_PLACEMENT_3D('',#7784,#7785,#7786);
#7784 = CARTESIAN_POINT('',(10.05960043842,-51.90192378864,-1.));
#7785 = DIRECTION('',(-0.5,0.866025403784,0.));
#7786 = DIRECTION('',(0.866025403784,0.5,0.));
#7787 = ADVANCED_FACE('',(#7788),#7799,.T.);
#7788 = FACE_BOUND('',#7789,.T.);
#7789 = EDGE_LOOP('',(#7790,#7791,#7792,#7798));
#7790 = ORIENTED_EDGE('',*,*,#7758,.F.);
#7791 = ORIENTED_EDGE('',*,*,#1085,.F.);
#7792 = ORIENTED_EDGE('',*,*,#7793,.T.);
#7793 = EDGE_CURVE('',#1078,#3584,#7794,.T.);
#7794 = LINE('',#7795,#7796);
#7795 = CARTESIAN_POINT('',(11.55960043842,50.229473419497,-0.5));
#7796 = VECTOR('',#7797,1.);
#7797 = DIRECTION('',(0.,0.,1.));
#7798 = ORIENTED_EDGE('',*,*,#3583,.F.);
#7799 = PLANE('',#7800);
#7800 = AXIS2_PLACEMENT_3D('',#7801,#7802,#7803);
#7801 = CARTESIAN_POINT('',(11.55960043842,50.284609690827,-1.));
#7802 = DIRECTION('',(1.,2.537652627715E-16,0.));
#7803 = DIRECTION('',(2.537652627715E-16,-1.,0.));
#7804 = ADVANCED_FACE('',(#7805),#7816,.T.);
#7805 = FACE_BOUND('',#7806,.T.);
#7806 = EDGE_LOOP('',(#7807,#7808,#7809,#7810));
#7807 = ORIENTED_EDGE('',*,*,#352,.F.);
#7808 = ORIENTED_EDGE('',*,*,#7774,.T.);
#7809 = ORIENTED_EDGE('',*,*,#4316,.F.);
#7810 = ORIENTED_EDGE('',*,*,#7811,.F.);
#7811 = EDGE_CURVE('',#353,#4309,#7812,.T.);
#7812 = LINE('',#7813,#7814);
#7813 = CARTESIAN_POINT('',(16.121778264911,-41.40192378864,-1.));
#7814 = VECTOR('',#7815,1.);
#7815 = DIRECTION('',(0.,0.,1.));
#7816 = PLANE('',#7817);
#7817 = AXIS2_PLACEMENT_3D('',#7818,#7819,#7820);
#7818 = CARTESIAN_POINT('',(16.121778264911,-48.40192378864,-1.));
#7819 = DIRECTION('',(-1.,0.,0.));
#7820 = DIRECTION('',(0.,1.,0.));
#7821 = ADVANCED_FACE('',(#7822),#7833,.F.);
#7822 = FACE_BOUND('',#7823,.F.);
#7823 = EDGE_LOOP('',(#7824,#7825,#7826,#7827));
#7824 = ORIENTED_EDGE('',*,*,#1077,.F.);
#7825 = ORIENTED_EDGE('',*,*,#7793,.T.);
#7826 = ORIENTED_EDGE('',*,*,#3591,.T.);
#7827 = ORIENTED_EDGE('',*,*,#7828,.T.);
#7828 = EDGE_CURVE('',#3592,#1070,#7829,.T.);
#7829 = LINE('',#7830,#7831);
#7830 = CARTESIAN_POINT('',(8.55960043842,50.229473419497,-0.5));
#7831 = VECTOR('',#7832,1.);
#7832 = DIRECTION('',(0.,0.,-1.));
#7833 = PLANE('',#7834);
#7834 = AXIS2_PLACEMENT_3D('',#7835,#7836,#7837);
#7835 = CARTESIAN_POINT('',(29.,50.229473419497,0.));
#7836 = DIRECTION('',(-1.225073682345E-16,-1.,0.));
#7837 = DIRECTION('',(-1.,1.225073682345E-16,0.));
#7838 = ADVANCED_FACE('',(#7839),#7850,.T.);
#7839 = FACE_BOUND('',#7840,.T.);
#7840 = EDGE_LOOP('',(#7841,#7842,#7843,#7844));
#7841 = ORIENTED_EDGE('',*,*,#360,.F.);
#7842 = ORIENTED_EDGE('',*,*,#7811,.T.);
#7843 = ORIENTED_EDGE('',*,*,#4308,.F.);
#7844 = ORIENTED_EDGE('',*,*,#7845,.F.);
#7845 = EDGE_CURVE('',#361,#4301,#7846,.T.);
#7846 = LINE('',#7847,#7848);
#7847 = CARTESIAN_POINT('',(10.05960043842,-37.90192378864,-1.));
#7848 = VECTOR('',#7849,1.);
#7849 = DIRECTION('',(0.,0.,1.));
#7850 = PLANE('',#7851);
#7851 = AXIS2_PLACEMENT_3D('',#7852,#7853,#7854);
#7852 = CARTESIAN_POINT('',(16.121778264911,-41.40192378864,-1.));
#7853 = DIRECTION('',(-0.5,-0.866025403784,0.));
#7854 = DIRECTION('',(-0.866025403784,0.5,0.));
#7855 = ADVANCED_FACE('',(#7856),#7867,.T.);
#7856 = FACE_BOUND('',#7857,.T.);
#7857 = EDGE_LOOP('',(#7858,#7859,#7865,#7866));
#7858 = ORIENTED_EDGE('',*,*,#1069,.F.);
#7859 = ORIENTED_EDGE('',*,*,#7860,.T.);
#7860 = EDGE_CURVE('',#1062,#3600,#7861,.T.);
#7861 = LINE('',#7862,#7863);
#7862 = CARTESIAN_POINT('',(8.55960043842,43.284609690827,-1.));
#7863 = VECTOR('',#7864,1.);
#7864 = DIRECTION('',(0.,0.,1.));
#7865 = ORIENTED_EDGE('',*,*,#3599,.F.);
#7866 = ORIENTED_EDGE('',*,*,#7828,.T.);
#7867 = PLANE('',#7868);
#7868 = AXIS2_PLACEMENT_3D('',#7869,#7870,#7871);
#7869 = CARTESIAN_POINT('',(8.55960043842,43.284609690827,-1.));
#7870 = DIRECTION('',(-1.,0.,0.));
#7871 = DIRECTION('',(0.,1.,0.));
#7872 = ADVANCED_FACE('',(#7873),#7884,.T.);
#7873 = FACE_BOUND('',#7874,.T.);
#7874 = EDGE_LOOP('',(#7875,#7876,#7877,#7878));
#7875 = ORIENTED_EDGE('',*,*,#368,.F.);
#7876 = ORIENTED_EDGE('',*,*,#7845,.T.);
#7877 = ORIENTED_EDGE('',*,*,#4300,.F.);
#7878 = ORIENTED_EDGE('',*,*,#7879,.F.);
#7879 = EDGE_CURVE('',#369,#4293,#7880,.T.);
#7880 = LINE('',#7881,#7882);
#7881 = CARTESIAN_POINT('',(3.997422611929,-41.40192378864,-1.));
#7882 = VECTOR('',#7883,1.);
#7883 = DIRECTION('',(0.,0.,1.));
#7884 = PLANE('',#7885);
#7885 = AXIS2_PLACEMENT_3D('',#7886,#7887,#7888);
#7886 = CARTESIAN_POINT('',(10.05960043842,-37.90192378864,-1.));
#7887 = DIRECTION('',(0.5,-0.866025403784,0.));
#7888 = DIRECTION('',(-0.866025403784,-0.5,0.));
#7889 = ADVANCED_FACE('',(#7890),#7901,.T.);
#7890 = FACE_BOUND('',#7891,.T.);
#7891 = EDGE_LOOP('',(#7892,#7893,#7899,#7900));
#7892 = ORIENTED_EDGE('',*,*,#1061,.F.);
#7893 = ORIENTED_EDGE('',*,*,#7894,.T.);
#7894 = EDGE_CURVE('',#1054,#3608,#7895,.T.);
#7895 = LINE('',#7896,#7897);
#7896 = CARTESIAN_POINT('',(2.497422611929,39.784609690827,-1.));
#7897 = VECTOR('',#7898,1.);
#7898 = DIRECTION('',(0.,0.,1.));
#7899 = ORIENTED_EDGE('',*,*,#3607,.F.);
#7900 = ORIENTED_EDGE('',*,*,#7860,.F.);
#7901 = PLANE('',#7902);
#7902 = AXIS2_PLACEMENT_3D('',#7903,#7904,#7905);
#7903 = CARTESIAN_POINT('',(2.497422611929,39.784609690827,-1.));
#7904 = DIRECTION('',(-0.5,0.866025403784,0.));
#7905 = DIRECTION('',(0.866025403784,0.5,0.));
#7906 = ADVANCED_FACE('',(#7907),#7918,.T.);
#7907 = FACE_BOUND('',#7908,.T.);
#7908 = EDGE_LOOP('',(#7909,#7910,#7911,#7912));
#7909 = ORIENTED_EDGE('',*,*,#376,.F.);
#7910 = ORIENTED_EDGE('',*,*,#7879,.T.);
#7911 = ORIENTED_EDGE('',*,*,#4292,.F.);
#7912 = ORIENTED_EDGE('',*,*,#7913,.F.);
#7913 = EDGE_CURVE('',#377,#4285,#7914,.T.);
#7914 = LINE('',#7915,#7916);
#7915 = CARTESIAN_POINT('',(3.997422611929,-48.40192378864,-1.));
#7916 = VECTOR('',#7917,1.);
#7917 = DIRECTION('',(0.,0.,1.));
#7918 = PLANE('',#7919);
#7919 = AXIS2_PLACEMENT_3D('',#7920,#7921,#7922);
#7920 = CARTESIAN_POINT('',(3.997422611929,-41.40192378864,-1.));
#7921 = DIRECTION('',(1.,1.268826313857E-16,0.));
#7922 = DIRECTION('',(1.268826313857E-16,-1.,0.));
#7923 = ADVANCED_FACE('',(#7924),#7935,.T.);
#7924 = FACE_BOUND('',#7925,.T.);
#7925 = EDGE_LOOP('',(#7926,#7927,#7933,#7934));
#7926 = ORIENTED_EDGE('',*,*,#1053,.F.);
#7927 = ORIENTED_EDGE('',*,*,#7928,.T.);
#7928 = EDGE_CURVE('',#1046,#3616,#7929,.T.);
#7929 = LINE('',#7930,#7931);
#7930 = CARTESIAN_POINT('',(-3.564755214563,43.284609690827,-1.));
#7931 = VECTOR('',#7932,1.);
#7932 = DIRECTION('',(0.,0.,1.));
#7933 = ORIENTED_EDGE('',*,*,#3615,.F.);
#7934 = ORIENTED_EDGE('',*,*,#7894,.F.);
#7935 = PLANE('',#7936);
#7936 = AXIS2_PLACEMENT_3D('',#7937,#7938,#7939);
#7937 = CARTESIAN_POINT('',(-3.564755214563,43.284609690827,-1.));
#7938 = DIRECTION('',(0.5,0.866025403784,0.));
#7939 = DIRECTION('',(0.866025403784,-0.5,0.));
#7940 = ADVANCED_FACE('',(#7941),#7952,.T.);
#7941 = FACE_BOUND('',#7942,.T.);
#7942 = EDGE_LOOP('',(#7943,#7944,#7945,#7946));
#7943 = ORIENTED_EDGE('',*,*,#384,.F.);
#7944 = ORIENTED_EDGE('',*,*,#7913,.T.);
#7945 = ORIENTED_EDGE('',*,*,#4284,.F.);
#7946 = ORIENTED_EDGE('',*,*,#7947,.T.);
#7947 = EDGE_CURVE('',#4277,#385,#7948,.T.);
#7948 = LINE('',#7949,#7950);
#7949 = CARTESIAN_POINT('',(7.162831425916,-50.22947341949,-0.5));
#7950 = VECTOR('',#7951,1.);
#7951 = DIRECTION('',(0.,0.,-1.));
#7952 = PLANE('',#7953);
#7953 = AXIS2_PLACEMENT_3D('',#7954,#7955,#7956);
#7954 = CARTESIAN_POINT('',(3.997422611929,-48.40192378864,-1.));
#7955 = DIRECTION('',(0.5,0.866025403784,0.));
#7956 = DIRECTION('',(0.866025403784,-0.5,0.));
#7957 = ADVANCED_FACE('',(#7958),#7969,.T.);
#7958 = FACE_BOUND('',#7959,.T.);
#7959 = EDGE_LOOP('',(#7960,#7961,#7962,#7968));
#7960 = ORIENTED_EDGE('',*,*,#7928,.F.);
#7961 = ORIENTED_EDGE('',*,*,#1045,.F.);
#7962 = ORIENTED_EDGE('',*,*,#7963,.T.);
#7963 = EDGE_CURVE('',#1038,#3624,#7964,.T.);
#7964 = LINE('',#7965,#7966);
#7965 = CARTESIAN_POINT('',(-3.564755214563,50.229473419497,-0.5));
#7966 = VECTOR('',#7967,1.);
#7967 = DIRECTION('',(0.,0.,1.));
#7968 = ORIENTED_EDGE('',*,*,#3623,.F.);
#7969 = PLANE('',#7970);
#7970 = AXIS2_PLACEMENT_3D('',#7971,#7972,#7973);
#7971 = CARTESIAN_POINT('',(-3.564755214563,50.284609690827,-1.));
#7972 = DIRECTION('',(1.,1.268826313857E-16,0.));
#7973 = DIRECTION('',(1.268826313857E-16,-1.,0.));
#7974 = ADVANCED_FACE('',(#7975),#7986,.F.);
#7975 = FACE_BOUND('',#7976,.F.);
#7976 = EDGE_LOOP('',(#7977,#7978,#7984,#7985));
#7977 = ORIENTED_EDGE('',*,*,#392,.F.);
#7978 = ORIENTED_EDGE('',*,*,#7979,.T.);
#7979 = EDGE_CURVE('',#393,#4269,#7980,.T.);
#7980 = LINE('',#7981,#7982);
#7981 = CARTESIAN_POINT('',(-2.167986202059,-50.22947341949,-0.5));
#7982 = VECTOR('',#7983,1.);
#7983 = DIRECTION('',(0.,0.,1.));
#7984 = ORIENTED_EDGE('',*,*,#4276,.T.);
#7985 = ORIENTED_EDGE('',*,*,#7947,.T.);
#7986 = PLANE('',#7987);
#7987 = AXIS2_PLACEMENT_3D('',#7988,#7989,#7990);
#7988 = CARTESIAN_POINT('',(-29.,-50.22947341949,0.));
#7989 = DIRECTION('',(2.45014736469E-16,1.,0.));
#7990 = DIRECTION('',(1.,-2.45014736469E-16,0.));
#7991 = ADVANCED_FACE('',(#7992),#8003,.F.);
#7992 = FACE_BOUND('',#7993,.F.);
#7993 = EDGE_LOOP('',(#7994,#7995,#7996,#7997));
#7994 = ORIENTED_EDGE('',*,*,#1037,.F.);
#7995 = ORIENTED_EDGE('',*,*,#7963,.T.);
#7996 = ORIENTED_EDGE('',*,*,#3631,.T.);
#7997 = ORIENTED_EDGE('',*,*,#7998,.T.);
#7998 = EDGE_CURVE('',#3632,#1030,#7999,.T.);
#7999 = LINE('',#8000,#8001);
#8000 = CARTESIAN_POINT('',(-6.564755214563,50.229473419497,-0.5));
#8001 = VECTOR('',#8002,1.);
#8002 = DIRECTION('',(0.,0.,-1.));
#8003 = PLANE('',#8004);
#8004 = AXIS2_PLACEMENT_3D('',#8005,#8006,#8007);
#8005 = CARTESIAN_POINT('',(29.,50.229473419497,0.));
#8006 = DIRECTION('',(-1.225073682345E-16,-1.,0.));
#8007 = DIRECTION('',(-1.,1.225073682345E-16,0.));
#8008 = ADVANCED_FACE('',(#8009),#8020,.T.);
#8009 = FACE_BOUND('',#8010,.T.);
#8010 = EDGE_LOOP('',(#8011,#8017,#8018,#8019));
#8011 = ORIENTED_EDGE('',*,*,#8012,.F.);
#8012 = EDGE_CURVE('',#401,#4261,#8013,.T.);
#8013 = LINE('',#8014,#8015);
#8014 = CARTESIAN_POINT('',(0.997422611929,-48.40192378864,-1.));
#8015 = VECTOR('',#8016,1.);
#8016 = DIRECTION('',(0.,0.,1.));
#8017 = ORIENTED_EDGE('',*,*,#400,.F.);
#8018 = ORIENTED_EDGE('',*,*,#7979,.T.);
#8019 = ORIENTED_EDGE('',*,*,#4268,.F.);
#8020 = PLANE('',#8021);
#8021 = AXIS2_PLACEMENT_3D('',#8022,#8023,#8024);
#8022 = CARTESIAN_POINT('',(-5.064755214563,-51.90192378864,-1.));
#8023 = DIRECTION('',(-0.5,0.866025403784,0.));
#8024 = DIRECTION('',(0.866025403784,0.5,0.));
#8025 = ADVANCED_FACE('',(#8026),#8037,.T.);
#8026 = FACE_BOUND('',#8027,.T.);
#8027 = EDGE_LOOP('',(#8028,#8029,#8035,#8036));
#8028 = ORIENTED_EDGE('',*,*,#1029,.F.);
#8029 = ORIENTED_EDGE('',*,*,#8030,.T.);
#8030 = EDGE_CURVE('',#1022,#3640,#8031,.T.);
#8031 = LINE('',#8032,#8033);
#8032 = CARTESIAN_POINT('',(-6.564755214563,43.284609690827,-1.));
#8033 = VECTOR('',#8034,1.);
#8034 = DIRECTION('',(0.,0.,1.));
#8035 = ORIENTED_EDGE('',*,*,#3639,.F.);
#8036 = ORIENTED_EDGE('',*,*,#7998,.T.);
#8037 = PLANE('',#8038);
#8038 = AXIS2_PLACEMENT_3D('',#8039,#8040,#8041);
#8039 = CARTESIAN_POINT('',(-6.564755214563,43.284609690827,-1.));
#8040 = DIRECTION('',(-1.,2.537652627715E-16,0.));
#8041 = DIRECTION('',(2.537652627715E-16,1.,0.));
#8042 = ADVANCED_FACE('',(#8043),#8054,.T.);
#8043 = FACE_BOUND('',#8044,.T.);
#8044 = EDGE_LOOP('',(#8045,#8046,#8047,#8048));
#8045 = ORIENTED_EDGE('',*,*,#408,.F.);
#8046 = ORIENTED_EDGE('',*,*,#8012,.T.);
#8047 = ORIENTED_EDGE('',*,*,#4260,.F.);
#8048 = ORIENTED_EDGE('',*,*,#8049,.F.);
#8049 = EDGE_CURVE('',#409,#4253,#8050,.T.);
#8050 = LINE('',#8051,#8052);
#8051 = CARTESIAN_POINT('',(0.997422611929,-41.40192378864,-1.));
#8052 = VECTOR('',#8053,1.);
#8053 = DIRECTION('',(0.,0.,1.));
#8054 = PLANE('',#8055);
#8055 = AXIS2_PLACEMENT_3D('',#8056,#8057,#8058);
#8056 = CARTESIAN_POINT('',(0.997422611929,-48.40192378864,-1.));
#8057 = DIRECTION('',(-1.,2.537652627715E-16,0.));
#8058 = DIRECTION('',(2.537652627715E-16,1.,0.));
#8059 = ADVANCED_FACE('',(#8060),#8071,.T.);
#8060 = FACE_BOUND('',#8061,.T.);
#8061 = EDGE_LOOP('',(#8062,#8063,#8069,#8070));
#8062 = ORIENTED_EDGE('',*,*,#1021,.F.);
#8063 = ORIENTED_EDGE('',*,*,#8064,.T.);
#8064 = EDGE_CURVE('',#1014,#3648,#8065,.T.);
#8065 = LINE('',#8066,#8067);
#8066 = CARTESIAN_POINT('',(-12.62693304105,39.784609690827,-1.));
#8067 = VECTOR('',#8068,1.);
#8068 = DIRECTION('',(0.,0.,1.));
#8069 = ORIENTED_EDGE('',*,*,#3647,.F.);
#8070 = ORIENTED_EDGE('',*,*,#8030,.F.);
#8071 = PLANE('',#8072);
#8072 = AXIS2_PLACEMENT_3D('',#8073,#8074,#8075);
#8073 = CARTESIAN_POINT('',(-12.62693304105,39.784609690827,-1.));
#8074 = DIRECTION('',(-0.5,0.866025403784,0.));
#8075 = DIRECTION('',(0.866025403784,0.5,0.));
#8076 = ADVANCED_FACE('',(#8077),#8088,.T.);
#8077 = FACE_BOUND('',#8078,.T.);
#8078 = EDGE_LOOP('',(#8079,#8080,#8081,#8082));
#8079 = ORIENTED_EDGE('',*,*,#416,.F.);
#8080 = ORIENTED_EDGE('',*,*,#8049,.T.);
#8081 = ORIENTED_EDGE('',*,*,#4252,.F.);
#8082 = ORIENTED_EDGE('',*,*,#8083,.F.);
#8083 = EDGE_CURVE('',#417,#4245,#8084,.T.);
#8084 = LINE('',#8085,#8086);
#8085 = CARTESIAN_POINT('',(-5.064755214563,-37.90192378864,-1.));
#8086 = VECTOR('',#8087,1.);
#8087 = DIRECTION('',(0.,0.,1.));
#8088 = PLANE('',#8089);
#8089 = AXIS2_PLACEMENT_3D('',#8090,#8091,#8092);
#8090 = CARTESIAN_POINT('',(0.997422611929,-41.40192378864,-1.));
#8091 = DIRECTION('',(-0.5,-0.866025403784,0.));
#8092 = DIRECTION('',(-0.866025403784,0.5,0.));
#8093 = ADVANCED_FACE('',(#8094),#8105,.T.);
#8094 = FACE_BOUND('',#8095,.T.);
#8095 = EDGE_LOOP('',(#8096,#8097,#8103,#8104));
#8096 = ORIENTED_EDGE('',*,*,#1013,.F.);
#8097 = ORIENTED_EDGE('',*,*,#8098,.T.);
#8098 = EDGE_CURVE('',#1006,#3656,#8099,.T.);
#8099 = LINE('',#8100,#8101);
#8100 = CARTESIAN_POINT('',(-18.68911086754,43.284609690827,-1.));
#8101 = VECTOR('',#8102,1.);
#8102 = DIRECTION('',(0.,0.,1.));
#8103 = ORIENTED_EDGE('',*,*,#3655,.F.);
#8104 = ORIENTED_EDGE('',*,*,#8064,.F.);
#8105 = PLANE('',#8106);
#8106 = AXIS2_PLACEMENT_3D('',#8107,#8108,#8109);
#8107 = CARTESIAN_POINT('',(-18.68911086754,43.284609690827,-1.));
#8108 = DIRECTION('',(0.5,0.866025403784,0.));
#8109 = DIRECTION('',(0.866025403784,-0.5,0.));
#8110 = ADVANCED_FACE('',(#8111),#8122,.T.);
#8111 = FACE_BOUND('',#8112,.T.);
#8112 = EDGE_LOOP('',(#8113,#8114,#8115,#8116));
#8113 = ORIENTED_EDGE('',*,*,#424,.F.);
#8114 = ORIENTED_EDGE('',*,*,#8083,.T.);
#8115 = ORIENTED_EDGE('',*,*,#4244,.F.);
#8116 = ORIENTED_EDGE('',*,*,#8117,.F.);
#8117 = EDGE_CURVE('',#425,#4237,#8118,.T.);
#8118 = LINE('',#8119,#8120);
#8119 = CARTESIAN_POINT('',(-11.12693304105,-41.40192378864,-1.));
#8120 = VECTOR('',#8121,1.);
#8121 = DIRECTION('',(0.,0.,1.));
#8122 = PLANE('',#8123);
#8123 = AXIS2_PLACEMENT_3D('',#8124,#8125,#8126);
#8124 = CARTESIAN_POINT('',(-5.064755214563,-37.90192378864,-1.));
#8125 = DIRECTION('',(0.5,-0.866025403784,0.));
#8126 = DIRECTION('',(-0.866025403784,-0.5,0.));
#8127 = ADVANCED_FACE('',(#8128),#8139,.T.);
#8128 = FACE_BOUND('',#8129,.T.);
#8129 = EDGE_LOOP('',(#8130,#8131,#8137,#8138));
#8130 = ORIENTED_EDGE('',*,*,#1005,.F.);
#8131 = ORIENTED_EDGE('',*,*,#8132,.T.);
#8132 = EDGE_CURVE('',#998,#3664,#8133,.T.);
#8133 = LINE('',#8134,#8135);
#8134 = CARTESIAN_POINT('',(-18.68911086754,50.284609690827,-1.));
#8135 = VECTOR('',#8136,1.);
#8136 = DIRECTION('',(0.,0.,1.));
#8137 = ORIENTED_EDGE('',*,*,#3663,.F.);
#8138 = ORIENTED_EDGE('',*,*,#8098,.F.);
#8139 = PLANE('',#8140);
#8140 = AXIS2_PLACEMENT_3D('',#8141,#8142,#8143);
#8141 = CARTESIAN_POINT('',(-18.68911086754,50.284609690827,-1.));
#8142 = DIRECTION('',(1.,0.,0.));
#8143 = DIRECTION('',(0.,-1.,0.));
#8144 = ADVANCED_FACE('',(#8145),#8156,.T.);
#8145 = FACE_BOUND('',#8146,.T.);
#8146 = EDGE_LOOP('',(#8147,#8148,#8149,#8150));
#8147 = ORIENTED_EDGE('',*,*,#432,.F.);
#8148 = ORIENTED_EDGE('',*,*,#8117,.T.);
#8149 = ORIENTED_EDGE('',*,*,#4236,.F.);
#8150 = ORIENTED_EDGE('',*,*,#8151,.F.);
#8151 = EDGE_CURVE('',#433,#4229,#8152,.T.);
#8152 = LINE('',#8153,#8154);
#8153 = CARTESIAN_POINT('',(-11.12693304105,-48.40192378864,-1.));
#8154 = VECTOR('',#8155,1.);
#8155 = DIRECTION('',(0.,0.,1.));
#8156 = PLANE('',#8157);
#8157 = AXIS2_PLACEMENT_3D('',#8158,#8159,#8160);
#8158 = CARTESIAN_POINT('',(-11.12693304105,-41.40192378864,-1.));
#8159 = DIRECTION('',(1.,0.,0.));
#8160 = DIRECTION('',(0.,-1.,0.));
#8161 = ADVANCED_FACE('',(#8162),#8173,.T.);
#8162 = FACE_BOUND('',#8163,.T.);
#8163 = EDGE_LOOP('',(#8164,#8165,#8166,#8172));
#8164 = ORIENTED_EDGE('',*,*,#8132,.F.);
#8165 = ORIENTED_EDGE('',*,*,#997,.F.);
#8166 = ORIENTED_EDGE('',*,*,#8167,.T.);
#8167 = EDGE_CURVE('',#990,#3672,#8168,.T.);
#8168 = LINE('',#8169,#8170);
#8169 = CARTESIAN_POINT('',(-15.65758623759,52.034861251983,-0.5));
#8170 = VECTOR('',#8171,1.);
#8171 = DIRECTION('',(0.,0.,1.));
#8172 = ORIENTED_EDGE('',*,*,#3671,.F.);
#8173 = PLANE('',#8174);
#8174 = AXIS2_PLACEMENT_3D('',#8175,#8176,#8177);
#8175 = CARTESIAN_POINT('',(-12.62693304105,53.784609690827,-1.));
#8176 = DIRECTION('',(0.5,-0.866025403784,0.));
#8177 = DIRECTION('',(-0.866025403784,-0.5,0.));
#8178 = ADVANCED_FACE('',(#8179),#8190,.T.);
#8179 = FACE_BOUND('',#8180,.T.);
#8180 = EDGE_LOOP('',(#8181,#8182,#8183,#8184));
#8181 = ORIENTED_EDGE('',*,*,#440,.F.);
#8182 = ORIENTED_EDGE('',*,*,#8151,.T.);
#8183 = ORIENTED_EDGE('',*,*,#4228,.F.);
#8184 = ORIENTED_EDGE('',*,*,#8185,.T.);
#8185 = EDGE_CURVE('',#4221,#441,#8186,.T.);
#8186 = LINE('',#8187,#8188);
#8187 = CARTESIAN_POINT('',(-7.961524227066,-50.22947341949,-0.5));
#8188 = VECTOR('',#8189,1.);
#8189 = DIRECTION('',(0.,0.,-1.));
#8190 = PLANE('',#8191);
#8191 = AXIS2_PLACEMENT_3D('',#8192,#8193,#8194);
#8192 = CARTESIAN_POINT('',(-11.12693304105,-48.40192378864,-1.));
#8193 = DIRECTION('',(0.5,0.866025403784,0.));
#8194 = DIRECTION('',(0.866025403784,-0.5,0.));
#8195 = ADVANCED_FACE('',(#8196),#8207,.F.);
#8196 = FACE_BOUND('',#8197,.F.);
#8197 = EDGE_LOOP('',(#8198,#8199,#8200,#8201));
#8198 = ORIENTED_EDGE('',*,*,#989,.F.);
#8199 = ORIENTED_EDGE('',*,*,#8167,.T.);
#8200 = ORIENTED_EDGE('',*,*,#3679,.T.);
#8201 = ORIENTED_EDGE('',*,*,#8202,.F.);
#8202 = EDGE_CURVE('',#981,#3680,#8203,.T.);
#8203 = LINE('',#8204,#8205);
#8204 = CARTESIAN_POINT('',(-58.29425740243,121.66563576349,0.));
#8205 = VECTOR('',#8206,1.);
#8206 = DIRECTION('',(0.,0.,1.));
#8207 = PLANE('',#8208);
#8208 = AXIS2_PLACEMENT_3D('',#8209,#8210,#8211);
#8209 = CARTESIAN_POINT('',(-4.691669750802,34.126210380724,0.));
#8210 = DIRECTION('',(-0.852820842582,-0.522203610154,0.));
#8211 = DIRECTION('',(-0.522203610154,0.852820842582,0.));
#8212 = ADVANCED_FACE('',(#8213),#8224,.F.);
#8213 = FACE_BOUND('',#8214,.F.);
#8214 = EDGE_LOOP('',(#8215,#8216,#8222,#8223));
#8215 = ORIENTED_EDGE('',*,*,#448,.F.);
#8216 = ORIENTED_EDGE('',*,*,#8217,.T.);
#8217 = EDGE_CURVE('',#449,#4213,#8218,.T.);
#8218 = LINE('',#8219,#8220);
#8219 = CARTESIAN_POINT('',(-14.55210194736,-50.22947341949,0.));
#8220 = VECTOR('',#8221,1.);
#8221 = DIRECTION('',(0.,0.,1.));
#8222 = ORIENTED_EDGE('',*,*,#4220,.T.);
#8223 = ORIENTED_EDGE('',*,*,#8185,.T.);
#8224 = PLANE('',#8225);
#8225 = AXIS2_PLACEMENT_3D('',#8226,#8227,#8228);
#8226 = CARTESIAN_POINT('',(-29.,-50.22947341949,0.));
#8227 = DIRECTION('',(2.45014736469E-16,1.,0.));
#8228 = DIRECTION('',(1.,-2.45014736469E-16,0.));
#8229 = ADVANCED_FACE('',(#8230),#8243,.T.);
#8230 = FACE_BOUND('',#8231,.T.);
#8231 = EDGE_LOOP('',(#8232,#8233,#8234,#8235,#8236,#8242));
#8232 = ORIENTED_EDGE('',*,*,#3687,.F.);
#8233 = ORIENTED_EDGE('',*,*,#8202,.F.);
#8234 = ORIENTED_EDGE('',*,*,#980,.T.);
#8235 = ORIENTED_EDGE('',*,*,#971,.T.);
#8236 = ORIENTED_EDGE('',*,*,#8237,.T.);
#8237 = EDGE_CURVE('',#964,#3697,#8238,.T.);
#8238 = LINE('',#8239,#8240);
#8239 = CARTESIAN_POINT('',(-76.21840263755,111.317125687,0.));
#8240 = VECTOR('',#8241,1.);
#8241 = DIRECTION('',(0.,0.,1.));
#8242 = ORIENTED_EDGE('',*,*,#3696,.F.);
#8243 = CYLINDRICAL_SURFACE('',#8244,17.);
#8244 = AXIS2_PLACEMENT_3D('',#8245,#8246,#8247);
#8245 = CARTESIAN_POINT('',(-74.,128.17175976009,0.));
#8246 = DIRECTION('',(0.,0.,1.));
#8247 = DIRECTION('',(1.,0.,0.));
#8248 = ADVANCED_FACE('',(#8249),#8260,.F.);
#8249 = FACE_BOUND('',#8250,.F.);
#8250 = EDGE_LOOP('',(#8251,#8252,#8258,#8259));
#8251 = ORIENTED_EDGE('',*,*,#456,.F.);
#8252 = ORIENTED_EDGE('',*,*,#8253,.T.);
#8253 = EDGE_CURVE('',#457,#4205,#8254,.T.);
#8254 = LINE('',#8255,#8256);
#8255 = CARTESIAN_POINT('',(-16.33471078222,-53.14068647695,-0.5));
#8256 = VECTOR('',#8257,1.);
#8257 = DIRECTION('',(0.,0.,1.));
#8258 = ORIENTED_EDGE('',*,*,#4212,.T.);
#8259 = ORIENTED_EDGE('',*,*,#8217,.F.);
#8260 = PLANE('',#8261);
#8261 = AXIS2_PLACEMENT_3D('',#8262,#8263,#8264);
#8262 = CARTESIAN_POINT('',(-65.33974596215,-133.17175976,0.));
#8263 = DIRECTION('',(-0.852820842582,0.522203610154,0.));
#8264 = DIRECTION('',(0.522203610154,0.852820842582,0.));
#8265 = ADVANCED_FACE('',(#8266),#8277,.T.);
#8266 = FACE_BOUND('',#8267,.T.);
#8267 = EDGE_LOOP('',(#8268,#8274,#8275,#8276));
#8268 = ORIENTED_EDGE('',*,*,#8269,.F.);
#8269 = EDGE_CURVE('',#465,#4197,#8270,.T.);
#8270 = LINE('',#8271,#8272);
#8271 = CARTESIAN_POINT('',(-18.68911086754,-54.5,-1.));
#8272 = VECTOR('',#8273,1.);
#8273 = DIRECTION('',(0.,0.,1.));
#8274 = ORIENTED_EDGE('',*,*,#464,.F.);
#8275 = ORIENTED_EDGE('',*,*,#8253,.T.);
#8276 = ORIENTED_EDGE('',*,*,#4204,.F.);
#8277 = PLANE('',#8278);
#8278 = AXIS2_PLACEMENT_3D('',#8279,#8280,#8281);
#8279 = CARTESIAN_POINT('',(-12.62693304105,-51.,-1.));
#8280 = DIRECTION('',(0.5,-0.866025403784,0.));
#8281 = DIRECTION('',(-0.866025403784,-0.5,0.));
#8282 = ADVANCED_FACE('',(#8283),#8294,.F.);
#8283 = FACE_BOUND('',#8284,.F.);
#8284 = EDGE_LOOP('',(#8285,#8286,#8287,#8288));
#8285 = ORIENTED_EDGE('',*,*,#963,.F.);
#8286 = ORIENTED_EDGE('',*,*,#8237,.T.);
#8287 = ORIENTED_EDGE('',*,*,#3705,.T.);
#8288 = ORIENTED_EDGE('',*,*,#8289,.T.);
#8289 = EDGE_CURVE('',#3706,#956,#8290,.T.);
#8290 = LINE('',#8291,#8292);
#8291 = CARTESIAN_POINT('',(-44.45844485262,52.870779392843,-0.5));
#8292 = VECTOR('',#8293,1.);
#8293 = DIRECTION('',(0.,0.,-1.));
#8294 = PLANE('',#8295);
#8295 = AXIS2_PLACEMENT_3D('',#8296,#8297,#8298);
#8296 = CARTESIAN_POINT('',(-82.66025403784,123.17175976009,0.));
#8297 = DIRECTION('',(0.878652013632,0.477462709476,0.));
#8298 = DIRECTION('',(0.477462709476,-0.878652013632,0.));
#8299 = ADVANCED_FACE('',(#8300),#8311,.T.);
#8300 = FACE_BOUND('',#8301,.T.);
#8301 = EDGE_LOOP('',(#8302,#8303,#8304,#8305));
#8302 = ORIENTED_EDGE('',*,*,#472,.F.);
#8303 = ORIENTED_EDGE('',*,*,#8269,.T.);
#8304 = ORIENTED_EDGE('',*,*,#4196,.F.);
#8305 = ORIENTED_EDGE('',*,*,#8306,.T.);
#8306 = EDGE_CURVE('',#4189,#473,#8307,.T.);
#8307 = LINE('',#8308,#8309);
#8308 = CARTESIAN_POINT('',(-18.68911086754,-56.98570291403,-0.5));
#8309 = VECTOR('',#8310,1.);
#8310 = DIRECTION('',(0.,0.,-1.));
#8311 = PLANE('',#8312);
#8312 = AXIS2_PLACEMENT_3D('',#8313,#8314,#8315);
#8313 = CARTESIAN_POINT('',(-18.68911086754,-54.5,-1.));
#8314 = DIRECTION('',(1.,0.,0.));
#8315 = DIRECTION('',(0.,-1.,0.));
#8316 = ADVANCED_FACE('',(#8317),#8328,.T.);
#8317 = FACE_BOUND('',#8318,.T.);
#8318 = EDGE_LOOP('',(#8319,#8320,#8326,#8327));
#8319 = ORIENTED_EDGE('',*,*,#955,.F.);
#8320 = ORIENTED_EDGE('',*,*,#8321,.T.);
#8321 = EDGE_CURVE('',#948,#3714,#8322,.T.);
#8322 = LINE('',#8323,#8324);
#8323 = CARTESIAN_POINT('',(-42.87564434701,53.784609690827,-1.));
#8324 = VECTOR('',#8325,1.);
#8325 = DIRECTION('',(0.,0.,1.));
#8326 = ORIENTED_EDGE('',*,*,#3713,.F.);
#8327 = ORIENTED_EDGE('',*,*,#8289,.T.);
#8328 = PLANE('',#8329);
#8329 = AXIS2_PLACEMENT_3D('',#8330,#8331,#8332);
#8330 = CARTESIAN_POINT('',(-42.87564434701,53.784609690827,-1.));
#8331 = DIRECTION('',(0.5,-0.866025403784,0.));
#8332 = DIRECTION('',(-0.866025403784,-0.5,0.));
#8333 = ADVANCED_FACE('',(#8334),#8345,.F.);
#8334 = FACE_BOUND('',#8335,.F.);
#8335 = EDGE_LOOP('',(#8336,#8337,#8343,#8344));
#8336 = ORIENTED_EDGE('',*,*,#480,.F.);
#8337 = ORIENTED_EDGE('',*,*,#8338,.T.);
#8338 = EDGE_CURVE('',#481,#4180,#8339,.T.);
#8339 = LINE('',#8340,#8341);
#8340 = CARTESIAN_POINT('',(-58.29425740243,-121.6656357634,0.));
#8341 = VECTOR('',#8342,1.);
#8342 = DIRECTION('',(0.,0.,1.));
#8343 = ORIENTED_EDGE('',*,*,#4188,.T.);
#8344 = ORIENTED_EDGE('',*,*,#8306,.T.);
#8345 = PLANE('',#8346);
#8346 = AXIS2_PLACEMENT_3D('',#8347,#8348,#8349);
#8347 = CARTESIAN_POINT('',(-65.33974596215,-133.17175976,0.));
#8348 = DIRECTION('',(-0.852820842582,0.522203610154,0.));
#8349 = DIRECTION('',(0.522203610154,0.852820842582,0.));
#8350 = ADVANCED_FACE('',(#8351),#8362,.T.);
#8351 = FACE_BOUND('',#8352,.T.);
#8352 = EDGE_LOOP('',(#8353,#8354,#8360,#8361));
#8353 = ORIENTED_EDGE('',*,*,#947,.F.);
#8354 = ORIENTED_EDGE('',*,*,#8355,.T.);
#8355 = EDGE_CURVE('',#940,#3722,#8356,.T.);
#8356 = LINE('',#8357,#8358);
#8357 = CARTESIAN_POINT('',(-36.81346652052,50.284609690827,-1.));
#8358 = VECTOR('',#8359,1.);
#8359 = DIRECTION('',(0.,0.,1.));
#8360 = ORIENTED_EDGE('',*,*,#3721,.F.);
#8361 = ORIENTED_EDGE('',*,*,#8321,.F.);
#8362 = PLANE('',#8363);
#8363 = AXIS2_PLACEMENT_3D('',#8364,#8365,#8366);
#8364 = CARTESIAN_POINT('',(-36.81346652052,50.284609690827,-1.));
#8365 = DIRECTION('',(-0.5,-0.866025403784,0.));
#8366 = DIRECTION('',(-0.866025403784,0.5,0.));
#8367 = ADVANCED_FACE('',(#8368),#8381,.T.);
#8368 = FACE_BOUND('',#8369,.T.);
#8369 = EDGE_LOOP('',(#8370,#8371,#8377,#8378,#8379,#8380));
#8370 = ORIENTED_EDGE('',*,*,#4170,.F.);
#8371 = ORIENTED_EDGE('',*,*,#8372,.F.);
#8372 = EDGE_CURVE('',#498,#4163,#8373,.T.);
#8373 = LINE('',#8374,#8375);
#8374 = CARTESIAN_POINT('',(-76.21840263755,-111.317125687,0.));
#8375 = VECTOR('',#8376,1.);
#8376 = DIRECTION('',(0.,0.,1.));
#8377 = ORIENTED_EDGE('',*,*,#497,.T.);
#8378 = ORIENTED_EDGE('',*,*,#488,.T.);
#8379 = ORIENTED_EDGE('',*,*,#8338,.T.);
#8380 = ORIENTED_EDGE('',*,*,#4179,.F.);
#8381 = CYLINDRICAL_SURFACE('',#8382,17.);
#8382 = AXIS2_PLACEMENT_3D('',#8383,#8384,#8385);
#8383 = CARTESIAN_POINT('',(-74.,-128.17175976,0.));
#8384 = DIRECTION('',(0.,0.,1.));
#8385 = DIRECTION('',(1.,0.,0.));
#8386 = ADVANCED_FACE('',(#8387),#8398,.T.);
#8387 = FACE_BOUND('',#8388,.T.);
#8388 = EDGE_LOOP('',(#8389,#8390,#8396,#8397));
#8389 = ORIENTED_EDGE('',*,*,#939,.F.);
#8390 = ORIENTED_EDGE('',*,*,#8391,.T.);
#8391 = EDGE_CURVE('',#932,#3730,#8392,.T.);
#8392 = LINE('',#8393,#8394);
#8393 = CARTESIAN_POINT('',(-36.81346652052,43.284609690827,-1.));
#8394 = VECTOR('',#8395,1.);
#8395 = DIRECTION('',(0.,0.,1.));
#8396 = ORIENTED_EDGE('',*,*,#3729,.F.);
#8397 = ORIENTED_EDGE('',*,*,#8355,.F.);
#8398 = PLANE('',#8399);
#8399 = AXIS2_PLACEMENT_3D('',#8400,#8401,#8402);
#8400 = CARTESIAN_POINT('',(-36.81346652052,43.284609690827,-1.));
#8401 = DIRECTION('',(-1.,1.015061051086E-15,0.));
#8402 = DIRECTION('',(1.015061051086E-15,1.,0.));
#8403 = ADVANCED_FACE('',(#8404),#8415,.T.);
#8404 = FACE_BOUND('',#8405,.T.);
#8405 = EDGE_LOOP('',(#8406,#8407,#8408,#8414));
#8406 = ORIENTED_EDGE('',*,*,#8391,.F.);
#8407 = ORIENTED_EDGE('',*,*,#931,.F.);
#8408 = ORIENTED_EDGE('',*,*,#8409,.T.);
#8409 = EDGE_CURVE('',#924,#3738,#8410,.T.);
#8410 = LINE('',#8411,#8412);
#8411 = CARTESIAN_POINT('',(-38.66758485558,42.21413397097,-0.5));
#8412 = VECTOR('',#8413,1.);
#8413 = DIRECTION('',(0.,0.,1.));
#8414 = ORIENTED_EDGE('',*,*,#3737,.F.);
#8415 = PLANE('',#8416);
#8416 = AXIS2_PLACEMENT_3D('',#8417,#8418,#8419);
#8417 = CARTESIAN_POINT('',(-42.87564434701,39.784609690827,-1.));
#8418 = DIRECTION('',(-0.5,0.866025403784,0.));
#8419 = DIRECTION('',(0.866025403784,0.5,0.));
#8420 = ADVANCED_FACE('',(#8421),#8432,.F.);
#8421 = FACE_BOUND('',#8422,.F.);
#8422 = EDGE_LOOP('',(#8423,#8424,#8430,#8431));
#8423 = ORIENTED_EDGE('',*,*,#506,.F.);
#8424 = ORIENTED_EDGE('',*,*,#8425,.T.);
#8425 = EDGE_CURVE('',#507,#4155,#8426,.T.);
#8426 = LINE('',#8427,#8428);
#8427 = CARTESIAN_POINT('',(-48.9378221735,-61.11396535208,-0.5));
#8428 = VECTOR('',#8429,1.);
#8429 = DIRECTION('',(0.,0.,1.));
#8430 = ORIENTED_EDGE('',*,*,#4162,.T.);
#8431 = ORIENTED_EDGE('',*,*,#8372,.F.);
#8432 = PLANE('',#8433);
#8433 = AXIS2_PLACEMENT_3D('',#8434,#8435,#8436);
#8434 = CARTESIAN_POINT('',(-27.20833024919,-21.12621038072,0.));
#8435 = DIRECTION('',(0.878652013632,-0.477462709476,0.));
#8436 = DIRECTION('',(-0.477462709476,-0.878652013632,0.));
#8437 = ADVANCED_FACE('',(#8438),#8449,.F.);
#8438 = FACE_BOUND('',#8439,.F.);
#8439 = EDGE_LOOP('',(#8440,#8441,#8442,#8443));
#8440 = ORIENTED_EDGE('',*,*,#923,.F.);
#8441 = ORIENTED_EDGE('',*,*,#8409,.T.);
#8442 = ORIENTED_EDGE('',*,*,#3745,.T.);
#8443 = ORIENTED_EDGE('',*,*,#8444,.T.);
#8444 = EDGE_CURVE('',#3746,#916,#8445,.T.);
#8445 = LINE('',#8446,#8447);
#8446 = CARTESIAN_POINT('',(-37.23471860781,39.577298069694,-0.5));
#8447 = VECTOR('',#8448,1.);
#8448 = DIRECTION('',(0.,0.,-1.));
#8449 = PLANE('',#8450);
#8450 = AXIS2_PLACEMENT_3D('',#8451,#8452,#8453);
#8451 = CARTESIAN_POINT('',(-82.66025403784,123.17175976009,0.));
#8452 = DIRECTION('',(0.878652013632,0.477462709476,0.));
#8453 = DIRECTION('',(0.477462709476,-0.878652013632,0.));
#8454 = ADVANCED_FACE('',(#8455),#8466,.T.);
#8455 = FACE_BOUND('',#8456,.T.);
#8456 = EDGE_LOOP('',(#8457,#8463,#8464,#8465));
#8457 = ORIENTED_EDGE('',*,*,#8458,.F.);
#8458 = EDGE_CURVE('',#515,#4147,#8459,.T.);
#8459 = LINE('',#8460,#8461);
#8460 = CARTESIAN_POINT('',(-48.9378221735,-61.5,-1.));
#8461 = VECTOR('',#8462,1.);
#8462 = DIRECTION('',(0.,0.,1.));
#8463 = ORIENTED_EDGE('',*,*,#514,.F.);
#8464 = ORIENTED_EDGE('',*,*,#8425,.T.);
#8465 = ORIENTED_EDGE('',*,*,#4154,.F.);
#8466 = PLANE('',#8467);
#8467 = AXIS2_PLACEMENT_3D('',#8468,#8469,#8470);
#8468 = CARTESIAN_POINT('',(-48.9378221735,-54.5,-1.));
#8469 = DIRECTION('',(1.,0.,0.));
#8470 = DIRECTION('',(0.,-1.,0.));
#8471 = ADVANCED_FACE('',(#8472),#8483,.T.);
#8472 = FACE_BOUND('',#8473,.T.);
#8473 = EDGE_LOOP('',(#8474,#8475,#8481,#8482));
#8474 = ORIENTED_EDGE('',*,*,#915,.F.);
#8475 = ORIENTED_EDGE('',*,*,#8476,.T.);
#8476 = EDGE_CURVE('',#908,#3754,#8477,.T.);
#8477 = LINE('',#8478,#8479);
#8478 = CARTESIAN_POINT('',(-35.31346652052,40.686533479473,-1.));
#8479 = VECTOR('',#8480,1.);
#8480 = DIRECTION('',(0.,0.,1.));
#8481 = ORIENTED_EDGE('',*,*,#3753,.F.);
#8482 = ORIENTED_EDGE('',*,*,#8444,.T.);
#8483 = PLANE('',#8484);
#8484 = AXIS2_PLACEMENT_3D('',#8485,#8486,#8487);
#8485 = CARTESIAN_POINT('',(-35.31346652052,40.686533479473,-1.));
#8486 = DIRECTION('',(0.5,-0.866025403784,0.));
#8487 = DIRECTION('',(-0.866025403784,-0.5,0.));
#8488 = ADVANCED_FACE('',(#8489),#8500,.T.);
#8489 = FACE_BOUND('',#8490,.T.);
#8490 = EDGE_LOOP('',(#8491,#8492,#8493,#8494));
#8491 = ORIENTED_EDGE('',*,*,#522,.F.);
#8492 = ORIENTED_EDGE('',*,*,#8458,.T.);
#8493 = ORIENTED_EDGE('',*,*,#4146,.F.);
#8494 = ORIENTED_EDGE('',*,*,#8495,.F.);
#8495 = EDGE_CURVE('',#523,#4139,#8496,.T.);
#8496 = LINE('',#8497,#8498);
#8497 = CARTESIAN_POINT('',(-42.87564434701,-65.,-1.));
#8498 = VECTOR('',#8499,1.);
#8499 = DIRECTION('',(0.,0.,1.));
#8500 = PLANE('',#8501);
#8501 = AXIS2_PLACEMENT_3D('',#8502,#8503,#8504);
#8502 = CARTESIAN_POINT('',(-48.9378221735,-61.5,-1.));
#8503 = DIRECTION('',(0.5,0.866025403784,0.));
#8504 = DIRECTION('',(0.866025403784,-0.5,0.));
#8505 = ADVANCED_FACE('',(#8506),#8517,.T.);
#8506 = FACE_BOUND('',#8507,.T.);
#8507 = EDGE_LOOP('',(#8508,#8509,#8515,#8516));
#8508 = ORIENTED_EDGE('',*,*,#907,.F.);
#8509 = ORIENTED_EDGE('',*,*,#8510,.T.);
#8510 = EDGE_CURVE('',#900,#3762,#8511,.T.);
#8511 = LINE('',#8512,#8513);
#8512 = CARTESIAN_POINT('',(-29.25128869403,37.186533479473,-1.));
#8513 = VECTOR('',#8514,1.);
#8514 = DIRECTION('',(0.,0.,1.));
#8515 = ORIENTED_EDGE('',*,*,#3761,.F.);
#8516 = ORIENTED_EDGE('',*,*,#8476,.F.);
#8517 = PLANE('',#8518);
#8518 = AXIS2_PLACEMENT_3D('',#8519,#8520,#8521);
#8519 = CARTESIAN_POINT('',(-29.25128869403,37.186533479473,-1.));
#8520 = DIRECTION('',(-0.5,-0.866025403784,0.));
#8521 = DIRECTION('',(-0.866025403784,0.5,0.));
#8522 = ADVANCED_FACE('',(#8523),#8534,.T.);
#8523 = FACE_BOUND('',#8524,.T.);
#8524 = EDGE_LOOP('',(#8525,#8526,#8527,#8528));
#8525 = ORIENTED_EDGE('',*,*,#530,.F.);
#8526 = ORIENTED_EDGE('',*,*,#8495,.T.);
#8527 = ORIENTED_EDGE('',*,*,#4138,.F.);
#8528 = ORIENTED_EDGE('',*,*,#8529,.F.);
#8529 = EDGE_CURVE('',#531,#4131,#8530,.T.);
#8530 = LINE('',#8531,#8532);
#8531 = CARTESIAN_POINT('',(-36.81346652052,-61.5,-1.));
#8532 = VECTOR('',#8533,1.);
#8533 = DIRECTION('',(0.,0.,1.));
#8534 = PLANE('',#8535);
#8535 = AXIS2_PLACEMENT_3D('',#8536,#8537,#8538);
#8536 = CARTESIAN_POINT('',(-42.87564434701,-65.,-1.));
#8537 = DIRECTION('',(-0.5,0.866025403784,0.));
#8538 = DIRECTION('',(0.866025403784,0.5,0.));
#8539 = ADVANCED_FACE('',(#8540),#8551,.T.);
#8540 = FACE_BOUND('',#8541,.T.);
#8541 = EDGE_LOOP('',(#8542,#8543,#8549,#8550));
#8542 = ORIENTED_EDGE('',*,*,#899,.F.);
#8543 = ORIENTED_EDGE('',*,*,#8544,.T.);
#8544 = EDGE_CURVE('',#892,#3770,#8545,.T.);
#8545 = LINE('',#8546,#8547);
#8546 = CARTESIAN_POINT('',(-29.25128869403,30.186533479473,-1.));
#8547 = VECTOR('',#8548,1.);
#8548 = DIRECTION('',(0.,0.,1.));
#8549 = ORIENTED_EDGE('',*,*,#3769,.F.);
#8550 = ORIENTED_EDGE('',*,*,#8510,.F.);
#8551 = PLANE('',#8552);
#8552 = AXIS2_PLACEMENT_3D('',#8553,#8554,#8555);
#8553 = CARTESIAN_POINT('',(-29.25128869403,30.186533479473,-1.));
#8554 = DIRECTION('',(-1.,0.,0.));
#8555 = DIRECTION('',(0.,1.,0.));
#8556 = ADVANCED_FACE('',(#8557),#8568,.T.);
#8557 = FACE_BOUND('',#8558,.T.);
#8558 = EDGE_LOOP('',(#8559,#8560,#8561,#8562));
#8559 = ORIENTED_EDGE('',*,*,#538,.F.);
#8560 = ORIENTED_EDGE('',*,*,#8529,.T.);
#8561 = ORIENTED_EDGE('',*,*,#4130,.F.);
#8562 = ORIENTED_EDGE('',*,*,#8563,.F.);
#8563 = EDGE_CURVE('',#539,#4123,#8564,.T.);
#8564 = LINE('',#8565,#8566);
#8565 = CARTESIAN_POINT('',(-36.81346652052,-54.5,-1.));
#8566 = VECTOR('',#8567,1.);
#8567 = DIRECTION('',(0.,0.,1.));
#8568 = PLANE('',#8569);
#8569 = AXIS2_PLACEMENT_3D('',#8570,#8571,#8572);
#8570 = CARTESIAN_POINT('',(-36.81346652052,-61.5,-1.));
#8571 = DIRECTION('',(-1.,1.015061051086E-15,0.));
#8572 = DIRECTION('',(1.015061051086E-15,1.,0.));
#8573 = ADVANCED_FACE('',(#8574),#8585,.T.);
#8574 = FACE_BOUND('',#8575,.T.);
#8575 = EDGE_LOOP('',(#8576,#8577,#8583,#8584));
#8576 = ORIENTED_EDGE('',*,*,#891,.F.);
#8577 = ORIENTED_EDGE('',*,*,#8578,.T.);
#8578 = EDGE_CURVE('',#884,#3778,#8579,.T.);
#8579 = LINE('',#8580,#8581);
#8580 = CARTESIAN_POINT('',(-35.31346652052,26.686533479473,-1.));
#8581 = VECTOR('',#8582,1.);
#8582 = DIRECTION('',(0.,0.,1.));
#8583 = ORIENTED_EDGE('',*,*,#3777,.F.);
#8584 = ORIENTED_EDGE('',*,*,#8544,.F.);
#8585 = PLANE('',#8586);
#8586 = AXIS2_PLACEMENT_3D('',#8587,#8588,#8589);
#8587 = CARTESIAN_POINT('',(-35.31346652052,26.686533479473,-1.));
#8588 = DIRECTION('',(-0.5,0.866025403784,0.));
#8589 = DIRECTION('',(0.866025403784,0.5,0.));
#8590 = ADVANCED_FACE('',(#8591),#8602,.T.);
#8591 = FACE_BOUND('',#8592,.T.);
#8592 = EDGE_LOOP('',(#8593,#8594,#8595,#8596));
#8593 = ORIENTED_EDGE('',*,*,#546,.F.);
#8594 = ORIENTED_EDGE('',*,*,#8563,.T.);
#8595 = ORIENTED_EDGE('',*,*,#4122,.F.);
#8596 = ORIENTED_EDGE('',*,*,#8597,.F.);
#8597 = EDGE_CURVE('',#547,#4115,#8598,.T.);
#8598 = LINE('',#8599,#8600);
#8599 = CARTESIAN_POINT('',(-42.87564434701,-51.,-1.));
#8600 = VECTOR('',#8601,1.);
#8601 = DIRECTION('',(0.,0.,1.));
#8602 = PLANE('',#8603);
#8603 = AXIS2_PLACEMENT_3D('',#8604,#8605,#8606);
#8604 = CARTESIAN_POINT('',(-36.81346652052,-54.5,-1.));
#8605 = DIRECTION('',(-0.5,-0.866025403784,0.));
#8606 = DIRECTION('',(-0.866025403784,0.5,0.));
#8607 = ADVANCED_FACE('',(#8608),#8619,.T.);
#8608 = FACE_BOUND('',#8609,.T.);
#8609 = EDGE_LOOP('',(#8610,#8611,#8612,#8618));
#8610 = ORIENTED_EDGE('',*,*,#8578,.F.);
#8611 = ORIENTED_EDGE('',*,*,#883,.F.);
#8612 = ORIENTED_EDGE('',*,*,#8613,.T.);
#8613 = EDGE_CURVE('',#876,#3786,#8614,.T.);
#8614 = LINE('',#8615,#8616);
#8615 = CARTESIAN_POINT('',(-40.77275866404,29.83845726812,-0.5));
#8616 = VECTOR('',#8617,1.);
#8617 = DIRECTION('',(0.,0.,1.));
#8618 = ORIENTED_EDGE('',*,*,#3785,.F.);
#8619 = PLANE('',#8620);
#8620 = AXIS2_PLACEMENT_3D('',#8621,#8622,#8623);
#8621 = CARTESIAN_POINT('',(-41.37564434701,30.186533479473,-1.));
#8622 = DIRECTION('',(0.5,0.866025403784,0.));
#8623 = DIRECTION('',(0.866025403784,-0.5,0.));
#8624 = ADVANCED_FACE('',(#8625),#8636,.T.);
#8625 = FACE_BOUND('',#8626,.T.);
#8626 = EDGE_LOOP('',(#8627,#8628,#8629,#8630));
#8627 = ORIENTED_EDGE('',*,*,#554,.F.);
#8628 = ORIENTED_EDGE('',*,*,#8597,.T.);
#8629 = ORIENTED_EDGE('',*,*,#4114,.F.);
#8630 = ORIENTED_EDGE('',*,*,#8631,.T.);
#8631 = EDGE_CURVE('',#4107,#555,#8632,.T.);
#8632 = LINE('',#8633,#8634);
#8633 = CARTESIAN_POINT('',(-43.70070687241,-51.47635007113,-0.5));
#8634 = VECTOR('',#8635,1.);
#8635 = DIRECTION('',(0.,0.,-1.));
#8636 = PLANE('',#8637);
#8637 = AXIS2_PLACEMENT_3D('',#8638,#8639,#8640);
#8638 = CARTESIAN_POINT('',(-42.87564434701,-51.,-1.));
#8639 = DIRECTION('',(0.5,-0.866025403784,0.));
#8640 = DIRECTION('',(-0.866025403784,-0.5,0.));
#8641 = ADVANCED_FACE('',(#8642),#8653,.F.);
#8642 = FACE_BOUND('',#8643,.F.);
#8643 = EDGE_LOOP('',(#8644,#8645,#8646,#8647));
#8644 = ORIENTED_EDGE('',*,*,#875,.F.);
#8645 = ORIENTED_EDGE('',*,*,#8613,.T.);
#8646 = ORIENTED_EDGE('',*,*,#3793,.T.);
#8647 = ORIENTED_EDGE('',*,*,#8648,.T.);
#8648 = EDGE_CURVE('',#3794,#868,#8649,.T.);
#8649 = LINE('',#8650,#8651);
#8650 = CARTESIAN_POINT('',(-42.27275866404,27.240381056767,-0.5));
#8651 = VECTOR('',#8652,1.);
#8652 = DIRECTION('',(0.,0.,-1.));
#8653 = PLANE('',#8654);
#8654 = AXIS2_PLACEMENT_3D('',#8655,#8656,#8657);
#8655 = CARTESIAN_POINT('',(-29.,50.229473419497,0.));
#8656 = DIRECTION('',(0.866025403784,-0.5,0.));
#8657 = DIRECTION('',(-0.5,-0.866025403784,0.));
#8658 = ADVANCED_FACE('',(#8659),#8670,.F.);
#8659 = FACE_BOUND('',#8660,.F.);
#8660 = EDGE_LOOP('',(#8661,#8662,#8668,#8669));
#8661 = ORIENTED_EDGE('',*,*,#562,.F.);
#8662 = ORIENTED_EDGE('',*,*,#8663,.T.);
#8663 = EDGE_CURVE('',#563,#4099,#8664,.T.);
#8664 = LINE('',#8665,#8666);
#8665 = CARTESIAN_POINT('',(-41.37564434701,-47.19764761079,-0.5));
#8666 = VECTOR('',#8667,1.);
#8667 = DIRECTION('',(0.,0.,1.));
#8668 = ORIENTED_EDGE('',*,*,#4106,.T.);
#8669 = ORIENTED_EDGE('',*,*,#8631,.T.);
#8670 = PLANE('',#8671);
#8671 = AXIS2_PLACEMENT_3D('',#8672,#8673,#8674);
#8672 = CARTESIAN_POINT('',(-27.20833024919,-21.12621038072,0.));
#8673 = DIRECTION('',(0.878652013632,-0.477462709476,0.));
#8674 = DIRECTION('',(-0.477462709476,-0.878652013632,0.));
#8675 = ADVANCED_FACE('',(#8676),#8687,.T.);
#8676 = FACE_BOUND('',#8677,.T.);
#8677 = EDGE_LOOP('',(#8678,#8679,#8685,#8686));
#8678 = ORIENTED_EDGE('',*,*,#867,.F.);
#8679 = ORIENTED_EDGE('',*,*,#8680,.T.);
#8680 = EDGE_CURVE('',#860,#3802,#8681,.T.);
#8681 = LINE('',#8682,#8683);
#8682 = CARTESIAN_POINT('',(-36.81346652052,24.08845726812,-1.));
#8683 = VECTOR('',#8684,1.);
#8684 = DIRECTION('',(0.,0.,1.));
#8685 = ORIENTED_EDGE('',*,*,#3801,.F.);
#8686 = ORIENTED_EDGE('',*,*,#8648,.T.);
#8687 = PLANE('',#8688);
#8688 = AXIS2_PLACEMENT_3D('',#8689,#8690,#8691);
#8689 = CARTESIAN_POINT('',(-36.81346652052,24.08845726812,-1.));
#8690 = DIRECTION('',(-0.5,-0.866025403784,0.));
#8691 = DIRECTION('',(-0.866025403784,0.5,0.));
#8692 = ADVANCED_FACE('',(#8693),#8704,.T.);
#8693 = FACE_BOUND('',#8694,.T.);
#8694 = EDGE_LOOP('',(#8695,#8701,#8702,#8703));
#8695 = ORIENTED_EDGE('',*,*,#8696,.F.);
#8696 = EDGE_CURVE('',#571,#4091,#8697,.T.);
#8697 = LINE('',#8698,#8699);
#8698 = CARTESIAN_POINT('',(-41.37564434701,-48.40192378864,-1.));
#8699 = VECTOR('',#8700,1.);
#8700 = DIRECTION('',(0.,0.,1.));
#8701 = ORIENTED_EDGE('',*,*,#570,.F.);
#8702 = ORIENTED_EDGE('',*,*,#8663,.T.);
#8703 = ORIENTED_EDGE('',*,*,#4098,.F.);
#8704 = PLANE('',#8705);
#8705 = AXIS2_PLACEMENT_3D('',#8706,#8707,#8708);
#8706 = CARTESIAN_POINT('',(-41.37564434701,-41.40192378864,-1.));
#8707 = DIRECTION('',(1.,0.,0.));
#8708 = DIRECTION('',(0.,-1.,0.));
#8709 = ADVANCED_FACE('',(#8710),#8721,.T.);
#8710 = FACE_BOUND('',#8711,.T.);
#8711 = EDGE_LOOP('',(#8712,#8713,#8719,#8720));
#8712 = ORIENTED_EDGE('',*,*,#859,.F.);
#8713 = ORIENTED_EDGE('',*,*,#8714,.T.);
#8714 = EDGE_CURVE('',#852,#3810,#8715,.T.);
#8715 = LINE('',#8716,#8717);
#8716 = CARTESIAN_POINT('',(-36.81346652052,17.08845726812,-1.));
#8717 = VECTOR('',#8718,1.);
#8718 = DIRECTION('',(0.,0.,1.));
#8719 = ORIENTED_EDGE('',*,*,#3809,.F.);
#8720 = ORIENTED_EDGE('',*,*,#8680,.F.);
#8721 = PLANE('',#8722);
#8722 = AXIS2_PLACEMENT_3D('',#8723,#8724,#8725);
#8723 = CARTESIAN_POINT('',(-36.81346652052,17.08845726812,-1.));
#8724 = DIRECTION('',(-1.,1.015061051086E-15,0.));
#8725 = DIRECTION('',(1.015061051086E-15,1.,0.));
#8726 = ADVANCED_FACE('',(#8727),#8738,.T.);
#8727 = FACE_BOUND('',#8728,.T.);
#8728 = EDGE_LOOP('',(#8729,#8730,#8731,#8732));
#8729 = ORIENTED_EDGE('',*,*,#578,.F.);
#8730 = ORIENTED_EDGE('',*,*,#8696,.T.);
#8731 = ORIENTED_EDGE('',*,*,#4090,.F.);
#8732 = ORIENTED_EDGE('',*,*,#8733,.F.);
#8733 = EDGE_CURVE('',#579,#4083,#8734,.T.);
#8734 = LINE('',#8735,#8736);
#8735 = CARTESIAN_POINT('',(-35.31346652052,-51.90192378864,-1.));
#8736 = VECTOR('',#8737,1.);
#8737 = DIRECTION('',(0.,0.,1.));
#8738 = PLANE('',#8739);
#8739 = AXIS2_PLACEMENT_3D('',#8740,#8741,#8742);
#8740 = CARTESIAN_POINT('',(-41.37564434701,-48.40192378864,-1.));
#8741 = DIRECTION('',(0.5,0.866025403784,0.));
#8742 = DIRECTION('',(0.866025403784,-0.5,0.));
#8743 = ADVANCED_FACE('',(#8744),#8755,.T.);
#8744 = FACE_BOUND('',#8745,.T.);
#8745 = EDGE_LOOP('',(#8746,#8747,#8753,#8754));
#8746 = ORIENTED_EDGE('',*,*,#851,.F.);
#8747 = ORIENTED_EDGE('',*,*,#8748,.T.);
#8748 = EDGE_CURVE('',#844,#3818,#8749,.T.);
#8749 = LINE('',#8750,#8751);
#8750 = CARTESIAN_POINT('',(-42.87564434701,13.58845726812,-1.));
#8751 = VECTOR('',#8752,1.);
#8752 = DIRECTION('',(0.,0.,1.));
#8753 = ORIENTED_EDGE('',*,*,#3817,.F.);
#8754 = ORIENTED_EDGE('',*,*,#8714,.F.);
#8755 = PLANE('',#8756);
#8756 = AXIS2_PLACEMENT_3D('',#8757,#8758,#8759);
#8757 = CARTESIAN_POINT('',(-42.87564434701,13.58845726812,-1.));
#8758 = DIRECTION('',(-0.5,0.866025403784,0.));
#8759 = DIRECTION('',(0.866025403784,0.5,0.));
#8760 = ADVANCED_FACE('',(#8761),#8772,.T.);
#8761 = FACE_BOUND('',#8762,.T.);
#8762 = EDGE_LOOP('',(#8763,#8764,#8765,#8766));
#8763 = ORIENTED_EDGE('',*,*,#586,.F.);
#8764 = ORIENTED_EDGE('',*,*,#8733,.T.);
#8765 = ORIENTED_EDGE('',*,*,#4082,.F.);
#8766 = ORIENTED_EDGE('',*,*,#8767,.F.);
#8767 = EDGE_CURVE('',#587,#4075,#8768,.T.);
#8768 = LINE('',#8769,#8770);
#8769 = CARTESIAN_POINT('',(-29.25128869403,-48.40192378864,-1.));
#8770 = VECTOR('',#8771,1.);
#8771 = DIRECTION('',(0.,0.,1.));
#8772 = PLANE('',#8773);
#8773 = AXIS2_PLACEMENT_3D('',#8774,#8775,#8776);
#8774 = CARTESIAN_POINT('',(-35.31346652052,-51.90192378864,-1.));
#8775 = DIRECTION('',(-0.5,0.866025403784,0.));
#8776 = DIRECTION('',(0.866025403784,0.5,0.));
#8777 = ADVANCED_FACE('',(#8778),#8789,.T.);
#8778 = FACE_BOUND('',#8779,.T.);
#8779 = EDGE_LOOP('',(#8780,#8781,#8782,#8788));
#8780 = ORIENTED_EDGE('',*,*,#8748,.F.);
#8781 = ORIENTED_EDGE('',*,*,#843,.F.);
#8782 = ORIENTED_EDGE('',*,*,#8783,.T.);
#8783 = EDGE_CURVE('',#836,#3826,#8784,.T.);
#8784 = LINE('',#8785,#8786);
#8785 = CARTESIAN_POINT('',(-48.33493649053,16.740381056767,-0.5));
#8786 = VECTOR('',#8787,1.);
#8787 = DIRECTION('',(0.,0.,1.));
#8788 = ORIENTED_EDGE('',*,*,#3825,.F.);
#8789 = PLANE('',#8790);
#8790 = AXIS2_PLACEMENT_3D('',#8791,#8792,#8793);
#8791 = CARTESIAN_POINT('',(-48.9378221735,17.08845726812,-1.));
#8792 = DIRECTION('',(0.5,0.866025403784,0.));
#8793 = DIRECTION('',(0.866025403784,-0.5,0.));
#8794 = ADVANCED_FACE('',(#8795),#8806,.T.);
#8795 = FACE_BOUND('',#8796,.T.);
#8796 = EDGE_LOOP('',(#8797,#8798,#8799,#8800));
#8797 = ORIENTED_EDGE('',*,*,#594,.F.);
#8798 = ORIENTED_EDGE('',*,*,#8767,.T.);
#8799 = ORIENTED_EDGE('',*,*,#4074,.F.);
#8800 = ORIENTED_EDGE('',*,*,#8801,.F.);
#8801 = EDGE_CURVE('',#595,#4067,#8802,.T.);
#8802 = LINE('',#8803,#8804);
#8803 = CARTESIAN_POINT('',(-29.25128869403,-41.40192378864,-1.));
#8804 = VECTOR('',#8805,1.);
#8805 = DIRECTION('',(0.,0.,1.));
#8806 = PLANE('',#8807);
#8807 = AXIS2_PLACEMENT_3D('',#8808,#8809,#8810);
#8808 = CARTESIAN_POINT('',(-29.25128869403,-48.40192378864,-1.));
#8809 = DIRECTION('',(-1.,0.,0.));
#8810 = DIRECTION('',(0.,1.,0.));
#8811 = ADVANCED_FACE('',(#8812),#8823,.F.);
#8812 = FACE_BOUND('',#8813,.F.);
#8813 = EDGE_LOOP('',(#8814,#8815,#8816,#8817));
#8814 = ORIENTED_EDGE('',*,*,#835,.F.);
#8815 = ORIENTED_EDGE('',*,*,#8783,.T.);
#8816 = ORIENTED_EDGE('',*,*,#3833,.T.);
#8817 = ORIENTED_EDGE('',*,*,#8818,.T.);
#8818 = EDGE_CURVE('',#3834,#828,#8819,.T.);
#8819 = LINE('',#8820,#8821);
#8820 = CARTESIAN_POINT('',(-49.83493649053,14.142304845413,-0.5));
#8821 = VECTOR('',#8822,1.);
#8822 = DIRECTION('',(0.,0.,-1.));
#8823 = PLANE('',#8824);
#8824 = AXIS2_PLACEMENT_3D('',#8825,#8826,#8827);
#8825 = CARTESIAN_POINT('',(-29.,50.229473419497,0.));
#8826 = DIRECTION('',(0.866025403784,-0.5,0.));
#8827 = DIRECTION('',(-0.5,-0.866025403784,0.));
#8828 = ADVANCED_FACE('',(#8829),#8840,.T.);
#8829 = FACE_BOUND('',#8830,.T.);
#8830 = EDGE_LOOP('',(#8831,#8832,#8833,#8834));
#8831 = ORIENTED_EDGE('',*,*,#602,.F.);
#8832 = ORIENTED_EDGE('',*,*,#8801,.T.);
#8833 = ORIENTED_EDGE('',*,*,#4066,.F.);
#8834 = ORIENTED_EDGE('',*,*,#8835,.F.);
#8835 = EDGE_CURVE('',#603,#4059,#8836,.T.);
#8836 = LINE('',#8837,#8838);
#8837 = CARTESIAN_POINT('',(-35.31346652052,-37.90192378864,-1.));
#8838 = VECTOR('',#8839,1.);
#8839 = DIRECTION('',(0.,0.,1.));
#8840 = PLANE('',#8841);
#8841 = AXIS2_PLACEMENT_3D('',#8842,#8843,#8844);
#8842 = CARTESIAN_POINT('',(-29.25128869403,-41.40192378864,-1.));
#8843 = DIRECTION('',(-0.5,-0.866025403784,0.));
#8844 = DIRECTION('',(-0.866025403784,0.5,0.));
#8845 = ADVANCED_FACE('',(#8846),#8857,.T.);
#8846 = FACE_BOUND('',#8847,.T.);
#8847 = EDGE_LOOP('',(#8848,#8849,#8855,#8856));
#8848 = ORIENTED_EDGE('',*,*,#827,.F.);
#8849 = ORIENTED_EDGE('',*,*,#8850,.T.);
#8850 = EDGE_CURVE('',#820,#3842,#8851,.T.);
#8851 = LINE('',#8852,#8853);
#8852 = CARTESIAN_POINT('',(-44.37564434701,10.990381056767,-1.));
#8853 = VECTOR('',#8854,1.);
#8854 = DIRECTION('',(0.,0.,1.));
#8855 = ORIENTED_EDGE('',*,*,#3841,.F.);
#8856 = ORIENTED_EDGE('',*,*,#8818,.T.);
#8857 = PLANE('',#8858);
#8858 = AXIS2_PLACEMENT_3D('',#8859,#8860,#8861);
#8859 = CARTESIAN_POINT('',(-44.37564434701,10.990381056767,-1.));
#8860 = DIRECTION('',(-0.5,-0.866025403784,0.));
#8861 = DIRECTION('',(-0.866025403784,0.5,0.));
#8862 = ADVANCED_FACE('',(#8863),#8874,.T.);
#8863 = FACE_BOUND('',#8864,.T.);
#8864 = EDGE_LOOP('',(#8865,#8866,#8867,#8868));
#8865 = ORIENTED_EDGE('',*,*,#610,.F.);
#8866 = ORIENTED_EDGE('',*,*,#8835,.T.);
#8867 = ORIENTED_EDGE('',*,*,#4058,.F.);
#8868 = ORIENTED_EDGE('',*,*,#8869,.T.);
#8869 = EDGE_CURVE('',#4051,#611,#8870,.T.);
#8870 = LINE('',#8871,#8872);
#8871 = CARTESIAN_POINT('',(-36.78643465297,-38.75234233642,-0.5));
#8872 = VECTOR('',#8873,1.);
#8873 = DIRECTION('',(0.,0.,-1.));
#8874 = PLANE('',#8875);
#8875 = AXIS2_PLACEMENT_3D('',#8876,#8877,#8878);
#8876 = CARTESIAN_POINT('',(-35.31346652052,-37.90192378864,-1.));
#8877 = DIRECTION('',(0.5,-0.866025403784,0.));
#8878 = DIRECTION('',(-0.866025403784,-0.5,0.));
#8879 = ADVANCED_FACE('',(#8880),#8891,.T.);
#8880 = FACE_BOUND('',#8881,.T.);
#8881 = EDGE_LOOP('',(#8882,#8883,#8889,#8890));
#8882 = ORIENTED_EDGE('',*,*,#819,.F.);
#8883 = ORIENTED_EDGE('',*,*,#8884,.T.);
#8884 = EDGE_CURVE('',#812,#3850,#8885,.T.);
#8885 = LINE('',#8886,#8887);
#8886 = CARTESIAN_POINT('',(-44.37564434701,3.990381056767,-1.));
#8887 = VECTOR('',#8888,1.);
#8888 = DIRECTION('',(0.,0.,1.));
#8889 = ORIENTED_EDGE('',*,*,#3849,.F.);
#8890 = ORIENTED_EDGE('',*,*,#8850,.F.);
#8891 = PLANE('',#8892);
#8892 = AXIS2_PLACEMENT_3D('',#8893,#8894,#8895);
#8893 = CARTESIAN_POINT('',(-44.37564434701,3.990381056767,-1.));
#8894 = DIRECTION('',(-1.,1.015061051086E-15,0.));
#8895 = DIRECTION('',(1.015061051086E-15,1.,0.));
#8896 = ADVANCED_FACE('',(#8897),#8908,.F.);
#8897 = FACE_BOUND('',#8898,.F.);
#8898 = EDGE_LOOP('',(#8899,#8900,#8906,#8907));
#8899 = ORIENTED_EDGE('',*,*,#618,.F.);
#8900 = ORIENTED_EDGE('',*,*,#8901,.F.);
#8901 = EDGE_CURVE('',#4043,#619,#8902,.T.);
#8902 = LINE('',#8903,#8904);
#8903 = CARTESIAN_POINT('',(-36.22394902631,-37.71722667463,0.));
#8904 = VECTOR('',#8905,1.);
#8905 = DIRECTION('',(0.,0.,-1.));
#8906 = ORIENTED_EDGE('',*,*,#4050,.T.);
#8907 = ORIENTED_EDGE('',*,*,#8869,.T.);
#8908 = PLANE('',#8909);
#8909 = AXIS2_PLACEMENT_3D('',#8910,#8911,#8912);
#8910 = CARTESIAN_POINT('',(-27.20833024919,-21.12621038072,0.));
#8911 = DIRECTION('',(0.878652013632,-0.477462709476,0.));
#8912 = DIRECTION('',(-0.477462709476,-0.878652013632,0.));
#8913 = ADVANCED_FACE('',(#8914),#8925,.T.);
#8914 = FACE_BOUND('',#8915,.T.);
#8915 = EDGE_LOOP('',(#8916,#8917,#8923,#8924));
#8916 = ORIENTED_EDGE('',*,*,#811,.F.);
#8917 = ORIENTED_EDGE('',*,*,#8918,.T.);
#8918 = EDGE_CURVE('',#804,#3858,#8919,.T.);
#8919 = LINE('',#8920,#8921);
#8920 = CARTESIAN_POINT('',(-50.4378221735,0.490381056767,-1.));
#8921 = VECTOR('',#8922,1.);
#8922 = DIRECTION('',(0.,0.,1.));
#8923 = ORIENTED_EDGE('',*,*,#3857,.F.);
#8924 = ORIENTED_EDGE('',*,*,#8884,.F.);
#8925 = PLANE('',#8926);
#8926 = AXIS2_PLACEMENT_3D('',#8927,#8928,#8929);
#8927 = CARTESIAN_POINT('',(-50.4378221735,0.490381056767,-1.));
#8928 = DIRECTION('',(-0.5,0.866025403784,0.));
#8929 = DIRECTION('',(0.866025403784,0.5,0.));
#8930 = ADVANCED_FACE('',(#8931),#8942,.F.);
#8931 = FACE_BOUND('',#8932,.F.);
#8932 = EDGE_LOOP('',(#8933,#8934,#8940,#8941));
#8933 = ORIENTED_EDGE('',*,*,#626,.F.);
#8934 = ORIENTED_EDGE('',*,*,#8935,.T.);
#8935 = EDGE_CURVE('',#627,#4035,#8936,.T.);
#8936 = LINE('',#8937,#8938);
#8937 = CARTESIAN_POINT('',(-37.41635220349,-35.65192378864,-0.5));
#8938 = VECTOR('',#8939,1.);
#8939 = DIRECTION('',(0.,0.,1.));
#8940 = ORIENTED_EDGE('',*,*,#4042,.T.);
#8941 = ORIENTED_EDGE('',*,*,#8901,.T.);
#8942 = PLANE('',#8943);
#8943 = AXIS2_PLACEMENT_3D('',#8944,#8945,#8946);
#8944 = CARTESIAN_POINT('',(-58.,7.102951435055E-15,0.));
#8945 = DIRECTION('',(0.866025403784,0.5,0.));
#8946 = DIRECTION('',(0.5,-0.866025403784,0.));
#8947 = ADVANCED_FACE('',(#8948),#8959,.T.);
#8948 = FACE_BOUND('',#8949,.T.);
#8949 = EDGE_LOOP('',(#8950,#8951,#8957,#8958));
#8950 = ORIENTED_EDGE('',*,*,#803,.F.);
#8951 = ORIENTED_EDGE('',*,*,#8952,.T.);
#8952 = EDGE_CURVE('',#796,#3866,#8953,.T.);
#8953 = LINE('',#8954,#8955);
#8954 = CARTESIAN_POINT('',(-56.5,3.990381056767,-1.));
#8955 = VECTOR('',#8956,1.);
#8956 = DIRECTION('',(0.,0.,1.));
#8957 = ORIENTED_EDGE('',*,*,#3865,.F.);
#8958 = ORIENTED_EDGE('',*,*,#8918,.F.);
#8959 = PLANE('',#8960);
#8960 = AXIS2_PLACEMENT_3D('',#8961,#8962,#8963);
#8961 = CARTESIAN_POINT('',(-56.5,3.990381056767,-1.));
#8962 = DIRECTION('',(0.5,0.866025403784,0.));
#8963 = DIRECTION('',(0.866025403784,-0.5,0.));
#8964 = ADVANCED_FACE('',(#8965),#8976,.T.);
#8965 = FACE_BOUND('',#8966,.T.);
#8966 = EDGE_LOOP('',(#8967,#8973,#8974,#8975));
#8967 = ORIENTED_EDGE('',*,*,#8968,.F.);
#8968 = EDGE_CURVE('',#635,#4027,#8969,.T.);
#8969 = LINE('',#8970,#8971);
#8970 = CARTESIAN_POINT('',(-36.81346652052,-35.30384757729,-1.));
#8971 = VECTOR('',#8972,1.);
#8972 = DIRECTION('',(0.,0.,1.));
#8973 = ORIENTED_EDGE('',*,*,#634,.F.);
#8974 = ORIENTED_EDGE('',*,*,#8935,.T.);
#8975 = ORIENTED_EDGE('',*,*,#4034,.F.);
#8976 = PLANE('',#8977);
#8977 = AXIS2_PLACEMENT_3D('',#8978,#8979,#8980);
#8978 = CARTESIAN_POINT('',(-42.87564434701,-38.80384757729,-1.));
#8979 = DIRECTION('',(-0.5,0.866025403784,0.));
#8980 = DIRECTION('',(0.866025403784,0.5,0.));
#8981 = ADVANCED_FACE('',(#8982),#8993,.T.);
#8982 = FACE_BOUND('',#8983,.T.);
#8983 = EDGE_LOOP('',(#8984,#8985,#8991,#8992));
#8984 = ORIENTED_EDGE('',*,*,#795,.F.);
#8985 = ORIENTED_EDGE('',*,*,#8986,.T.);
#8986 = EDGE_CURVE('',#788,#3874,#8987,.T.);
#8987 = LINE('',#8988,#8989);
#8988 = CARTESIAN_POINT('',(-56.5,10.990381056767,-1.));
#8989 = VECTOR('',#8990,1.);
#8990 = DIRECTION('',(0.,0.,1.));
#8991 = ORIENTED_EDGE('',*,*,#3873,.F.);
#8992 = ORIENTED_EDGE('',*,*,#8952,.F.);
#8993 = PLANE('',#8994);
#8994 = AXIS2_PLACEMENT_3D('',#8995,#8996,#8997);
#8995 = CARTESIAN_POINT('',(-56.5,10.990381056767,-1.));
#8996 = DIRECTION('',(1.,0.,0.));
#8997 = DIRECTION('',(0.,-1.,0.));
#8998 = ADVANCED_FACE('',(#8999),#9010,.T.);
#8999 = FACE_BOUND('',#9000,.T.);
#9000 = EDGE_LOOP('',(#9001,#9002,#9003,#9004));
#9001 = ORIENTED_EDGE('',*,*,#642,.F.);
#9002 = ORIENTED_EDGE('',*,*,#8968,.T.);
#9003 = ORIENTED_EDGE('',*,*,#4026,.F.);
#9004 = ORIENTED_EDGE('',*,*,#9005,.F.);
#9005 = EDGE_CURVE('',#643,#4019,#9006,.T.);
#9006 = LINE('',#9007,#9008);
#9007 = CARTESIAN_POINT('',(-36.81346652052,-28.30384757729,-1.));
#9008 = VECTOR('',#9009,1.);
#9009 = DIRECTION('',(0.,0.,1.));
#9010 = PLANE('',#9011);
#9011 = AXIS2_PLACEMENT_3D('',#9012,#9013,#9014);
#9012 = CARTESIAN_POINT('',(-36.81346652052,-35.30384757729,-1.));
#9013 = DIRECTION('',(-1.,1.015061051086E-15,0.));
#9014 = DIRECTION('',(1.015061051086E-15,1.,0.));
#9015 = ADVANCED_FACE('',(#9016),#9027,.T.);
#9016 = FACE_BOUND('',#9017,.T.);
#9017 = EDGE_LOOP('',(#9018,#9019,#9020,#9026));
#9018 = ORIENTED_EDGE('',*,*,#8986,.F.);
#9019 = ORIENTED_EDGE('',*,*,#787,.F.);
#9020 = ORIENTED_EDGE('',*,*,#9021,.T.);
#9021 = EDGE_CURVE('',#780,#3882,#9022,.T.);
#9022 = LINE('',#9023,#9024);
#9023 = CARTESIAN_POINT('',(-54.00873267413,12.428714917981,-0.5));
#9024 = VECTOR('',#9025,1.);
#9025 = DIRECTION('',(0.,0.,1.));
#9026 = ORIENTED_EDGE('',*,*,#3881,.F.);
#9027 = PLANE('',#9028);
#9028 = AXIS2_PLACEMENT_3D('',#9029,#9030,#9031);
#9029 = CARTESIAN_POINT('',(-50.4378221735,14.490381056767,-1.));
#9030 = DIRECTION('',(0.5,-0.866025403784,0.));
#9031 = DIRECTION('',(-0.866025403784,-0.5,0.));
#9032 = ADVANCED_FACE('',(#9033),#9044,.T.);
#9033 = FACE_BOUND('',#9034,.T.);
#9034 = EDGE_LOOP('',(#9035,#9036,#9037,#9038));
#9035 = ORIENTED_EDGE('',*,*,#650,.F.);
#9036 = ORIENTED_EDGE('',*,*,#9005,.T.);
#9037 = ORIENTED_EDGE('',*,*,#4018,.F.);
#9038 = ORIENTED_EDGE('',*,*,#9039,.F.);
#9039 = EDGE_CURVE('',#651,#4011,#9040,.T.);
#9040 = LINE('',#9041,#9042);
#9041 = CARTESIAN_POINT('',(-42.87564434701,-24.80384757729,-1.));
#9042 = VECTOR('',#9043,1.);
#9043 = DIRECTION('',(0.,0.,1.));
#9044 = PLANE('',#9045);
#9045 = AXIS2_PLACEMENT_3D('',#9046,#9047,#9048);
#9046 = CARTESIAN_POINT('',(-36.81346652052,-28.30384757729,-1.));
#9047 = DIRECTION('',(-0.5,-0.866025403784,0.));
#9048 = DIRECTION('',(-0.866025403784,0.5,0.));
#9049 = ADVANCED_FACE('',(#9050),#9061,.F.);
#9050 = FACE_BOUND('',#9051,.F.);
#9051 = EDGE_LOOP('',(#9052,#9053,#9054,#9055));
#9052 = ORIENTED_EDGE('',*,*,#779,.F.);
#9053 = ORIENTED_EDGE('',*,*,#9021,.T.);
#9054 = ORIENTED_EDGE('',*,*,#3889,.T.);
#9055 = ORIENTED_EDGE('',*,*,#9056,.F.);
#9056 = EDGE_CURVE('',#771,#3890,#9057,.T.);
#9057 = LINE('',#9058,#9059);
#9058 = CARTESIAN_POINT('',(-134.5126600399,10.348510076486,0.));
#9059 = VECTOR('',#9060,1.);
#9060 = DIRECTION('',(0.,0.,1.));
#9061 = PLANE('',#9062);
#9062 = AXIS2_PLACEMENT_3D('',#9063,#9064,#9065);
#9063 = CARTESIAN_POINT('',(-31.9,13.,0.));
#9064 = DIRECTION('',(2.583117104987E-02,-0.99966631963,0.));
#9065 = DIRECTION('',(-0.99966631963,-2.583117104987E-02,0.));
#9066 = ADVANCED_FACE('',(#9067),#9078,.T.);
#9067 = FACE_BOUND('',#9068,.T.);
#9068 = EDGE_LOOP('',(#9069,#9070,#9071,#9072));
#9069 = ORIENTED_EDGE('',*,*,#658,.F.);
#9070 = ORIENTED_EDGE('',*,*,#9039,.T.);
#9071 = ORIENTED_EDGE('',*,*,#4010,.F.);
#9072 = ORIENTED_EDGE('',*,*,#9073,.T.);
#9073 = EDGE_CURVE('',#4003,#659,#9074,.T.);
#9074 = LINE('',#9075,#9076);
#9075 = CARTESIAN_POINT('',(-43.47853002998,-25.15192378864,-0.5));
#9076 = VECTOR('',#9077,1.);
#9077 = DIRECTION('',(0.,0.,-1.));
#9078 = PLANE('',#9079);
#9079 = AXIS2_PLACEMENT_3D('',#9080,#9081,#9082);
#9080 = CARTESIAN_POINT('',(-42.87564434701,-24.80384757729,-1.));
#9081 = DIRECTION('',(0.5,-0.866025403784,0.));
#9082 = DIRECTION('',(-0.866025403784,-0.5,0.));
#9083 = ADVANCED_FACE('',(#9084),#9095,.T.);
#9084 = FACE_BOUND('',#9085,.T.);
#9085 = EDGE_LOOP('',(#9086,#9087,#9088,#9089));
#9086 = ORIENTED_EDGE('',*,*,#3897,.F.);
#9087 = ORIENTED_EDGE('',*,*,#9056,.F.);
#9088 = ORIENTED_EDGE('',*,*,#770,.T.);
#9089 = ORIENTED_EDGE('',*,*,#9090,.T.);
#9090 = EDGE_CURVE('',#763,#3898,#9091,.T.);
#9091 = LINE('',#9092,#9093);
#9092 = CARTESIAN_POINT('',(-134.5126600399,-10.34851007648,0.));
#9093 = VECTOR('',#9094,1.);
#9094 = DIRECTION('',(0.,0.,1.));
#9095 = CYLINDRICAL_SURFACE('',#9096,17.);
#9096 = AXIS2_PLACEMENT_3D('',#9097,#9098,#9099);
#9097 = CARTESIAN_POINT('',(-148.,1.812477262738E-14,0.));
#9098 = DIRECTION('',(0.,0.,1.));
#9099 = DIRECTION('',(1.,0.,0.));
#9100 = ADVANCED_FACE('',(#9101),#9112,.F.);
#9101 = FACE_BOUND('',#9102,.F.);
#9102 = EDGE_LOOP('',(#9103,#9104,#9110,#9111));
#9103 = ORIENTED_EDGE('',*,*,#666,.F.);
#9104 = ORIENTED_EDGE('',*,*,#9105,.T.);
#9105 = EDGE_CURVE('',#667,#3995,#9106,.T.);
#9106 = LINE('',#9107,#9108);
#9107 = CARTESIAN_POINT('',(-44.97853002998,-22.55384757729,-0.5));
#9108 = VECTOR('',#9109,1.);
#9109 = DIRECTION('',(0.,0.,1.));
#9110 = ORIENTED_EDGE('',*,*,#4002,.T.);
#9111 = ORIENTED_EDGE('',*,*,#9073,.T.);
#9112 = PLANE('',#9113);
#9113 = AXIS2_PLACEMENT_3D('',#9114,#9115,#9116);
#9114 = CARTESIAN_POINT('',(-58.,7.102951435055E-15,0.));
#9115 = DIRECTION('',(0.866025403784,0.5,0.));
#9116 = DIRECTION('',(0.5,-0.866025403784,0.));
#9117 = ADVANCED_FACE('',(#9118),#9129,.F.);
#9118 = FACE_BOUND('',#9119,.F.);
#9119 = EDGE_LOOP('',(#9120,#9121,#9122,#9123));
#9120 = ORIENTED_EDGE('',*,*,#762,.F.);
#9121 = ORIENTED_EDGE('',*,*,#9090,.T.);
#9122 = ORIENTED_EDGE('',*,*,#3906,.T.);
#9123 = ORIENTED_EDGE('',*,*,#9124,.T.);
#9124 = EDGE_CURVE('',#3907,#755,#9125,.T.);
#9125 = LINE('',#9126,#9127);
#9126 = CARTESIAN_POINT('',(-58.51152928468,-12.31236358437,-0.5));
#9127 = VECTOR('',#9128,1.);
#9128 = DIRECTION('',(0.,0.,-1.));
#9129 = PLANE('',#9130);
#9130 = AXIS2_PLACEMENT_3D('',#9131,#9132,#9133);
#9131 = CARTESIAN_POINT('',(-148.,-10.,0.));
#9132 = DIRECTION('',(2.583117104987E-02,0.99966631963,0.));
#9133 = DIRECTION('',(0.99966631963,-2.583117104987E-02,0.));
#9134 = ADVANCED_FACE('',(#9135),#9146,.T.);
#9135 = FACE_BOUND('',#9136,.T.);
#9136 = EDGE_LOOP('',(#9137,#9143,#9144,#9145));
#9137 = ORIENTED_EDGE('',*,*,#9138,.F.);
#9138 = EDGE_CURVE('',#675,#3987,#9139,.T.);
#9139 = LINE('',#9140,#9141);
#9140 = CARTESIAN_POINT('',(-44.37564434701,-22.20577136594,-1.));
#9141 = VECTOR('',#9142,1.);
#9142 = DIRECTION('',(0.,0.,1.));
#9143 = ORIENTED_EDGE('',*,*,#674,.F.);
#9144 = ORIENTED_EDGE('',*,*,#9105,.T.);
#9145 = ORIENTED_EDGE('',*,*,#3994,.F.);
#9146 = PLANE('',#9147);
#9147 = AXIS2_PLACEMENT_3D('',#9148,#9149,#9150);
#9148 = CARTESIAN_POINT('',(-50.4378221735,-25.70577136594,-1.));
#9149 = DIRECTION('',(-0.5,0.866025403784,0.));
#9150 = DIRECTION('',(0.866025403784,0.5,0.));
#9151 = ADVANCED_FACE('',(#9152),#9163,.T.);
#9152 = FACE_BOUND('',#9153,.T.);
#9153 = EDGE_LOOP('',(#9154,#9155,#9161,#9162));
#9154 = ORIENTED_EDGE('',*,*,#754,.F.);
#9155 = ORIENTED_EDGE('',*,*,#9156,.T.);
#9156 = EDGE_CURVE('',#747,#3915,#9157,.T.);
#9157 = LINE('',#9158,#9159);
#9158 = CARTESIAN_POINT('',(-64.06217782649,-9.107695154587,-1.));
#9159 = VECTOR('',#9160,1.);
#9160 = DIRECTION('',(0.,0.,1.));
#9161 = ORIENTED_EDGE('',*,*,#3914,.F.);
#9162 = ORIENTED_EDGE('',*,*,#9124,.T.);
#9163 = PLANE('',#9164);
#9164 = AXIS2_PLACEMENT_3D('',#9165,#9166,#9167);
#9165 = CARTESIAN_POINT('',(-64.06217782649,-9.107695154587,-1.));
#9166 = DIRECTION('',(0.5,0.866025403784,0.));
#9167 = DIRECTION('',(0.866025403784,-0.5,0.));
#9168 = ADVANCED_FACE('',(#9169),#9180,.T.);
#9169 = FACE_BOUND('',#9170,.T.);
#9170 = EDGE_LOOP('',(#9171,#9172,#9173,#9174));
#9171 = ORIENTED_EDGE('',*,*,#682,.F.);
#9172 = ORIENTED_EDGE('',*,*,#9138,.T.);
#9173 = ORIENTED_EDGE('',*,*,#3986,.F.);
#9174 = ORIENTED_EDGE('',*,*,#9175,.F.);
#9175 = EDGE_CURVE('',#683,#3979,#9176,.T.);
#9176 = LINE('',#9177,#9178);
#9177 = CARTESIAN_POINT('',(-44.37564434701,-15.20577136594,-1.));
#9178 = VECTOR('',#9179,1.);
#9179 = DIRECTION('',(0.,0.,1.));
#9180 = PLANE('',#9181);
#9181 = AXIS2_PLACEMENT_3D('',#9182,#9183,#9184);
#9182 = CARTESIAN_POINT('',(-44.37564434701,-22.20577136594,-1.));
#9183 = DIRECTION('',(-1.,1.015061051086E-15,0.));
#9184 = DIRECTION('',(1.015061051086E-15,1.,0.));
#9185 = ADVANCED_FACE('',(#9186),#9197,.T.);
#9186 = FACE_BOUND('',#9187,.T.);
#9187 = EDGE_LOOP('',(#9188,#9189,#9195,#9196));
#9188 = ORIENTED_EDGE('',*,*,#746,.F.);
#9189 = ORIENTED_EDGE('',*,*,#9190,.T.);
#9190 = EDGE_CURVE('',#739,#3923,#9191,.T.);
#9191 = LINE('',#9192,#9193);
#9192 = CARTESIAN_POINT('',(-64.06217782649,-2.107695154587,-1.));
#9193 = VECTOR('',#9194,1.);
#9194 = DIRECTION('',(0.,0.,1.));
#9195 = ORIENTED_EDGE('',*,*,#3922,.F.);
#9196 = ORIENTED_EDGE('',*,*,#9156,.F.);
#9197 = PLANE('',#9198);
#9198 = AXIS2_PLACEMENT_3D('',#9199,#9200,#9201);
#9199 = CARTESIAN_POINT('',(-64.06217782649,-2.107695154587,-1.));
#9200 = DIRECTION('',(1.,0.,0.));
#9201 = DIRECTION('',(0.,-1.,0.));
#9202 = ADVANCED_FACE('',(#9203),#9214,.T.);
#9203 = FACE_BOUND('',#9204,.T.);
#9204 = EDGE_LOOP('',(#9205,#9206,#9207,#9208));
#9205 = ORIENTED_EDGE('',*,*,#690,.F.);
#9206 = ORIENTED_EDGE('',*,*,#9175,.T.);
#9207 = ORIENTED_EDGE('',*,*,#3978,.F.);
#9208 = ORIENTED_EDGE('',*,*,#9209,.F.);
#9209 = EDGE_CURVE('',#691,#3971,#9210,.T.);
#9210 = LINE('',#9211,#9212);
#9211 = CARTESIAN_POINT('',(-50.4378221735,-11.70577136594,-1.));
#9212 = VECTOR('',#9213,1.);
#9213 = DIRECTION('',(0.,0.,1.));
#9214 = PLANE('',#9215);
#9215 = AXIS2_PLACEMENT_3D('',#9216,#9217,#9218);
#9216 = CARTESIAN_POINT('',(-44.37564434701,-15.20577136594,-1.));
#9217 = DIRECTION('',(-0.5,-0.866025403784,0.));
#9218 = DIRECTION('',(-0.866025403784,0.5,0.));
#9219 = ADVANCED_FACE('',(#9220),#9231,.T.);
#9220 = FACE_BOUND('',#9221,.T.);
#9221 = EDGE_LOOP('',(#9222,#9223,#9229,#9230));
#9222 = ORIENTED_EDGE('',*,*,#738,.F.);
#9223 = ORIENTED_EDGE('',*,*,#9224,.T.);
#9224 = EDGE_CURVE('',#731,#3931,#9225,.T.);
#9225 = LINE('',#9226,#9227);
#9226 = CARTESIAN_POINT('',(-58.,1.392304845413,-1.));
#9227 = VECTOR('',#9228,1.);
#9228 = DIRECTION('',(0.,0.,1.));
#9229 = ORIENTED_EDGE('',*,*,#3930,.F.);
#9230 = ORIENTED_EDGE('',*,*,#9190,.F.);
#9231 = PLANE('',#9232);
#9232 = AXIS2_PLACEMENT_3D('',#9233,#9234,#9235);
#9233 = CARTESIAN_POINT('',(-58.,1.392304845413,-1.));
#9234 = DIRECTION('',(0.5,-0.866025403784,0.));
#9235 = DIRECTION('',(-0.866025403784,-0.5,0.));
#9236 = ADVANCED_FACE('',(#9237),#9248,.T.);
#9237 = FACE_BOUND('',#9238,.T.);
#9238 = EDGE_LOOP('',(#9239,#9240,#9241,#9242));
#9239 = ORIENTED_EDGE('',*,*,#698,.F.);
#9240 = ORIENTED_EDGE('',*,*,#9209,.T.);
#9241 = ORIENTED_EDGE('',*,*,#3970,.F.);
#9242 = ORIENTED_EDGE('',*,*,#9243,.T.);
#9243 = EDGE_CURVE('',#3963,#699,#9244,.T.);
#9244 = LINE('',#9245,#9246);
#9245 = CARTESIAN_POINT('',(-51.78932842655,-12.48606386494,-0.5));
#9246 = VECTOR('',#9247,1.);
#9247 = DIRECTION('',(0.,0.,-1.));
#9248 = PLANE('',#9249);
#9249 = AXIS2_PLACEMENT_3D('',#9250,#9251,#9252);
#9250 = CARTESIAN_POINT('',(-50.4378221735,-11.70577136594,-1.));
#9251 = DIRECTION('',(0.5,-0.866025403784,0.));
#9252 = DIRECTION('',(-0.866025403784,-0.5,0.));
#9253 = ADVANCED_FACE('',(#9254),#9265,.T.);
#9254 = FACE_BOUND('',#9255,.T.);
#9255 = EDGE_LOOP('',(#9256,#9257,#9263,#9264));
#9256 = ORIENTED_EDGE('',*,*,#730,.F.);
#9257 = ORIENTED_EDGE('',*,*,#9258,.T.);
#9258 = EDGE_CURVE('',#723,#3939,#9259,.T.);
#9259 = LINE('',#9260,#9261);
#9260 = CARTESIAN_POINT('',(-51.9378221735,-2.107695154587,-1.));
#9261 = VECTOR('',#9262,1.);
#9262 = DIRECTION('',(0.,0.,1.));
#9263 = ORIENTED_EDGE('',*,*,#3938,.F.);
#9264 = ORIENTED_EDGE('',*,*,#9224,.F.);
#9265 = PLANE('',#9266);
#9266 = AXIS2_PLACEMENT_3D('',#9267,#9268,#9269);
#9267 = CARTESIAN_POINT('',(-51.9378221735,-2.107695154587,-1.));
#9268 = DIRECTION('',(-0.5,-0.866025403784,0.));
#9269 = DIRECTION('',(-0.866025403784,0.5,0.));
#9270 = ADVANCED_FACE('',(#9271),#9282,.F.);
#9271 = FACE_BOUND('',#9272,.F.);
#9272 = EDGE_LOOP('',(#9273,#9274,#9280,#9281));
#9273 = ORIENTED_EDGE('',*,*,#706,.F.);
#9274 = ORIENTED_EDGE('',*,*,#9275,.T.);
#9275 = EDGE_CURVE('',#707,#3955,#9276,.T.);
#9276 = LINE('',#9277,#9278);
#9277 = CARTESIAN_POINT('',(-57.53229707054,-12.33766674236,-0.5));
#9278 = VECTOR('',#9279,1.);
#9279 = DIRECTION('',(0.,0.,1.));
#9280 = ORIENTED_EDGE('',*,*,#3962,.T.);
#9281 = ORIENTED_EDGE('',*,*,#9243,.T.);
#9282 = PLANE('',#9283);
#9283 = AXIS2_PLACEMENT_3D('',#9284,#9285,#9286);
#9284 = CARTESIAN_POINT('',(-148.,-10.,0.));
#9285 = DIRECTION('',(2.583117104987E-02,0.99966631963,0.));
#9286 = DIRECTION('',(0.99966631963,-2.583117104987E-02,0.));
#9287 = ADVANCED_FACE('',(#9288),#9299,.T.);
#9288 = FACE_BOUND('',#9289,.T.);
#9289 = EDGE_LOOP('',(#9290,#9291,#9297,#9298));
#9290 = ORIENTED_EDGE('',*,*,#722,.F.);
#9291 = ORIENTED_EDGE('',*,*,#9292,.T.);
#9292 = EDGE_CURVE('',#715,#3947,#9293,.T.);
#9293 = LINE('',#9294,#9295);
#9294 = CARTESIAN_POINT('',(-51.9378221735,-9.107695154587,-1.));
#9295 = VECTOR('',#9296,1.);
#9296 = DIRECTION('',(0.,0.,1.));
#9297 = ORIENTED_EDGE('',*,*,#3946,.F.);
#9298 = ORIENTED_EDGE('',*,*,#9258,.F.);
#9299 = PLANE('',#9300);
#9300 = AXIS2_PLACEMENT_3D('',#9301,#9302,#9303);
#9301 = CARTESIAN_POINT('',(-51.9378221735,-9.107695154587,-1.));
#9302 = DIRECTION('',(-1.,1.015061051086E-15,0.));
#9303 = DIRECTION('',(1.015061051086E-15,1.,0.));
#9304 = ADVANCED_FACE('',(#9305),#9311,.T.);
#9305 = FACE_BOUND('',#9306,.T.);
#9306 = EDGE_LOOP('',(#9307,#9308,#9309,#9310));
#9307 = ORIENTED_EDGE('',*,*,#9292,.F.);
#9308 = ORIENTED_EDGE('',*,*,#714,.F.);
#9309 = ORIENTED_EDGE('',*,*,#9275,.T.);
#9310 = ORIENTED_EDGE('',*,*,#3954,.F.);
#9311 = PLANE('',#9312);
#9312 = AXIS2_PLACEMENT_3D('',#9313,#9314,#9315);
#9313 = CARTESIAN_POINT('',(-58.,-12.60769515458,-1.));
#9314 = DIRECTION('',(-0.5,0.866025403784,0.));
#9315 = DIRECTION('',(0.866025403784,0.5,0.));
#9316 = ADVANCED_FACE('',(#9317),#9328,.F.);
#9317 = FACE_BOUND('',#9318,.F.);
#9318 = EDGE_LOOP('',(#9319,#9320,#9326,#9327));
#9319 = ORIENTED_EDGE('',*,*,#5197,.F.);
#9320 = ORIENTED_EDGE('',*,*,#9321,.F.);
#9321 = EDGE_CURVE('',#1378,#5198,#9322,.T.);
#9322 = LINE('',#9323,#9324);
#9323 = CARTESIAN_POINT('',(81.156854249492,-133.8286140095,-2.));
#9324 = VECTOR('',#9325,1.);
#9325 = DIRECTION('',(0.,0.,1.));
#9326 = ORIENTED_EDGE('',*,*,#1377,.T.);
#9327 = ORIENTED_EDGE('',*,*,#9321,.T.);
#9328 = CYLINDRICAL_SURFACE('',#9329,1.5);
#9329 = AXIS2_PLACEMENT_3D('',#9330,#9331,#9332);
#9330 = CARTESIAN_POINT('',(79.656854249492,-133.8286140095,-2.));
#9331 = DIRECTION('',(0.,0.,1.));
#9332 = DIRECTION('',(1.,0.,0.));
#9333 = ADVANCED_FACE('',(#9334),#9345,.F.);
#9334 = FACE_BOUND('',#9335,.F.);
#9335 = EDGE_LOOP('',(#9336,#9337,#9343,#9344));
#9336 = ORIENTED_EDGE('',*,*,#5208,.F.);
#9337 = ORIENTED_EDGE('',*,*,#9338,.F.);
#9338 = EDGE_CURVE('',#1389,#5209,#9339,.T.);
#9339 = LINE('',#9340,#9341);
#9340 = CARTESIAN_POINT('',(81.156854249492,-122.5149055106,-2.));
#9341 = VECTOR('',#9342,1.);
#9342 = DIRECTION('',(0.,0.,1.));
#9343 = ORIENTED_EDGE('',*,*,#1388,.T.);
#9344 = ORIENTED_EDGE('',*,*,#9338,.T.);
#9345 = CYLINDRICAL_SURFACE('',#9346,1.5);
#9346 = AXIS2_PLACEMENT_3D('',#9347,#9348,#9349);
#9347 = CARTESIAN_POINT('',(79.656854249492,-122.5149055106,-2.));
#9348 = DIRECTION('',(0.,0.,1.));
#9349 = DIRECTION('',(1.,0.,0.));
#9350 = ADVANCED_FACE('',(#9351),#9362,.F.);
#9351 = FACE_BOUND('',#9352,.F.);
#9352 = EDGE_LOOP('',(#9353,#9354,#9360,#9361));
#9353 = ORIENTED_EDGE('',*,*,#5164,.F.);
#9354 = ORIENTED_EDGE('',*,*,#9355,.F.);
#9355 = EDGE_CURVE('',#1400,#5165,#9356,.T.);
#9356 = LINE('',#9357,#9358);
#9357 = CARTESIAN_POINT('',(69.843145750508,-133.8286140095,-2.));
#9358 = VECTOR('',#9359,1.);
#9359 = DIRECTION('',(0.,0.,1.));
#9360 = ORIENTED_EDGE('',*,*,#1399,.T.);
#9361 = ORIENTED_EDGE('',*,*,#9355,.T.);
#9362 = CYLINDRICAL_SURFACE('',#9363,1.5);
#9363 = AXIS2_PLACEMENT_3D('',#9364,#9365,#9366);
#9364 = CARTESIAN_POINT('',(68.343145750508,-133.8286140095,-2.));
#9365 = DIRECTION('',(0.,0.,1.));
#9366 = DIRECTION('',(1.,0.,0.));
#9367 = ADVANCED_FACE('',(#9368),#9379,.F.);
#9368 = FACE_BOUND('',#9369,.F.);
#9369 = EDGE_LOOP('',(#9370,#9371,#9377,#9378));
#9370 = ORIENTED_EDGE('',*,*,#5175,.F.);
#9371 = ORIENTED_EDGE('',*,*,#9372,.F.);
#9372 = EDGE_CURVE('',#1411,#5176,#9373,.T.);
#9373 = LINE('',#9374,#9375);
#9374 = CARTESIAN_POINT('',(78.,-128.17175976,-2.));
#9375 = VECTOR('',#9376,1.);
#9376 = DIRECTION('',(0.,0.,1.));
#9377 = ORIENTED_EDGE('',*,*,#1410,.T.);
#9378 = ORIENTED_EDGE('',*,*,#9372,.T.);
#9379 = CYLINDRICAL_SURFACE('',#9380,4.);
#9380 = AXIS2_PLACEMENT_3D('',#9381,#9382,#9383);
#9381 = CARTESIAN_POINT('',(74.,-128.17175976,-2.));
#9382 = DIRECTION('',(0.,0.,1.));
#9383 = DIRECTION('',(1.,0.,0.));
#9384 = ADVANCED_FACE('',(#9385),#9396,.F.);
#9385 = FACE_BOUND('',#9386,.F.);
#9386 = EDGE_LOOP('',(#9387,#9388,#9394,#9395));
#9387 = ORIENTED_EDGE('',*,*,#5186,.F.);
#9388 = ORIENTED_EDGE('',*,*,#9389,.F.);
#9389 = EDGE_CURVE('',#1422,#5187,#9390,.T.);
#9390 = LINE('',#9391,#9392);
#9391 = CARTESIAN_POINT('',(69.843145750508,-122.5149055106,-2.));
#9392 = VECTOR('',#9393,1.);
#9393 = DIRECTION('',(0.,0.,1.));
#9394 = ORIENTED_EDGE('',*,*,#1421,.T.);
#9395 = ORIENTED_EDGE('',*,*,#9389,.T.);
#9396 = CYLINDRICAL_SURFACE('',#9397,1.5);
#9397 = AXIS2_PLACEMENT_3D('',#9398,#9399,#9400);
#9398 = CARTESIAN_POINT('',(68.343145750508,-122.5149055106,-2.));
#9399 = DIRECTION('',(0.,0.,1.));
#9400 = DIRECTION('',(1.,0.,0.));
#9401 = ADVANCED_FACE('',(#9402),#9413,.F.);
#9402 = FACE_BOUND('',#9403,.F.);
#9403 = EDGE_LOOP('',(#9404,#9405,#9411,#9412));
#9404 = ORIENTED_EDGE('',*,*,#5641,.F.);
#9405 = ORIENTED_EDGE('',*,*,#9406,.F.);
#9406 = EDGE_CURVE('',#1433,#5642,#9407,.T.);
#9407 = LINE('',#9408,#9409);
#9408 = CARTESIAN_POINT('',(155.15685424949,-5.656854249492,-2.));
#9409 = VECTOR('',#9410,1.);
#9410 = DIRECTION('',(0.,0.,1.));
#9411 = ORIENTED_EDGE('',*,*,#1432,.T.);
#9412 = ORIENTED_EDGE('',*,*,#9406,.T.);
#9413 = CYLINDRICAL_SURFACE('',#9414,1.5);
#9414 = AXIS2_PLACEMENT_3D('',#9415,#9416,#9417);
#9415 = CARTESIAN_POINT('',(153.65685424949,-5.656854249492,-2.));
#9416 = DIRECTION('',(0.,0.,1.));
#9417 = DIRECTION('',(1.,0.,0.));
#9418 = ADVANCED_FACE('',(#9419),#9430,.F.);
#9419 = FACE_BOUND('',#9420,.F.);
#9420 = EDGE_LOOP('',(#9421,#9422,#9428,#9429));
#9421 = ORIENTED_EDGE('',*,*,#5630,.F.);
#9422 = ORIENTED_EDGE('',*,*,#9423,.F.);
#9423 = EDGE_CURVE('',#1444,#5631,#9424,.T.);
#9424 = LINE('',#9425,#9426);
#9425 = CARTESIAN_POINT('',(143.8431457505,-5.656854249492,-2.));
#9426 = VECTOR('',#9427,1.);
#9427 = DIRECTION('',(0.,0.,1.));
#9428 = ORIENTED_EDGE('',*,*,#1443,.T.);
#9429 = ORIENTED_EDGE('',*,*,#9423,.T.);
#9430 = CYLINDRICAL_SURFACE('',#9431,1.5);
#9431 = AXIS2_PLACEMENT_3D('',#9432,#9433,#9434);
#9432 = CARTESIAN_POINT('',(142.3431457505,-5.656854249492,-2.));
#9433 = DIRECTION('',(0.,0.,1.));
#9434 = DIRECTION('',(1.,0.,0.));
#9435 = ADVANCED_FACE('',(#9436),#9452,.T.);
#9436 = FACE_BOUND('',#9437,.T.);
#9437 = EDGE_LOOP('',(#9438,#9439,#9445,#9446));
#9438 = ORIENTED_EDGE('',*,*,#1454,.F.);
#9439 = ORIENTED_EDGE('',*,*,#9440,.T.);
#9440 = EDGE_CURVE('',#1455,#5238,#9441,.T.);
#9441 = LINE('',#9442,#9443);
#9442 = CARTESIAN_POINT('',(38.808311744384,-54.5,-1.));
#9443 = VECTOR('',#9444,1.);
#9444 = DIRECTION('',(0.,0.,1.));
#9445 = ORIENTED_EDGE('',*,*,#5237,.F.);
#9446 = ORIENTED_EDGE('',*,*,#9447,.F.);
#9447 = EDGE_CURVE('',#1457,#5230,#9448,.T.);
#9448 = LINE('',#9449,#9450);
#9449 = CARTESIAN_POINT('',(32.746133917893,-51.,-1.));
#9450 = VECTOR('',#9451,1.);
#9451 = DIRECTION('',(0.,0.,1.));
#9452 = PLANE('',#9453);
#9453 = AXIS2_PLACEMENT_3D('',#9454,#9455,#9456);
#9454 = CARTESIAN_POINT('',(38.808311744384,-54.5,-1.));
#9455 = DIRECTION('',(-0.5,-0.866025403784,0.));
#9456 = DIRECTION('',(-0.866025403784,0.5,0.));
#9457 = ADVANCED_FACE('',(#9458),#9469,.T.);
#9458 = FACE_BOUND('',#9459,.T.);
#9459 = EDGE_LOOP('',(#9460,#9461,#9467,#9468));
#9460 = ORIENTED_EDGE('',*,*,#1496,.F.);
#9461 = ORIENTED_EDGE('',*,*,#9462,.T.);
#9462 = EDGE_CURVE('',#1489,#5246,#9463,.T.);
#9463 = LINE('',#9464,#9465);
#9464 = CARTESIAN_POINT('',(38.808311744384,-61.5,-1.));
#9465 = VECTOR('',#9466,1.);
#9466 = DIRECTION('',(0.,0.,1.));
#9467 = ORIENTED_EDGE('',*,*,#5245,.F.);
#9468 = ORIENTED_EDGE('',*,*,#9440,.F.);
#9469 = PLANE('',#9470);
#9470 = AXIS2_PLACEMENT_3D('',#9471,#9472,#9473);
#9471 = CARTESIAN_POINT('',(38.808311744384,-61.5,-1.));
#9472 = DIRECTION('',(-1.,1.015061051086E-15,0.));
#9473 = DIRECTION('',(1.015061051086E-15,1.,0.));
#9474 = ADVANCED_FACE('',(#9475),#9486,.T.);
#9475 = FACE_BOUND('',#9476,.T.);
#9476 = EDGE_LOOP('',(#9477,#9478,#9479,#9480));
#9477 = ORIENTED_EDGE('',*,*,#1464,.F.);
#9478 = ORIENTED_EDGE('',*,*,#9447,.T.);
#9479 = ORIENTED_EDGE('',*,*,#5229,.F.);
#9480 = ORIENTED_EDGE('',*,*,#9481,.F.);
#9481 = EDGE_CURVE('',#1465,#5222,#9482,.T.);
#9482 = LINE('',#9483,#9484);
#9483 = CARTESIAN_POINT('',(26.683956091402,-54.5,-1.));
#9484 = VECTOR('',#9485,1.);
#9485 = DIRECTION('',(0.,0.,1.));
#9486 = PLANE('',#9487);
#9487 = AXIS2_PLACEMENT_3D('',#9488,#9489,#9490);
#9488 = CARTESIAN_POINT('',(32.746133917893,-51.,-1.));
#9489 = DIRECTION('',(0.5,-0.866025403784,0.));
#9490 = DIRECTION('',(-0.866025403784,-0.5,0.));
#9491 = ADVANCED_FACE('',(#9492),#9503,.T.);
#9492 = FACE_BOUND('',#9493,.T.);
#9493 = EDGE_LOOP('',(#9494,#9495,#9501,#9502));
#9494 = ORIENTED_EDGE('',*,*,#1488,.F.);
#9495 = ORIENTED_EDGE('',*,*,#9496,.T.);
#9496 = EDGE_CURVE('',#1481,#5254,#9497,.T.);
#9497 = LINE('',#9498,#9499);
#9498 = CARTESIAN_POINT('',(32.746133917893,-65.,-1.));
#9499 = VECTOR('',#9500,1.);
#9500 = DIRECTION('',(0.,0.,1.));
#9501 = ORIENTED_EDGE('',*,*,#5253,.F.);
#9502 = ORIENTED_EDGE('',*,*,#9462,.F.);
#9503 = PLANE('',#9504);
#9504 = AXIS2_PLACEMENT_3D('',#9505,#9506,#9507);
#9505 = CARTESIAN_POINT('',(32.746133917893,-65.,-1.));
#9506 = DIRECTION('',(-0.5,0.866025403784,0.));
#9507 = DIRECTION('',(0.866025403784,0.5,0.));
#9508 = ADVANCED_FACE('',(#9509),#9520,.T.);
#9509 = FACE_BOUND('',#9510,.T.);
#9510 = EDGE_LOOP('',(#9511,#9512,#9513,#9514));
#9511 = ORIENTED_EDGE('',*,*,#1472,.F.);
#9512 = ORIENTED_EDGE('',*,*,#9481,.T.);
#9513 = ORIENTED_EDGE('',*,*,#5219,.F.);
#9514 = ORIENTED_EDGE('',*,*,#9515,.F.);
#9515 = EDGE_CURVE('',#1473,#5220,#9516,.T.);
#9516 = LINE('',#9517,#9518);
#9517 = CARTESIAN_POINT('',(26.683956091402,-61.5,-1.));
#9518 = VECTOR('',#9519,1.);
#9519 = DIRECTION('',(0.,0.,1.));
#9520 = PLANE('',#9521);
#9521 = AXIS2_PLACEMENT_3D('',#9522,#9523,#9524);
#9522 = CARTESIAN_POINT('',(26.683956091402,-54.5,-1.));
#9523 = DIRECTION('',(1.,5.075305255429E-16,0.));
#9524 = DIRECTION('',(5.075305255429E-16,-1.,0.));
#9525 = ADVANCED_FACE('',(#9526),#9532,.T.);
#9526 = FACE_BOUND('',#9527,.T.);
#9527 = EDGE_LOOP('',(#9528,#9529,#9530,#9531));
#9528 = ORIENTED_EDGE('',*,*,#1480,.F.);
#9529 = ORIENTED_EDGE('',*,*,#9515,.T.);
#9530 = ORIENTED_EDGE('',*,*,#5261,.F.);
#9531 = ORIENTED_EDGE('',*,*,#9496,.F.);
#9532 = PLANE('',#9533);
#9533 = AXIS2_PLACEMENT_3D('',#9534,#9535,#9536);
#9534 = CARTESIAN_POINT('',(26.683956091402,-61.5,-1.));
#9535 = DIRECTION('',(0.5,0.866025403784,0.));
#9536 = DIRECTION('',(0.866025403784,-0.5,0.));
#9537 = ADVANCED_FACE('',(#9538),#9554,.T.);
#9538 = FACE_BOUND('',#9539,.T.);
#9539 = EDGE_LOOP('',(#9540,#9541,#9547,#9548));
#9540 = ORIENTED_EDGE('',*,*,#1504,.F.);
#9541 = ORIENTED_EDGE('',*,*,#9542,.T.);
#9542 = EDGE_CURVE('',#1505,#5288,#9543,.T.);
#9543 = LINE('',#9544,#9545);
#9544 = CARTESIAN_POINT('',(31.246133917893,-41.40192378864,-1.));
#9545 = VECTOR('',#9546,1.);
#9546 = DIRECTION('',(0.,0.,1.));
#9547 = ORIENTED_EDGE('',*,*,#5287,.F.);
#9548 = ORIENTED_EDGE('',*,*,#9549,.F.);
#9549 = EDGE_CURVE('',#1507,#5280,#9550,.T.);
#9550 = LINE('',#9551,#9552);
#9551 = CARTESIAN_POINT('',(25.183956091402,-37.90192378864,-1.));
#9552 = VECTOR('',#9553,1.);
#9553 = DIRECTION('',(0.,0.,1.));
#9554 = PLANE('',#9555);
#9555 = AXIS2_PLACEMENT_3D('',#9556,#9557,#9558);
#9556 = CARTESIAN_POINT('',(31.246133917893,-41.40192378864,-1.));
#9557 = DIRECTION('',(-0.5,-0.866025403784,0.));
#9558 = DIRECTION('',(-0.866025403784,0.5,0.));
#9559 = ADVANCED_FACE('',(#9560),#9571,.T.);
#9560 = FACE_BOUND('',#9561,.T.);
#9561 = EDGE_LOOP('',(#9562,#9563,#9569,#9570));
#9562 = ORIENTED_EDGE('',*,*,#1546,.F.);
#9563 = ORIENTED_EDGE('',*,*,#9564,.T.);
#9564 = EDGE_CURVE('',#1539,#5296,#9565,.T.);
#9565 = LINE('',#9566,#9567);
#9566 = CARTESIAN_POINT('',(31.246133917893,-48.40192378864,-1.));
#9567 = VECTOR('',#9568,1.);
#9568 = DIRECTION('',(0.,0.,1.));
#9569 = ORIENTED_EDGE('',*,*,#5295,.F.);
#9570 = ORIENTED_EDGE('',*,*,#9542,.F.);
#9571 = PLANE('',#9572);
#9572 = AXIS2_PLACEMENT_3D('',#9573,#9574,#9575);
#9573 = CARTESIAN_POINT('',(31.246133917893,-48.40192378864,-1.));
#9574 = DIRECTION('',(-1.,0.,0.));
#9575 = DIRECTION('',(0.,1.,0.));
#9576 = ADVANCED_FACE('',(#9577),#9588,.T.);
#9577 = FACE_BOUND('',#9578,.T.);
#9578 = EDGE_LOOP('',(#9579,#9580,#9581,#9582));
#9579 = ORIENTED_EDGE('',*,*,#1514,.F.);
#9580 = ORIENTED_EDGE('',*,*,#9549,.T.);
#9581 = ORIENTED_EDGE('',*,*,#5279,.F.);
#9582 = ORIENTED_EDGE('',*,*,#9583,.F.);
#9583 = EDGE_CURVE('',#1515,#5272,#9584,.T.);
#9584 = LINE('',#9585,#9586);
#9585 = CARTESIAN_POINT('',(19.121778264911,-41.40192378864,-1.));
#9586 = VECTOR('',#9587,1.);
#9587 = DIRECTION('',(0.,0.,1.));
#9588 = PLANE('',#9589);
#9589 = AXIS2_PLACEMENT_3D('',#9590,#9591,#9592);
#9590 = CARTESIAN_POINT('',(25.183956091402,-37.90192378864,-1.));
#9591 = DIRECTION('',(0.5,-0.866025403784,0.));
#9592 = DIRECTION('',(-0.866025403784,-0.5,0.));
#9593 = ADVANCED_FACE('',(#9594),#9605,.T.);
#9594 = FACE_BOUND('',#9595,.T.);
#9595 = EDGE_LOOP('',(#9596,#9597,#9603,#9604));
#9596 = ORIENTED_EDGE('',*,*,#1538,.F.);
#9597 = ORIENTED_EDGE('',*,*,#9598,.T.);
#9598 = EDGE_CURVE('',#1531,#5304,#9599,.T.);
#9599 = LINE('',#9600,#9601);
#9600 = CARTESIAN_POINT('',(25.183956091402,-51.90192378864,-1.));
#9601 = VECTOR('',#9602,1.);
#9602 = DIRECTION('',(0.,0.,1.));
#9603 = ORIENTED_EDGE('',*,*,#5303,.F.);
#9604 = ORIENTED_EDGE('',*,*,#9564,.F.);
#9605 = PLANE('',#9606);
#9606 = AXIS2_PLACEMENT_3D('',#9607,#9608,#9609);
#9607 = CARTESIAN_POINT('',(25.183956091402,-51.90192378864,-1.));
#9608 = DIRECTION('',(-0.5,0.866025403784,0.));
#9609 = DIRECTION('',(0.866025403784,0.5,0.));
#9610 = ADVANCED_FACE('',(#9611),#9622,.T.);
#9611 = FACE_BOUND('',#9612,.T.);
#9612 = EDGE_LOOP('',(#9613,#9614,#9615,#9616));
#9613 = ORIENTED_EDGE('',*,*,#1522,.F.);
#9614 = ORIENTED_EDGE('',*,*,#9583,.T.);
#9615 = ORIENTED_EDGE('',*,*,#5269,.F.);
#9616 = ORIENTED_EDGE('',*,*,#9617,.F.);
#9617 = EDGE_CURVE('',#1523,#5270,#9618,.T.);
#9618 = LINE('',#9619,#9620);
#9619 = CARTESIAN_POINT('',(19.121778264911,-48.40192378864,-1.));
#9620 = VECTOR('',#9621,1.);
#9621 = DIRECTION('',(0.,0.,1.));
#9622 = PLANE('',#9623);
#9623 = AXIS2_PLACEMENT_3D('',#9624,#9625,#9626);
#9624 = CARTESIAN_POINT('',(19.121778264911,-41.40192378864,-1.));
#9625 = DIRECTION('',(1.,5.075305255429E-16,0.));
#9626 = DIRECTION('',(5.075305255429E-16,-1.,0.));
#9627 = ADVANCED_FACE('',(#9628),#9634,.T.);
#9628 = FACE_BOUND('',#9629,.T.);
#9629 = EDGE_LOOP('',(#9630,#9631,#9632,#9633));
#9630 = ORIENTED_EDGE('',*,*,#1530,.F.);
#9631 = ORIENTED_EDGE('',*,*,#9617,.T.);
#9632 = ORIENTED_EDGE('',*,*,#5311,.F.);
#9633 = ORIENTED_EDGE('',*,*,#9598,.F.);
#9634 = PLANE('',#9635);
#9635 = AXIS2_PLACEMENT_3D('',#9636,#9637,#9638);
#9636 = CARTESIAN_POINT('',(19.121778264911,-48.40192378864,-1.));
#9637 = DIRECTION('',(0.5,0.866025403784,0.));
#9638 = DIRECTION('',(0.866025403784,-0.5,0.));
#9639 = ADVANCED_FACE('',(#9640),#9656,.T.);
#9640 = FACE_BOUND('',#9641,.T.);
#9641 = EDGE_LOOP('',(#9642,#9643,#9649,#9650));
#9642 = ORIENTED_EDGE('',*,*,#1554,.F.);
#9643 = ORIENTED_EDGE('',*,*,#9644,.T.);
#9644 = EDGE_CURVE('',#1555,#5599,#9645,.T.);
#9645 = LINE('',#9646,#9647);
#9646 = CARTESIAN_POINT('',(53.932667397366,-2.107695154587,-1.));
#9647 = VECTOR('',#9648,1.);
#9648 = DIRECTION('',(0.,0.,1.));
#9649 = ORIENTED_EDGE('',*,*,#5598,.F.);
#9650 = ORIENTED_EDGE('',*,*,#9651,.F.);
#9651 = EDGE_CURVE('',#1557,#5591,#9652,.T.);
#9652 = LINE('',#9653,#9654);
#9653 = CARTESIAN_POINT('',(47.870489570875,1.392304845413,-1.));
#9654 = VECTOR('',#9655,1.);
#9655 = DIRECTION('',(0.,0.,1.));
#9656 = PLANE('',#9657);
#9657 = AXIS2_PLACEMENT_3D('',#9658,#9659,#9660);
#9658 = CARTESIAN_POINT('',(53.932667397366,-2.107695154587,-1.));
#9659 = DIRECTION('',(-0.5,-0.866025403784,0.));
#9660 = DIRECTION('',(-0.866025403784,0.5,0.));
#9661 = ADVANCED_FACE('',(#9662),#9673,.T.);
#9662 = FACE_BOUND('',#9663,.T.);
#9663 = EDGE_LOOP('',(#9664,#9665,#9671,#9672));
#9664 = ORIENTED_EDGE('',*,*,#1596,.F.);
#9665 = ORIENTED_EDGE('',*,*,#9666,.T.);
#9666 = EDGE_CURVE('',#1589,#5607,#9667,.T.);
#9667 = LINE('',#9668,#9669);
#9668 = CARTESIAN_POINT('',(53.932667397366,-9.107695154587,-1.));
#9669 = VECTOR('',#9670,1.);
#9670 = DIRECTION('',(0.,0.,1.));
#9671 = ORIENTED_EDGE('',*,*,#5606,.F.);
#9672 = ORIENTED_EDGE('',*,*,#9644,.F.);
#9673 = PLANE('',#9674);
#9674 = AXIS2_PLACEMENT_3D('',#9675,#9676,#9677);
#9675 = CARTESIAN_POINT('',(53.932667397366,-9.107695154587,-1.));
#9676 = DIRECTION('',(-1.,1.015061051086E-15,0.));
#9677 = DIRECTION('',(1.015061051086E-15,1.,0.));
#9678 = ADVANCED_FACE('',(#9679),#9690,.T.);
#9679 = FACE_BOUND('',#9680,.T.);
#9680 = EDGE_LOOP('',(#9681,#9682,#9683,#9684));
#9681 = ORIENTED_EDGE('',*,*,#1564,.F.);
#9682 = ORIENTED_EDGE('',*,*,#9651,.T.);
#9683 = ORIENTED_EDGE('',*,*,#5590,.F.);
#9684 = ORIENTED_EDGE('',*,*,#9685,.F.);
#9685 = EDGE_CURVE('',#1565,#5583,#9686,.T.);
#9686 = LINE('',#9687,#9688);
#9687 = CARTESIAN_POINT('',(41.808311744384,-2.107695154587,-1.));
#9688 = VECTOR('',#9689,1.);
#9689 = DIRECTION('',(0.,0.,1.));
#9690 = PLANE('',#9691);
#9691 = AXIS2_PLACEMENT_3D('',#9692,#9693,#9694);
#9692 = CARTESIAN_POINT('',(47.870489570875,1.392304845413,-1.));
#9693 = DIRECTION('',(0.5,-0.866025403784,0.));
#9694 = DIRECTION('',(-0.866025403784,-0.5,0.));
#9695 = ADVANCED_FACE('',(#9696),#9707,.T.);
#9696 = FACE_BOUND('',#9697,.T.);
#9697 = EDGE_LOOP('',(#9698,#9699,#9705,#9706));
#9698 = ORIENTED_EDGE('',*,*,#1588,.F.);
#9699 = ORIENTED_EDGE('',*,*,#9700,.T.);
#9700 = EDGE_CURVE('',#1581,#5615,#9701,.T.);
#9701 = LINE('',#9702,#9703);
#9702 = CARTESIAN_POINT('',(47.870489570875,-12.60769515458,-1.));
#9703 = VECTOR('',#9704,1.);
#9704 = DIRECTION('',(0.,0.,1.));
#9705 = ORIENTED_EDGE('',*,*,#5614,.F.);
#9706 = ORIENTED_EDGE('',*,*,#9666,.F.);
#9707 = PLANE('',#9708);
#9708 = AXIS2_PLACEMENT_3D('',#9709,#9710,#9711);
#9709 = CARTESIAN_POINT('',(47.870489570875,-12.60769515458,-1.));
#9710 = DIRECTION('',(-0.5,0.866025403784,0.));
#9711 = DIRECTION('',(0.866025403784,0.5,0.));
#9712 = ADVANCED_FACE('',(#9713),#9724,.T.);
#9713 = FACE_BOUND('',#9714,.T.);
#9714 = EDGE_LOOP('',(#9715,#9716,#9717,#9718));
#9715 = ORIENTED_EDGE('',*,*,#1572,.F.);
#9716 = ORIENTED_EDGE('',*,*,#9685,.T.);
#9717 = ORIENTED_EDGE('',*,*,#5580,.F.);
#9718 = ORIENTED_EDGE('',*,*,#9719,.F.);
#9719 = EDGE_CURVE('',#1573,#5581,#9720,.T.);
#9720 = LINE('',#9721,#9722);
#9721 = CARTESIAN_POINT('',(41.808311744384,-9.107695154587,-1.));
#9722 = VECTOR('',#9723,1.);
#9723 = DIRECTION('',(0.,0.,1.));
#9724 = PLANE('',#9725);
#9725 = AXIS2_PLACEMENT_3D('',#9726,#9727,#9728);
#9726 = CARTESIAN_POINT('',(41.808311744384,-2.107695154587,-1.));
#9727 = DIRECTION('',(1.,0.,0.));
#9728 = DIRECTION('',(0.,-1.,0.));
#9729 = ADVANCED_FACE('',(#9730),#9736,.T.);
#9730 = FACE_BOUND('',#9731,.T.);
#9731 = EDGE_LOOP('',(#9732,#9733,#9734,#9735));
#9732 = ORIENTED_EDGE('',*,*,#1580,.F.);
#9733 = ORIENTED_EDGE('',*,*,#9719,.T.);
#9734 = ORIENTED_EDGE('',*,*,#5622,.F.);
#9735 = ORIENTED_EDGE('',*,*,#9700,.F.);
#9736 = PLANE('',#9737);
#9737 = AXIS2_PLACEMENT_3D('',#9738,#9739,#9740);
#9738 = CARTESIAN_POINT('',(41.808311744384,-9.107695154587,-1.));
#9739 = DIRECTION('',(0.5,0.866025403784,0.));
#9740 = DIRECTION('',(0.866025403784,-0.5,0.));
#9741 = ADVANCED_FACE('',(#9742),#9753,.F.);
#9742 = FACE_BOUND('',#9743,.F.);
#9743 = EDGE_LOOP('',(#9744,#9745,#9751,#9752));
#9744 = ORIENTED_EDGE('',*,*,#5469,.F.);
#9745 = ORIENTED_EDGE('',*,*,#9746,.F.);
#9746 = EDGE_CURVE('',#1605,#5470,#9747,.T.);
#9747 = LINE('',#9748,#9749);
#9748 = CARTESIAN_POINT('',(24.32741699797,-22.62741699797,-2.));
#9749 = VECTOR('',#9750,1.);
#9750 = DIRECTION('',(0.,0.,1.));
#9751 = ORIENTED_EDGE('',*,*,#1604,.T.);
#9752 = ORIENTED_EDGE('',*,*,#9746,.T.);
#9753 = CYLINDRICAL_SURFACE('',#9754,1.7);
#9754 = AXIS2_PLACEMENT_3D('',#9755,#9756,#9757);
#9755 = CARTESIAN_POINT('',(22.62741699797,-22.62741699797,-2.));
#9756 = DIRECTION('',(0.,0.,1.));
#9757 = DIRECTION('',(1.,0.,0.));
#9758 = ADVANCED_FACE('',(#9759),#9775,.T.);
#9759 = FACE_BOUND('',#9760,.T.);
#9760 = EDGE_LOOP('',(#9761,#9762,#9768,#9769));
#9761 = ORIENTED_EDGE('',*,*,#1615,.F.);
#9762 = ORIENTED_EDGE('',*,*,#9763,.T.);
#9763 = EDGE_CURVE('',#1616,#5388,#9764,.T.);
#9764 = LINE('',#9765,#9766);
#9765 = CARTESIAN_POINT('',(23.683956091402,-28.30384757729,-1.));
#9766 = VECTOR('',#9767,1.);
#9767 = DIRECTION('',(0.,0.,1.));
#9768 = ORIENTED_EDGE('',*,*,#5387,.F.);
#9769 = ORIENTED_EDGE('',*,*,#9770,.F.);
#9770 = EDGE_CURVE('',#1618,#5380,#9771,.T.);
#9771 = LINE('',#9772,#9773);
#9772 = CARTESIAN_POINT('',(17.621778264911,-24.80384757729,-1.));
#9773 = VECTOR('',#9774,1.);
#9774 = DIRECTION('',(0.,0.,1.));
#9775 = PLANE('',#9776);
#9776 = AXIS2_PLACEMENT_3D('',#9777,#9778,#9779);
#9777 = CARTESIAN_POINT('',(23.683956091402,-28.30384757729,-1.));
#9778 = DIRECTION('',(-0.5,-0.866025403784,0.));
#9779 = DIRECTION('',(-0.866025403784,0.5,0.));
#9780 = ADVANCED_FACE('',(#9781),#9792,.T.);
#9781 = FACE_BOUND('',#9782,.T.);
#9782 = EDGE_LOOP('',(#9783,#9784,#9790,#9791));
#9783 = ORIENTED_EDGE('',*,*,#1657,.F.);
#9784 = ORIENTED_EDGE('',*,*,#9785,.T.);
#9785 = EDGE_CURVE('',#1650,#5396,#9786,.T.);
#9786 = LINE('',#9787,#9788);
#9787 = CARTESIAN_POINT('',(23.683956091402,-35.30384757729,-1.));
#9788 = VECTOR('',#9789,1.);
#9789 = DIRECTION('',(0.,0.,1.));
#9790 = ORIENTED_EDGE('',*,*,#5395,.F.);
#9791 = ORIENTED_EDGE('',*,*,#9763,.F.);
#9792 = PLANE('',#9793);
#9793 = AXIS2_PLACEMENT_3D('',#9794,#9795,#9796);
#9794 = CARTESIAN_POINT('',(23.683956091402,-35.30384757729,-1.));
#9795 = DIRECTION('',(-1.,0.,0.));
#9796 = DIRECTION('',(0.,1.,0.));
#9797 = ADVANCED_FACE('',(#9798),#9809,.T.);
#9798 = FACE_BOUND('',#9799,.T.);
#9799 = EDGE_LOOP('',(#9800,#9801,#9802,#9803));
#9800 = ORIENTED_EDGE('',*,*,#1625,.F.);
#9801 = ORIENTED_EDGE('',*,*,#9770,.T.);
#9802 = ORIENTED_EDGE('',*,*,#5379,.F.);
#9803 = ORIENTED_EDGE('',*,*,#9804,.F.);
#9804 = EDGE_CURVE('',#1626,#5372,#9805,.T.);
#9805 = LINE('',#9806,#9807);
#9806 = CARTESIAN_POINT('',(11.55960043842,-28.30384757729,-1.));
#9807 = VECTOR('',#9808,1.);
#9808 = DIRECTION('',(0.,0.,1.));
#9809 = PLANE('',#9810);
#9810 = AXIS2_PLACEMENT_3D('',#9811,#9812,#9813);
#9811 = CARTESIAN_POINT('',(17.621778264911,-24.80384757729,-1.));
#9812 = DIRECTION('',(0.5,-0.866025403784,0.));
#9813 = DIRECTION('',(-0.866025403784,-0.5,0.));
#9814 = ADVANCED_FACE('',(#9815),#9826,.T.);
#9815 = FACE_BOUND('',#9816,.T.);
#9816 = EDGE_LOOP('',(#9817,#9818,#9824,#9825));
#9817 = ORIENTED_EDGE('',*,*,#1649,.F.);
#9818 = ORIENTED_EDGE('',*,*,#9819,.T.);
#9819 = EDGE_CURVE('',#1642,#5404,#9820,.T.);
#9820 = LINE('',#9821,#9822);
#9821 = CARTESIAN_POINT('',(17.621778264911,-38.80384757729,-1.));
#9822 = VECTOR('',#9823,1.);
#9823 = DIRECTION('',(0.,0.,1.));
#9824 = ORIENTED_EDGE('',*,*,#5403,.F.);
#9825 = ORIENTED_EDGE('',*,*,#9785,.F.);
#9826 = PLANE('',#9827);
#9827 = AXIS2_PLACEMENT_3D('',#9828,#9829,#9830);
#9828 = CARTESIAN_POINT('',(17.621778264911,-38.80384757729,-1.));
#9829 = DIRECTION('',(-0.5,0.866025403784,0.));
#9830 = DIRECTION('',(0.866025403784,0.5,0.));
#9831 = ADVANCED_FACE('',(#9832),#9843,.T.);
#9832 = FACE_BOUND('',#9833,.T.);
#9833 = EDGE_LOOP('',(#9834,#9835,#9836,#9837));
#9834 = ORIENTED_EDGE('',*,*,#1633,.F.);
#9835 = ORIENTED_EDGE('',*,*,#9804,.T.);
#9836 = ORIENTED_EDGE('',*,*,#5369,.F.);
#9837 = ORIENTED_EDGE('',*,*,#9838,.F.);
#9838 = EDGE_CURVE('',#1634,#5370,#9839,.T.);
#9839 = LINE('',#9840,#9841);
#9840 = CARTESIAN_POINT('',(11.55960043842,-35.30384757729,-1.));
#9841 = VECTOR('',#9842,1.);
#9842 = DIRECTION('',(0.,0.,1.));
#9843 = PLANE('',#9844);
#9844 = AXIS2_PLACEMENT_3D('',#9845,#9846,#9847);
#9845 = CARTESIAN_POINT('',(11.55960043842,-28.30384757729,-1.));
#9846 = DIRECTION('',(1.,2.537652627715E-16,0.));
#9847 = DIRECTION('',(2.537652627715E-16,-1.,0.));
#9848 = ADVANCED_FACE('',(#9849),#9855,.T.);
#9849 = FACE_BOUND('',#9850,.T.);
#9850 = EDGE_LOOP('',(#9851,#9852,#9853,#9854));
#9851 = ORIENTED_EDGE('',*,*,#1641,.F.);
#9852 = ORIENTED_EDGE('',*,*,#9838,.T.);
#9853 = ORIENTED_EDGE('',*,*,#5411,.F.);
#9854 = ORIENTED_EDGE('',*,*,#9819,.F.);
#9855 = PLANE('',#9856);
#9856 = AXIS2_PLACEMENT_3D('',#9857,#9858,#9859);
#9857 = CARTESIAN_POINT('',(11.55960043842,-35.30384757729,-1.));
#9858 = DIRECTION('',(0.5,0.866025403784,0.));
#9859 = DIRECTION('',(0.866025403784,-0.5,0.));
#9860 = ADVANCED_FACE('',(#9861),#9877,.T.);
#9861 = FACE_BOUND('',#9862,.T.);
#9862 = EDGE_LOOP('',(#9863,#9864,#9870,#9871));
#9863 = ORIENTED_EDGE('',*,*,#1665,.F.);
#9864 = ORIENTED_EDGE('',*,*,#9865,.T.);
#9865 = EDGE_CURVE('',#1666,#5338,#9866,.T.);
#9866 = LINE('',#9867,#9868);
#9867 = CARTESIAN_POINT('',(8.55960043842,-28.30384757729,-1.));
#9868 = VECTOR('',#9869,1.);
#9869 = DIRECTION('',(0.,0.,1.));
#9870 = ORIENTED_EDGE('',*,*,#5337,.F.);
#9871 = ORIENTED_EDGE('',*,*,#9872,.F.);
#9872 = EDGE_CURVE('',#1668,#5330,#9873,.T.);
#9873 = LINE('',#9874,#9875);
#9874 = CARTESIAN_POINT('',(2.497422611929,-24.80384757729,-1.));
#9875 = VECTOR('',#9876,1.);
#9876 = DIRECTION('',(0.,0.,1.));
#9877 = PLANE('',#9878);
#9878 = AXIS2_PLACEMENT_3D('',#9879,#9880,#9881);
#9879 = CARTESIAN_POINT('',(8.55960043842,-28.30384757729,-1.));
#9880 = DIRECTION('',(-0.5,-0.866025403784,0.));
#9881 = DIRECTION('',(-0.866025403784,0.5,0.));
#9882 = ADVANCED_FACE('',(#9883),#9894,.T.);
#9883 = FACE_BOUND('',#9884,.T.);
#9884 = EDGE_LOOP('',(#9885,#9886,#9892,#9893));
#9885 = ORIENTED_EDGE('',*,*,#1707,.F.);
#9886 = ORIENTED_EDGE('',*,*,#9887,.T.);
#9887 = EDGE_CURVE('',#1700,#5346,#9888,.T.);
#9888 = LINE('',#9889,#9890);
#9889 = CARTESIAN_POINT('',(8.55960043842,-35.30384757729,-1.));
#9890 = VECTOR('',#9891,1.);
#9891 = DIRECTION('',(0.,0.,1.));
#9892 = ORIENTED_EDGE('',*,*,#5345,.F.);
#9893 = ORIENTED_EDGE('',*,*,#9865,.F.);
#9894 = PLANE('',#9895);
#9895 = AXIS2_PLACEMENT_3D('',#9896,#9897,#9898);
#9896 = CARTESIAN_POINT('',(8.55960043842,-35.30384757729,-1.));
#9897 = DIRECTION('',(-1.,0.,0.));
#9898 = DIRECTION('',(0.,1.,0.));
#9899 = ADVANCED_FACE('',(#9900),#9911,.T.);
#9900 = FACE_BOUND('',#9901,.T.);
#9901 = EDGE_LOOP('',(#9902,#9903,#9904,#9905));
#9902 = ORIENTED_EDGE('',*,*,#1675,.F.);
#9903 = ORIENTED_EDGE('',*,*,#9872,.T.);
#9904 = ORIENTED_EDGE('',*,*,#5329,.F.);
#9905 = ORIENTED_EDGE('',*,*,#9906,.F.);
#9906 = EDGE_CURVE('',#1676,#5322,#9907,.T.);
#9907 = LINE('',#9908,#9909);
#9908 = CARTESIAN_POINT('',(-3.564755214563,-28.30384757729,-1.));
#9909 = VECTOR('',#9910,1.);
#9910 = DIRECTION('',(0.,0.,1.));
#9911 = PLANE('',#9912);
#9912 = AXIS2_PLACEMENT_3D('',#9913,#9914,#9915);
#9913 = CARTESIAN_POINT('',(2.497422611929,-24.80384757729,-1.));
#9914 = DIRECTION('',(0.5,-0.866025403784,0.));
#9915 = DIRECTION('',(-0.866025403784,-0.5,0.));
#9916 = ADVANCED_FACE('',(#9917),#9928,.T.);
#9917 = FACE_BOUND('',#9918,.T.);
#9918 = EDGE_LOOP('',(#9919,#9920,#9926,#9927));
#9919 = ORIENTED_EDGE('',*,*,#1699,.F.);
#9920 = ORIENTED_EDGE('',*,*,#9921,.T.);
#9921 = EDGE_CURVE('',#1692,#5354,#9922,.T.);
#9922 = LINE('',#9923,#9924);
#9923 = CARTESIAN_POINT('',(2.497422611929,-38.80384757729,-1.));
#9924 = VECTOR('',#9925,1.);
#9925 = DIRECTION('',(0.,0.,1.));
#9926 = ORIENTED_EDGE('',*,*,#5353,.F.);
#9927 = ORIENTED_EDGE('',*,*,#9887,.F.);
#9928 = PLANE('',#9929);
#9929 = AXIS2_PLACEMENT_3D('',#9930,#9931,#9932);
#9930 = CARTESIAN_POINT('',(2.497422611929,-38.80384757729,-1.));
#9931 = DIRECTION('',(-0.5,0.866025403784,0.));
#9932 = DIRECTION('',(0.866025403784,0.5,0.));
#9933 = ADVANCED_FACE('',(#9934),#9945,.T.);
#9934 = FACE_BOUND('',#9935,.T.);
#9935 = EDGE_LOOP('',(#9936,#9937,#9938,#9939));
#9936 = ORIENTED_EDGE('',*,*,#1683,.F.);
#9937 = ORIENTED_EDGE('',*,*,#9906,.T.);
#9938 = ORIENTED_EDGE('',*,*,#5319,.F.);
#9939 = ORIENTED_EDGE('',*,*,#9940,.F.);
#9940 = EDGE_CURVE('',#1684,#5320,#9941,.T.);
#9941 = LINE('',#9942,#9943);
#9942 = CARTESIAN_POINT('',(-3.564755214563,-35.30384757729,-1.));
#9943 = VECTOR('',#9944,1.);
#9944 = DIRECTION('',(0.,0.,1.));
#9945 = PLANE('',#9946);
#9946 = AXIS2_PLACEMENT_3D('',#9947,#9948,#9949);
#9947 = CARTESIAN_POINT('',(-3.564755214563,-28.30384757729,-1.));
#9948 = DIRECTION('',(1.,1.268826313857E-16,0.));
#9949 = DIRECTION('',(1.268826313857E-16,-1.,0.));
#9950 = ADVANCED_FACE('',(#9951),#9957,.T.);
#9951 = FACE_BOUND('',#9952,.T.);
#9952 = EDGE_LOOP('',(#9953,#9954,#9955,#9956));
#9953 = ORIENTED_EDGE('',*,*,#1691,.F.);
#9954 = ORIENTED_EDGE('',*,*,#9940,.T.);
#9955 = ORIENTED_EDGE('',*,*,#5361,.F.);
#9956 = ORIENTED_EDGE('',*,*,#9921,.F.);
#9957 = PLANE('',#9958);
#9958 = AXIS2_PLACEMENT_3D('',#9959,#9960,#9961);
#9959 = CARTESIAN_POINT('',(-3.564755214563,-35.30384757729,-1.));
#9960 = DIRECTION('',(0.5,0.866025403784,0.));
#9961 = DIRECTION('',(0.866025403784,-0.5,0.));
#9962 = ADVANCED_FACE('',(#9963),#9979,.T.);
#9963 = FACE_BOUND('',#9964,.T.);
#9964 = EDGE_LOOP('',(#9965,#9966,#9972,#9973));
#9965 = ORIENTED_EDGE('',*,*,#1715,.F.);
#9966 = ORIENTED_EDGE('',*,*,#9967,.T.);
#9967 = EDGE_CURVE('',#1716,#5438,#9968,.T.);
#9968 = LINE('',#9969,#9970);
#9969 = CARTESIAN_POINT('',(16.121778264911,-15.20577136594,-1.));
#9970 = VECTOR('',#9971,1.);
#9971 = DIRECTION('',(0.,0.,1.));
#9972 = ORIENTED_EDGE('',*,*,#5437,.F.);
#9973 = ORIENTED_EDGE('',*,*,#9974,.F.);
#9974 = EDGE_CURVE('',#1718,#5430,#9975,.T.);
#9975 = LINE('',#9976,#9977);
#9976 = CARTESIAN_POINT('',(10.05960043842,-11.70577136594,-1.));
#9977 = VECTOR('',#9978,1.);
#9978 = DIRECTION('',(0.,0.,1.));
#9979 = PLANE('',#9980);
#9980 = AXIS2_PLACEMENT_3D('',#9981,#9982,#9983);
#9981 = CARTESIAN_POINT('',(16.121778264911,-15.20577136594,-1.));
#9982 = DIRECTION('',(-0.5,-0.866025403784,0.));
#9983 = DIRECTION('',(-0.866025403784,0.5,0.));
#9984 = ADVANCED_FACE('',(#9985),#9996,.T.);
#9985 = FACE_BOUND('',#9986,.T.);
#9986 = EDGE_LOOP('',(#9987,#9988,#9994,#9995));
#9987 = ORIENTED_EDGE('',*,*,#1757,.F.);
#9988 = ORIENTED_EDGE('',*,*,#9989,.T.);
#9989 = EDGE_CURVE('',#1750,#5446,#9990,.T.);
#9990 = LINE('',#9991,#9992);
#9991 = CARTESIAN_POINT('',(16.121778264911,-22.20577136594,-1.));
#9992 = VECTOR('',#9993,1.);
#9993 = DIRECTION('',(0.,0.,1.));
#9994 = ORIENTED_EDGE('',*,*,#5445,.F.);
#9995 = ORIENTED_EDGE('',*,*,#9967,.F.);
#9996 = PLANE('',#9997);
#9997 = AXIS2_PLACEMENT_3D('',#9998,#9999,#10000);
#9998 = CARTESIAN_POINT('',(16.121778264911,-22.20577136594,-1.));
#9999 = DIRECTION('',(-1.,0.,0.));
#10000 = DIRECTION('',(0.,1.,0.));
#10001 = ADVANCED_FACE('',(#10002),#10013,.T.);
#10002 = FACE_BOUND('',#10003,.T.);
#10003 = EDGE_LOOP('',(#10004,#10005,#10006,#10007));
#10004 = ORIENTED_EDGE('',*,*,#1725,.F.);
#10005 = ORIENTED_EDGE('',*,*,#9974,.T.);
#10006 = ORIENTED_EDGE('',*,*,#5429,.F.);
#10007 = ORIENTED_EDGE('',*,*,#10008,.F.);
#10008 = EDGE_CURVE('',#1726,#5422,#10009,.T.);
#10009 = LINE('',#10010,#10011);
#10010 = CARTESIAN_POINT('',(3.997422611929,-15.20577136594,-1.));
#10011 = VECTOR('',#10012,1.);
#10012 = DIRECTION('',(0.,0.,1.));
#10013 = PLANE('',#10014);
#10014 = AXIS2_PLACEMENT_3D('',#10015,#10016,#10017);
#10015 = CARTESIAN_POINT('',(10.05960043842,-11.70577136594,-1.));
#10016 = DIRECTION('',(0.5,-0.866025403784,0.));
#10017 = DIRECTION('',(-0.866025403784,-0.5,0.));
#10018 = ADVANCED_FACE('',(#10019),#10030,.T.);
#10019 = FACE_BOUND('',#10020,.T.);
#10020 = EDGE_LOOP('',(#10021,#10022,#10028,#10029));
#10021 = ORIENTED_EDGE('',*,*,#1749,.F.);
#10022 = ORIENTED_EDGE('',*,*,#10023,.T.);
#10023 = EDGE_CURVE('',#1742,#5454,#10024,.T.);
#10024 = LINE('',#10025,#10026);
#10025 = CARTESIAN_POINT('',(10.05960043842,-25.70577136594,-1.));
#10026 = VECTOR('',#10027,1.);
#10027 = DIRECTION('',(0.,0.,1.));
#10028 = ORIENTED_EDGE('',*,*,#5453,.F.);
#10029 = ORIENTED_EDGE('',*,*,#9989,.F.);
#10030 = PLANE('',#10031);
#10031 = AXIS2_PLACEMENT_3D('',#10032,#10033,#10034);
#10032 = CARTESIAN_POINT('',(10.05960043842,-25.70577136594,-1.));
#10033 = DIRECTION('',(-0.5,0.866025403784,0.));
#10034 = DIRECTION('',(0.866025403784,0.5,0.));
#10035 = ADVANCED_FACE('',(#10036),#10047,.T.);
#10036 = FACE_BOUND('',#10037,.T.);
#10037 = EDGE_LOOP('',(#10038,#10039,#10040,#10041));
#10038 = ORIENTED_EDGE('',*,*,#1733,.F.);
#10039 = ORIENTED_EDGE('',*,*,#10008,.T.);
#10040 = ORIENTED_EDGE('',*,*,#5419,.F.);
#10041 = ORIENTED_EDGE('',*,*,#10042,.F.);
#10042 = EDGE_CURVE('',#1734,#5420,#10043,.T.);
#10043 = LINE('',#10044,#10045);
#10044 = CARTESIAN_POINT('',(3.997422611929,-22.20577136594,-1.));
#10045 = VECTOR('',#10046,1.);
#10046 = DIRECTION('',(0.,0.,1.));
#10047 = PLANE('',#10048);
#10048 = AXIS2_PLACEMENT_3D('',#10049,#10050,#10051);
#10049 = CARTESIAN_POINT('',(3.997422611929,-15.20577136594,-1.));
#10050 = DIRECTION('',(1.,1.268826313857E-16,0.));
#10051 = DIRECTION('',(1.268826313857E-16,-1.,0.));
#10052 = ADVANCED_FACE('',(#10053),#10059,.T.);
#10053 = FACE_BOUND('',#10054,.T.);
#10054 = EDGE_LOOP('',(#10055,#10056,#10057,#10058));
#10055 = ORIENTED_EDGE('',*,*,#1741,.F.);
#10056 = ORIENTED_EDGE('',*,*,#10042,.T.);
#10057 = ORIENTED_EDGE('',*,*,#5461,.F.);
#10058 = ORIENTED_EDGE('',*,*,#10023,.F.);
#10059 = PLANE('',#10060);
#10060 = AXIS2_PLACEMENT_3D('',#10061,#10062,#10063);
#10061 = CARTESIAN_POINT('',(3.997422611929,-22.20577136594,-1.));
#10062 = DIRECTION('',(0.5,0.866025403784,0.));
#10063 = DIRECTION('',(0.866025403784,-0.5,0.));
#10064 = ADVANCED_FACE('',(#10065),#10081,.T.);
#10065 = FACE_BOUND('',#10066,.T.);
#10066 = EDGE_LOOP('',(#10067,#10068,#10074,#10075));
#10067 = ORIENTED_EDGE('',*,*,#1765,.F.);
#10068 = ORIENTED_EDGE('',*,*,#10069,.T.);
#10069 = EDGE_CURVE('',#1766,#5549,#10070,.T.);
#10070 = LINE('',#10071,#10072);
#10071 = CARTESIAN_POINT('',(38.808311744384,-2.107695154587,-1.));
#10072 = VECTOR('',#10073,1.);
#10073 = DIRECTION('',(0.,0.,1.));
#10074 = ORIENTED_EDGE('',*,*,#5548,.F.);
#10075 = ORIENTED_EDGE('',*,*,#10076,.F.);
#10076 = EDGE_CURVE('',#1768,#5541,#10077,.T.);
#10077 = LINE('',#10078,#10079);
#10078 = CARTESIAN_POINT('',(32.746133917893,1.392304845413,-1.));
#10079 = VECTOR('',#10080,1.);
#10080 = DIRECTION('',(0.,0.,1.));
#10081 = PLANE('',#10082);
#10082 = AXIS2_PLACEMENT_3D('',#10083,#10084,#10085);
#10083 = CARTESIAN_POINT('',(38.808311744384,-2.107695154587,-1.));
#10084 = DIRECTION('',(-0.5,-0.866025403784,0.));
#10085 = DIRECTION('',(-0.866025403784,0.5,0.));
#10086 = ADVANCED_FACE('',(#10087),#10098,.T.);
#10087 = FACE_BOUND('',#10088,.T.);
#10088 = EDGE_LOOP('',(#10089,#10090,#10096,#10097));
#10089 = ORIENTED_EDGE('',*,*,#1807,.F.);
#10090 = ORIENTED_EDGE('',*,*,#10091,.T.);
#10091 = EDGE_CURVE('',#1800,#5557,#10092,.T.);
#10092 = LINE('',#10093,#10094);
#10093 = CARTESIAN_POINT('',(38.808311744384,-9.107695154587,-1.));
#10094 = VECTOR('',#10095,1.);
#10095 = DIRECTION('',(0.,0.,1.));
#10096 = ORIENTED_EDGE('',*,*,#5556,.F.);
#10097 = ORIENTED_EDGE('',*,*,#10069,.F.);
#10098 = PLANE('',#10099);
#10099 = AXIS2_PLACEMENT_3D('',#10100,#10101,#10102);
#10100 = CARTESIAN_POINT('',(38.808311744384,-9.107695154587,-1.));
#10101 = DIRECTION('',(-1.,1.015061051086E-15,0.));
#10102 = DIRECTION('',(1.015061051086E-15,1.,0.));
#10103 = ADVANCED_FACE('',(#10104),#10115,.T.);
#10104 = FACE_BOUND('',#10105,.T.);
#10105 = EDGE_LOOP('',(#10106,#10107,#10108,#10109));
#10106 = ORIENTED_EDGE('',*,*,#1775,.F.);
#10107 = ORIENTED_EDGE('',*,*,#10076,.T.);
#10108 = ORIENTED_EDGE('',*,*,#5540,.F.);
#10109 = ORIENTED_EDGE('',*,*,#10110,.F.);
#10110 = EDGE_CURVE('',#1776,#5533,#10111,.T.);
#10111 = LINE('',#10112,#10113);
#10112 = CARTESIAN_POINT('',(26.683956091402,-2.107695154587,-1.));
#10113 = VECTOR('',#10114,1.);
#10114 = DIRECTION('',(0.,0.,1.));
#10115 = PLANE('',#10116);
#10116 = AXIS2_PLACEMENT_3D('',#10117,#10118,#10119);
#10117 = CARTESIAN_POINT('',(32.746133917893,1.392304845413,-1.));
#10118 = DIRECTION('',(0.5,-0.866025403784,0.));
#10119 = DIRECTION('',(-0.866025403784,-0.5,0.));
#10120 = ADVANCED_FACE('',(#10121),#10132,.T.);
#10121 = FACE_BOUND('',#10122,.T.);
#10122 = EDGE_LOOP('',(#10123,#10124,#10130,#10131));
#10123 = ORIENTED_EDGE('',*,*,#1799,.F.);
#10124 = ORIENTED_EDGE('',*,*,#10125,.T.);
#10125 = EDGE_CURVE('',#1792,#5565,#10126,.T.);
#10126 = LINE('',#10127,#10128);
#10127 = CARTESIAN_POINT('',(32.746133917893,-12.60769515458,-1.));
#10128 = VECTOR('',#10129,1.);
#10129 = DIRECTION('',(0.,0.,1.));
#10130 = ORIENTED_EDGE('',*,*,#5564,.F.);
#10131 = ORIENTED_EDGE('',*,*,#10091,.F.);
#10132 = PLANE('',#10133);
#10133 = AXIS2_PLACEMENT_3D('',#10134,#10135,#10136);
#10134 = CARTESIAN_POINT('',(32.746133917893,-12.60769515458,-1.));
#10135 = DIRECTION('',(-0.5,0.866025403784,0.));
#10136 = DIRECTION('',(0.866025403784,0.5,0.));
#10137 = ADVANCED_FACE('',(#10138),#10149,.T.);
#10138 = FACE_BOUND('',#10139,.T.);
#10139 = EDGE_LOOP('',(#10140,#10141,#10142,#10143));
#10140 = ORIENTED_EDGE('',*,*,#1783,.F.);
#10141 = ORIENTED_EDGE('',*,*,#10110,.T.);
#10142 = ORIENTED_EDGE('',*,*,#5530,.F.);
#10143 = ORIENTED_EDGE('',*,*,#10144,.F.);
#10144 = EDGE_CURVE('',#1784,#5531,#10145,.T.);
#10145 = LINE('',#10146,#10147);
#10146 = CARTESIAN_POINT('',(26.683956091402,-9.107695154587,-1.));
#10147 = VECTOR('',#10148,1.);
#10148 = DIRECTION('',(0.,0.,1.));
#10149 = PLANE('',#10150);
#10150 = AXIS2_PLACEMENT_3D('',#10151,#10152,#10153);
#10151 = CARTESIAN_POINT('',(26.683956091402,-2.107695154587,-1.));
#10152 = DIRECTION('',(1.,5.075305255429E-16,0.));
#10153 = DIRECTION('',(5.075305255429E-16,-1.,0.));
#10154 = ADVANCED_FACE('',(#10155),#10161,.T.);
#10155 = FACE_BOUND('',#10156,.T.);
#10156 = EDGE_LOOP('',(#10157,#10158,#10159,#10160));
#10157 = ORIENTED_EDGE('',*,*,#1791,.F.);
#10158 = ORIENTED_EDGE('',*,*,#10144,.T.);
#10159 = ORIENTED_EDGE('',*,*,#5572,.F.);
#10160 = ORIENTED_EDGE('',*,*,#10125,.F.);
#10161 = PLANE('',#10162);
#10162 = AXIS2_PLACEMENT_3D('',#10163,#10164,#10165);
#10163 = CARTESIAN_POINT('',(26.683956091402,-9.107695154587,-1.));
#10164 = DIRECTION('',(0.5,0.866025403784,0.));
#10165 = DIRECTION('',(0.866025403784,-0.5,0.));
#10166 = ADVANCED_FACE('',(#10167),#10183,.T.);
#10167 = FACE_BOUND('',#10168,.T.);
#10168 = EDGE_LOOP('',(#10169,#10170,#10176,#10177));
#10169 = ORIENTED_EDGE('',*,*,#1815,.F.);
#10170 = ORIENTED_EDGE('',*,*,#10171,.T.);
#10171 = EDGE_CURVE('',#1816,#5499,#10172,.T.);
#10172 = LINE('',#10173,#10174);
#10173 = CARTESIAN_POINT('',(23.683956091402,-2.107695154587,-1.));
#10174 = VECTOR('',#10175,1.);
#10175 = DIRECTION('',(0.,0.,1.));
#10176 = ORIENTED_EDGE('',*,*,#5498,.F.);
#10177 = ORIENTED_EDGE('',*,*,#10178,.F.);
#10178 = EDGE_CURVE('',#1818,#5491,#10179,.T.);
#10179 = LINE('',#10180,#10181);
#10180 = CARTESIAN_POINT('',(17.621778264911,1.392304845413,-1.));
#10181 = VECTOR('',#10182,1.);
#10182 = DIRECTION('',(0.,0.,1.));
#10183 = PLANE('',#10184);
#10184 = AXIS2_PLACEMENT_3D('',#10185,#10186,#10187);
#10185 = CARTESIAN_POINT('',(23.683956091402,-2.107695154587,-1.));
#10186 = DIRECTION('',(-0.5,-0.866025403784,0.));
#10187 = DIRECTION('',(-0.866025403784,0.5,0.));
#10188 = ADVANCED_FACE('',(#10189),#10200,.T.);
#10189 = FACE_BOUND('',#10190,.T.);
#10190 = EDGE_LOOP('',(#10191,#10192,#10198,#10199));
#10191 = ORIENTED_EDGE('',*,*,#1857,.F.);
#10192 = ORIENTED_EDGE('',*,*,#10193,.T.);
#10193 = EDGE_CURVE('',#1850,#5507,#10194,.T.);
#10194 = LINE('',#10195,#10196);
#10195 = CARTESIAN_POINT('',(23.683956091402,-9.107695154587,-1.));
#10196 = VECTOR('',#10197,1.);
#10197 = DIRECTION('',(0.,0.,1.));
#10198 = ORIENTED_EDGE('',*,*,#5506,.F.);
#10199 = ORIENTED_EDGE('',*,*,#10171,.F.);
#10200 = PLANE('',#10201);
#10201 = AXIS2_PLACEMENT_3D('',#10202,#10203,#10204);
#10202 = CARTESIAN_POINT('',(23.683956091402,-9.107695154587,-1.));
#10203 = DIRECTION('',(-1.,0.,0.));
#10204 = DIRECTION('',(0.,1.,0.));
#10205 = ADVANCED_FACE('',(#10206),#10217,.T.);
#10206 = FACE_BOUND('',#10207,.T.);
#10207 = EDGE_LOOP('',(#10208,#10209,#10210,#10211));
#10208 = ORIENTED_EDGE('',*,*,#1825,.F.);
#10209 = ORIENTED_EDGE('',*,*,#10178,.T.);
#10210 = ORIENTED_EDGE('',*,*,#5490,.F.);
#10211 = ORIENTED_EDGE('',*,*,#10212,.F.);
#10212 = EDGE_CURVE('',#1826,#5483,#10213,.T.);
#10213 = LINE('',#10214,#10215);
#10214 = CARTESIAN_POINT('',(11.55960043842,-2.107695154587,-1.));
#10215 = VECTOR('',#10216,1.);
#10216 = DIRECTION('',(0.,0.,1.));
#10217 = PLANE('',#10218);
#10218 = AXIS2_PLACEMENT_3D('',#10219,#10220,#10221);
#10219 = CARTESIAN_POINT('',(17.621778264911,1.392304845413,-1.));
#10220 = DIRECTION('',(0.5,-0.866025403784,0.));
#10221 = DIRECTION('',(-0.866025403784,-0.5,0.));
#10222 = ADVANCED_FACE('',(#10223),#10234,.T.);
#10223 = FACE_BOUND('',#10224,.T.);
#10224 = EDGE_LOOP('',(#10225,#10226,#10232,#10233));
#10225 = ORIENTED_EDGE('',*,*,#1849,.F.);
#10226 = ORIENTED_EDGE('',*,*,#10227,.T.);
#10227 = EDGE_CURVE('',#1842,#5515,#10228,.T.);
#10228 = LINE('',#10229,#10230);
#10229 = CARTESIAN_POINT('',(17.621778264911,-12.60769515458,-1.));
#10230 = VECTOR('',#10231,1.);
#10231 = DIRECTION('',(0.,0.,1.));
#10232 = ORIENTED_EDGE('',*,*,#5514,.F.);
#10233 = ORIENTED_EDGE('',*,*,#10193,.F.);
#10234 = PLANE('',#10235);
#10235 = AXIS2_PLACEMENT_3D('',#10236,#10237,#10238);
#10236 = CARTESIAN_POINT('',(17.621778264911,-12.60769515458,-1.));
#10237 = DIRECTION('',(-0.5,0.866025403784,0.));
#10238 = DIRECTION('',(0.866025403784,0.5,0.));
#10239 = ADVANCED_FACE('',(#10240),#10251,.T.);
#10240 = FACE_BOUND('',#10241,.T.);
#10241 = EDGE_LOOP('',(#10242,#10243,#10244,#10245));
#10242 = ORIENTED_EDGE('',*,*,#1833,.F.);
#10243 = ORIENTED_EDGE('',*,*,#10212,.T.);
#10244 = ORIENTED_EDGE('',*,*,#5480,.F.);
#10245 = ORIENTED_EDGE('',*,*,#10246,.F.);
#10246 = EDGE_CURVE('',#1834,#5481,#10247,.T.);
#10247 = LINE('',#10248,#10249);
#10248 = CARTESIAN_POINT('',(11.55960043842,-9.107695154587,-1.));
#10249 = VECTOR('',#10250,1.);
#10250 = DIRECTION('',(0.,0.,1.));
#10251 = PLANE('',#10252);
#10252 = AXIS2_PLACEMENT_3D('',#10253,#10254,#10255);
#10253 = CARTESIAN_POINT('',(11.55960043842,-2.107695154587,-1.));
#10254 = DIRECTION('',(1.,2.537652627715E-16,0.));
#10255 = DIRECTION('',(2.537652627715E-16,-1.,0.));
#10256 = ADVANCED_FACE('',(#10257),#10263,.T.);
#10257 = FACE_BOUND('',#10258,.T.);
#10258 = EDGE_LOOP('',(#10259,#10260,#10261,#10262));
#10259 = ORIENTED_EDGE('',*,*,#1841,.F.);
#10260 = ORIENTED_EDGE('',*,*,#10246,.T.);
#10261 = ORIENTED_EDGE('',*,*,#5522,.F.);
#10262 = ORIENTED_EDGE('',*,*,#10227,.F.);
#10263 = PLANE('',#10264);
#10264 = AXIS2_PLACEMENT_3D('',#10265,#10266,#10267);
#10265 = CARTESIAN_POINT('',(11.55960043842,-9.107695154587,-1.));
#10266 = DIRECTION('',(0.5,0.866025403784,0.));
#10267 = DIRECTION('',(0.866025403784,-0.5,0.));
#10268 = ADVANCED_FACE('',(#10269),#10280,.F.);
#10269 = FACE_BOUND('',#10270,.F.);
#10270 = EDGE_LOOP('',(#10271,#10272,#10278,#10279));
#10271 = ORIENTED_EDGE('',*,*,#4628,.F.);
#10272 = ORIENTED_EDGE('',*,*,#10273,.F.);
#10273 = EDGE_CURVE('',#1866,#4629,#10274,.T.);
#10274 = LINE('',#10275,#10276);
#10275 = CARTESIAN_POINT('',(-66.8431457505,-133.8286140095,-2.));
#10276 = VECTOR('',#10277,1.);
#10277 = DIRECTION('',(0.,0.,1.));
#10278 = ORIENTED_EDGE('',*,*,#1865,.T.);
#10279 = ORIENTED_EDGE('',*,*,#10273,.T.);
#10280 = CYLINDRICAL_SURFACE('',#10281,1.5);
#10281 = AXIS2_PLACEMENT_3D('',#10282,#10283,#10284);
#10282 = CARTESIAN_POINT('',(-68.3431457505,-133.8286140095,-2.));
#10283 = DIRECTION('',(0.,0.,1.));
#10284 = DIRECTION('',(1.,0.,0.));
#10285 = ADVANCED_FACE('',(#10286),#10297,.F.);
#10286 = FACE_BOUND('',#10287,.F.);
#10287 = EDGE_LOOP('',(#10288,#10289,#10295,#10296));
#10288 = ORIENTED_EDGE('',*,*,#4639,.F.);
#10289 = ORIENTED_EDGE('',*,*,#10290,.F.);
#10290 = EDGE_CURVE('',#1877,#4640,#10291,.T.);
#10291 = LINE('',#10292,#10293);
#10292 = CARTESIAN_POINT('',(-70.,-128.17175976,-2.));
#10293 = VECTOR('',#10294,1.);
#10294 = DIRECTION('',(0.,0.,1.));
#10295 = ORIENTED_EDGE('',*,*,#1876,.T.);
#10296 = ORIENTED_EDGE('',*,*,#10290,.T.);
#10297 = CYLINDRICAL_SURFACE('',#10298,4.);
#10298 = AXIS2_PLACEMENT_3D('',#10299,#10300,#10301);
#10299 = CARTESIAN_POINT('',(-74.,-128.17175976,-2.));
#10300 = DIRECTION('',(0.,0.,1.));
#10301 = DIRECTION('',(1.,0.,0.));
#10302 = ADVANCED_FACE('',(#10303),#10314,.F.);
#10303 = FACE_BOUND('',#10304,.F.);
#10304 = EDGE_LOOP('',(#10305,#10306,#10312,#10313));
#10305 = ORIENTED_EDGE('',*,*,#4650,.F.);
#10306 = ORIENTED_EDGE('',*,*,#10307,.F.);
#10307 = EDGE_CURVE('',#1888,#4651,#10308,.T.);
#10308 = LINE('',#10309,#10310);
#10309 = CARTESIAN_POINT('',(-66.8431457505,-122.5149055106,-2.));
#10310 = VECTOR('',#10311,1.);
#10311 = DIRECTION('',(0.,0.,1.));
#10312 = ORIENTED_EDGE('',*,*,#1887,.T.);
#10313 = ORIENTED_EDGE('',*,*,#10307,.T.);
#10314 = CYLINDRICAL_SURFACE('',#10315,1.5);
#10315 = AXIS2_PLACEMENT_3D('',#10316,#10317,#10318);
#10316 = CARTESIAN_POINT('',(-68.3431457505,-122.5149055106,-2.));
#10317 = DIRECTION('',(0.,0.,1.));
#10318 = DIRECTION('',(1.,0.,0.));
#10319 = ADVANCED_FACE('',(#10320),#10339,.F.);
#10320 = FACE_BOUND('',#10321,.F.);
#10321 = EDGE_LOOP('',(#10322,#10331,#10337,#10338));
#10322 = ORIENTED_EDGE('',*,*,#10323,.F.);
#10323 = EDGE_CURVE('',#10324,#10324,#10326,.T.);
#10324 = VERTEX_POINT('',#10325);
#10325 = CARTESIAN_POINT('',(-53.841,-95.16060341864,9.));
#10326 = CIRCLE('',#10327,1.1);
#10327 = AXIS2_PLACEMENT_3D('',#10328,#10329,#10330);
#10328 = CARTESIAN_POINT('',(-54.941,-95.16060341864,9.));
#10329 = DIRECTION('',(0.,0.,1.));
#10330 = DIRECTION('',(1.,0.,0.));
#10331 = ORIENTED_EDGE('',*,*,#10332,.F.);
#10332 = EDGE_CURVE('',#1899,#10324,#10333,.T.);
#10333 = LINE('',#10334,#10335);
#10334 = CARTESIAN_POINT('',(-53.841,-95.16060341864,-2.));
#10335 = VECTOR('',#10336,1.);
#10336 = DIRECTION('',(0.,0.,1.));
#10337 = ORIENTED_EDGE('',*,*,#1898,.T.);
#10338 = ORIENTED_EDGE('',*,*,#10332,.T.);
#10339 = CYLINDRICAL_SURFACE('',#10340,1.1);
#10340 = AXIS2_PLACEMENT_3D('',#10341,#10342,#10343);
#10341 = CARTESIAN_POINT('',(-54.941,-95.16060341864,-2.));
#10342 = DIRECTION('',(0.,0.,1.));
#10343 = DIRECTION('',(1.,0.,0.));
#10344 = ADVANCED_FACE('',(#10345),#10364,.F.);
#10345 = FACE_BOUND('',#10346,.F.);
#10346 = EDGE_LOOP('',(#10347,#10356,#10362,#10363));
#10347 = ORIENTED_EDGE('',*,*,#10348,.F.);
#10348 = EDGE_CURVE('',#10349,#10349,#10351,.T.);
#10349 = VERTEX_POINT('',#10350);
#10350 = CARTESIAN_POINT('',(-47.841,-84.76829857322,9.));
#10351 = CIRCLE('',#10352,1.1);
#10352 = AXIS2_PLACEMENT_3D('',#10353,#10354,#10355);
#10353 = CARTESIAN_POINT('',(-48.941,-84.76829857322,9.));
#10354 = DIRECTION('',(0.,0.,1.));
#10355 = DIRECTION('',(1.,0.,0.));
#10356 = ORIENTED_EDGE('',*,*,#10357,.F.);
#10357 = EDGE_CURVE('',#1910,#10349,#10358,.T.);
#10358 = LINE('',#10359,#10360);
#10359 = CARTESIAN_POINT('',(-47.841,-84.76829857322,-2.));
#10360 = VECTOR('',#10361,1.);
#10361 = DIRECTION('',(0.,0.,1.));
#10362 = ORIENTED_EDGE('',*,*,#1909,.T.);
#10363 = ORIENTED_EDGE('',*,*,#10357,.T.);
#10364 = CYLINDRICAL_SURFACE('',#10365,1.1);
#10365 = AXIS2_PLACEMENT_3D('',#10366,#10367,#10368);
#10366 = CARTESIAN_POINT('',(-48.941,-84.76829857322,-2.));
#10367 = DIRECTION('',(0.,0.,1.));
#10368 = DIRECTION('',(1.,0.,0.));
#10369 = ADVANCED_FACE('',(#10370),#10381,.F.);
#10370 = FACE_BOUND('',#10371,.F.);
#10371 = EDGE_LOOP('',(#10372,#10373,#10379,#10380));
#10372 = ORIENTED_EDGE('',*,*,#4606,.F.);
#10373 = ORIENTED_EDGE('',*,*,#10374,.F.);
#10374 = EDGE_CURVE('',#1921,#4607,#10375,.T.);
#10375 = LINE('',#10376,#10377);
#10376 = CARTESIAN_POINT('',(-78.15685424949,-133.8286140095,-2.));
#10377 = VECTOR('',#10378,1.);
#10378 = DIRECTION('',(0.,0.,1.));
#10379 = ORIENTED_EDGE('',*,*,#1920,.T.);
#10380 = ORIENTED_EDGE('',*,*,#10374,.T.);
#10381 = CYLINDRICAL_SURFACE('',#10382,1.5);
#10382 = AXIS2_PLACEMENT_3D('',#10383,#10384,#10385);
#10383 = CARTESIAN_POINT('',(-79.65685424949,-133.8286140095,-2.));
#10384 = DIRECTION('',(0.,0.,1.));
#10385 = DIRECTION('',(1.,0.,0.));
#10386 = ADVANCED_FACE('',(#10387),#10398,.F.);
#10387 = FACE_BOUND('',#10388,.F.);
#10388 = EDGE_LOOP('',(#10389,#10390,#10396,#10397));
#10389 = ORIENTED_EDGE('',*,*,#4617,.F.);
#10390 = ORIENTED_EDGE('',*,*,#10391,.F.);
#10391 = EDGE_CURVE('',#1932,#4618,#10392,.T.);
#10392 = LINE('',#10393,#10394);
#10393 = CARTESIAN_POINT('',(-78.15685424949,-122.5149055106,-2.));
#10394 = VECTOR('',#10395,1.);
#10395 = DIRECTION('',(0.,0.,1.));
#10396 = ORIENTED_EDGE('',*,*,#1931,.T.);
#10397 = ORIENTED_EDGE('',*,*,#10391,.T.);
#10398 = CYLINDRICAL_SURFACE('',#10399,1.5);
#10399 = AXIS2_PLACEMENT_3D('',#10400,#10401,#10402);
#10400 = CARTESIAN_POINT('',(-79.65685424949,-122.5149055106,-2.));
#10401 = DIRECTION('',(0.,0.,1.));
#10402 = DIRECTION('',(1.,0.,0.));
#10403 = ADVANCED_FACE('',(#10404),#10420,.T.);
#10404 = FACE_BOUND('',#10405,.T.);
#10405 = EDGE_LOOP('',(#10406,#10407,#10413,#10414));
#10406 = ORIENTED_EDGE('',*,*,#1942,.F.);
#10407 = ORIENTED_EDGE('',*,*,#10408,.T.);
#10408 = EDGE_CURVE('',#1943,#4772,#10409,.T.);
#10409 = LINE('',#10410,#10411);
#10410 = CARTESIAN_POINT('',(-21.68911086754,-54.5,-1.));
#10411 = VECTOR('',#10412,1.);
#10412 = DIRECTION('',(0.,0.,1.));
#10413 = ORIENTED_EDGE('',*,*,#4771,.F.);
#10414 = ORIENTED_EDGE('',*,*,#10415,.F.);
#10415 = EDGE_CURVE('',#1945,#4764,#10416,.T.);
#10416 = LINE('',#10417,#10418);
#10417 = CARTESIAN_POINT('',(-27.75128869403,-51.,-1.));
#10418 = VECTOR('',#10419,1.);
#10419 = DIRECTION('',(0.,0.,1.));
#10420 = PLANE('',#10421);
#10421 = AXIS2_PLACEMENT_3D('',#10422,#10423,#10424);
#10422 = CARTESIAN_POINT('',(-21.68911086754,-54.5,-1.));
#10423 = DIRECTION('',(-0.5,-0.866025403784,0.));
#10424 = DIRECTION('',(-0.866025403784,0.5,0.));
#10425 = ADVANCED_FACE('',(#10426),#10437,.T.);
#10426 = FACE_BOUND('',#10427,.T.);
#10427 = EDGE_LOOP('',(#10428,#10429,#10435,#10436));
#10428 = ORIENTED_EDGE('',*,*,#1984,.F.);
#10429 = ORIENTED_EDGE('',*,*,#10430,.T.);
#10430 = EDGE_CURVE('',#1977,#4780,#10431,.T.);
#10431 = LINE('',#10432,#10433);
#10432 = CARTESIAN_POINT('',(-21.68911086754,-61.5,-1.));
#10433 = VECTOR('',#10434,1.);
#10434 = DIRECTION('',(0.,0.,1.));
#10435 = ORIENTED_EDGE('',*,*,#4779,.F.);
#10436 = ORIENTED_EDGE('',*,*,#10408,.F.);
#10437 = PLANE('',#10438);
#10438 = AXIS2_PLACEMENT_3D('',#10439,#10440,#10441);
#10439 = CARTESIAN_POINT('',(-21.68911086754,-61.5,-1.));
#10440 = DIRECTION('',(-1.,0.,0.));
#10441 = DIRECTION('',(0.,1.,0.));
#10442 = ADVANCED_FACE('',(#10443),#10454,.T.);
#10443 = FACE_BOUND('',#10444,.T.);
#10444 = EDGE_LOOP('',(#10445,#10446,#10447,#10448));
#10445 = ORIENTED_EDGE('',*,*,#1952,.F.);
#10446 = ORIENTED_EDGE('',*,*,#10415,.T.);
#10447 = ORIENTED_EDGE('',*,*,#4763,.F.);
#10448 = ORIENTED_EDGE('',*,*,#10449,.F.);
#10449 = EDGE_CURVE('',#1953,#4756,#10450,.T.);
#10450 = LINE('',#10451,#10452);
#10451 = CARTESIAN_POINT('',(-33.81346652052,-54.5,-1.));
#10452 = VECTOR('',#10453,1.);
#10453 = DIRECTION('',(0.,0.,1.));
#10454 = PLANE('',#10455);
#10455 = AXIS2_PLACEMENT_3D('',#10456,#10457,#10458);
#10456 = CARTESIAN_POINT('',(-27.75128869403,-51.,-1.));
#10457 = DIRECTION('',(0.5,-0.866025403784,0.));
#10458 = DIRECTION('',(-0.866025403784,-0.5,0.));
#10459 = ADVANCED_FACE('',(#10460),#10471,.T.);
#10460 = FACE_BOUND('',#10461,.T.);
#10461 = EDGE_LOOP('',(#10462,#10463,#10469,#10470));
#10462 = ORIENTED_EDGE('',*,*,#1976,.F.);
#10463 = ORIENTED_EDGE('',*,*,#10464,.T.);
#10464 = EDGE_CURVE('',#1969,#4788,#10465,.T.);
#10465 = LINE('',#10466,#10467);
#10466 = CARTESIAN_POINT('',(-27.75128869403,-65.,-1.));
#10467 = VECTOR('',#10468,1.);
#10468 = DIRECTION('',(0.,0.,1.));
#10469 = ORIENTED_EDGE('',*,*,#4787,.F.);
#10470 = ORIENTED_EDGE('',*,*,#10430,.F.);
#10471 = PLANE('',#10472);
#10472 = AXIS2_PLACEMENT_3D('',#10473,#10474,#10475);
#10473 = CARTESIAN_POINT('',(-27.75128869403,-65.,-1.));
#10474 = DIRECTION('',(-0.5,0.866025403784,0.));
#10475 = DIRECTION('',(0.866025403784,0.5,0.));
#10476 = ADVANCED_FACE('',(#10477),#10488,.T.);
#10477 = FACE_BOUND('',#10478,.T.);
#10478 = EDGE_LOOP('',(#10479,#10480,#10481,#10482));
#10479 = ORIENTED_EDGE('',*,*,#1960,.F.);
#10480 = ORIENTED_EDGE('',*,*,#10449,.T.);
#10481 = ORIENTED_EDGE('',*,*,#4753,.F.);
#10482 = ORIENTED_EDGE('',*,*,#10483,.F.);
#10483 = EDGE_CURVE('',#1961,#4754,#10484,.T.);
#10484 = LINE('',#10485,#10486);
#10485 = CARTESIAN_POINT('',(-33.81346652052,-61.5,-1.));
#10486 = VECTOR('',#10487,1.);
#10487 = DIRECTION('',(0.,0.,1.));
#10488 = PLANE('',#10489);
#10489 = AXIS2_PLACEMENT_3D('',#10490,#10491,#10492);
#10490 = CARTESIAN_POINT('',(-33.81346652052,-54.5,-1.));
#10491 = DIRECTION('',(1.,0.,0.));
#10492 = DIRECTION('',(0.,-1.,0.));
#10493 = ADVANCED_FACE('',(#10494),#10500,.T.);
#10494 = FACE_BOUND('',#10495,.T.);
#10495 = EDGE_LOOP('',(#10496,#10497,#10498,#10499));
#10496 = ORIENTED_EDGE('',*,*,#1968,.F.);
#10497 = ORIENTED_EDGE('',*,*,#10483,.T.);
#10498 = ORIENTED_EDGE('',*,*,#4795,.F.);
#10499 = ORIENTED_EDGE('',*,*,#10464,.F.);
#10500 = PLANE('',#10501);
#10501 = AXIS2_PLACEMENT_3D('',#10502,#10503,#10504);
#10502 = CARTESIAN_POINT('',(-33.81346652052,-61.5,-1.));
#10503 = DIRECTION('',(0.5,0.866025403784,0.));
#10504 = DIRECTION('',(0.866025403784,-0.5,0.));
#10505 = ADVANCED_FACE('',(#10506),#10522,.T.);
#10506 = FACE_BOUND('',#10507,.T.);
#10507 = EDGE_LOOP('',(#10508,#10509,#10515,#10516));
#10508 = ORIENTED_EDGE('',*,*,#1992,.F.);
#10509 = ORIENTED_EDGE('',*,*,#10510,.T.);
#10510 = EDGE_CURVE('',#1993,#4822,#10511,.T.);
#10511 = LINE('',#10512,#10513);
#10512 = CARTESIAN_POINT('',(-14.12693304105,-41.40192378864,-1.));
#10513 = VECTOR('',#10514,1.);
#10514 = DIRECTION('',(0.,0.,1.));
#10515 = ORIENTED_EDGE('',*,*,#4821,.F.);
#10516 = ORIENTED_EDGE('',*,*,#10517,.F.);
#10517 = EDGE_CURVE('',#1995,#4814,#10518,.T.);
#10518 = LINE('',#10519,#10520);
#10519 = CARTESIAN_POINT('',(-20.18911086754,-37.90192378864,-1.));
#10520 = VECTOR('',#10521,1.);
#10521 = DIRECTION('',(0.,0.,1.));
#10522 = PLANE('',#10523);
#10523 = AXIS2_PLACEMENT_3D('',#10524,#10525,#10526);
#10524 = CARTESIAN_POINT('',(-14.12693304105,-41.40192378864,-1.));
#10525 = DIRECTION('',(-0.5,-0.866025403784,0.));
#10526 = DIRECTION('',(-0.866025403784,0.5,0.));
#10527 = ADVANCED_FACE('',(#10528),#10539,.T.);
#10528 = FACE_BOUND('',#10529,.T.);
#10529 = EDGE_LOOP('',(#10530,#10531,#10537,#10538));
#10530 = ORIENTED_EDGE('',*,*,#2034,.F.);
#10531 = ORIENTED_EDGE('',*,*,#10532,.T.);
#10532 = EDGE_CURVE('',#2027,#4830,#10533,.T.);
#10533 = LINE('',#10534,#10535);
#10534 = CARTESIAN_POINT('',(-14.12693304105,-48.40192378864,-1.));
#10535 = VECTOR('',#10536,1.);
#10536 = DIRECTION('',(0.,0.,1.));
#10537 = ORIENTED_EDGE('',*,*,#4829,.F.);
#10538 = ORIENTED_EDGE('',*,*,#10510,.F.);
#10539 = PLANE('',#10540);
#10540 = AXIS2_PLACEMENT_3D('',#10541,#10542,#10543);
#10541 = CARTESIAN_POINT('',(-14.12693304105,-48.40192378864,-1.));
#10542 = DIRECTION('',(-1.,0.,0.));
#10543 = DIRECTION('',(0.,1.,0.));
#10544 = ADVANCED_FACE('',(#10545),#10556,.T.);
#10545 = FACE_BOUND('',#10546,.T.);
#10546 = EDGE_LOOP('',(#10547,#10548,#10549,#10550));
#10547 = ORIENTED_EDGE('',*,*,#2002,.F.);
#10548 = ORIENTED_EDGE('',*,*,#10517,.T.);
#10549 = ORIENTED_EDGE('',*,*,#4813,.F.);
#10550 = ORIENTED_EDGE('',*,*,#10551,.F.);
#10551 = EDGE_CURVE('',#2003,#4806,#10552,.T.);
#10552 = LINE('',#10553,#10554);
#10553 = CARTESIAN_POINT('',(-26.25128869403,-41.40192378864,-1.));
#10554 = VECTOR('',#10555,1.);
#10555 = DIRECTION('',(0.,0.,1.));
#10556 = PLANE('',#10557);
#10557 = AXIS2_PLACEMENT_3D('',#10558,#10559,#10560);
#10558 = CARTESIAN_POINT('',(-20.18911086754,-37.90192378864,-1.));
#10559 = DIRECTION('',(0.5,-0.866025403784,0.));
#10560 = DIRECTION('',(-0.866025403784,-0.5,0.));
#10561 = ADVANCED_FACE('',(#10562),#10573,.T.);
#10562 = FACE_BOUND('',#10563,.T.);
#10563 = EDGE_LOOP('',(#10564,#10565,#10571,#10572));
#10564 = ORIENTED_EDGE('',*,*,#2026,.F.);
#10565 = ORIENTED_EDGE('',*,*,#10566,.T.);
#10566 = EDGE_CURVE('',#2019,#4838,#10567,.T.);
#10567 = LINE('',#10568,#10569);
#10568 = CARTESIAN_POINT('',(-20.18911086754,-51.90192378864,-1.));
#10569 = VECTOR('',#10570,1.);
#10570 = DIRECTION('',(0.,0.,1.));
#10571 = ORIENTED_EDGE('',*,*,#4837,.F.);
#10572 = ORIENTED_EDGE('',*,*,#10532,.F.);
#10573 = PLANE('',#10574);
#10574 = AXIS2_PLACEMENT_3D('',#10575,#10576,#10577);
#10575 = CARTESIAN_POINT('',(-20.18911086754,-51.90192378864,-1.));
#10576 = DIRECTION('',(-0.5,0.866025403784,0.));
#10577 = DIRECTION('',(0.866025403784,0.5,0.));
#10578 = ADVANCED_FACE('',(#10579),#10590,.T.);
#10579 = FACE_BOUND('',#10580,.T.);
#10580 = EDGE_LOOP('',(#10581,#10582,#10583,#10584));
#10581 = ORIENTED_EDGE('',*,*,#2010,.F.);
#10582 = ORIENTED_EDGE('',*,*,#10551,.T.);
#10583 = ORIENTED_EDGE('',*,*,#4803,.F.);
#10584 = ORIENTED_EDGE('',*,*,#10585,.F.);
#10585 = EDGE_CURVE('',#2011,#4804,#10586,.T.);
#10586 = LINE('',#10587,#10588);
#10587 = CARTESIAN_POINT('',(-26.25128869403,-48.40192378864,-1.));
#10588 = VECTOR('',#10589,1.);
#10589 = DIRECTION('',(0.,0.,1.));
#10590 = PLANE('',#10591);
#10591 = AXIS2_PLACEMENT_3D('',#10592,#10593,#10594);
#10592 = CARTESIAN_POINT('',(-26.25128869403,-41.40192378864,-1.));
#10593 = DIRECTION('',(1.,5.075305255429E-16,0.));
#10594 = DIRECTION('',(5.075305255429E-16,-1.,0.));
#10595 = ADVANCED_FACE('',(#10596),#10602,.T.);
#10596 = FACE_BOUND('',#10597,.T.);
#10597 = EDGE_LOOP('',(#10598,#10599,#10600,#10601));
#10598 = ORIENTED_EDGE('',*,*,#2018,.F.);
#10599 = ORIENTED_EDGE('',*,*,#10585,.T.);
#10600 = ORIENTED_EDGE('',*,*,#4845,.F.);
#10601 = ORIENTED_EDGE('',*,*,#10566,.F.);
#10602 = PLANE('',#10603);
#10603 = AXIS2_PLACEMENT_3D('',#10604,#10605,#10606);
#10604 = CARTESIAN_POINT('',(-26.25128869403,-48.40192378864,-1.));
#10605 = DIRECTION('',(0.5,0.866025403784,0.));
#10606 = DIRECTION('',(0.866025403784,-0.5,0.));
#10607 = ADVANCED_FACE('',(#10608),#10624,.T.);
#10608 = FACE_BOUND('',#10609,.T.);
#10609 = EDGE_LOOP('',(#10610,#10611,#10617,#10618));
#10610 = ORIENTED_EDGE('',*,*,#2042,.F.);
#10611 = ORIENTED_EDGE('',*,*,#10612,.T.);
#10612 = EDGE_CURVE('',#2043,#5033,#10613,.T.);
#10613 = LINE('',#10614,#10615);
#10614 = CARTESIAN_POINT('',(-6.564755214563,-28.30384757729,-1.));
#10615 = VECTOR('',#10616,1.);
#10616 = DIRECTION('',(0.,0.,1.));
#10617 = ORIENTED_EDGE('',*,*,#5032,.F.);
#10618 = ORIENTED_EDGE('',*,*,#10619,.F.);
#10619 = EDGE_CURVE('',#2045,#5025,#10620,.T.);
#10620 = LINE('',#10621,#10622);
#10621 = CARTESIAN_POINT('',(-12.62693304105,-24.80384757729,-1.));
#10622 = VECTOR('',#10623,1.);
#10623 = DIRECTION('',(0.,0.,1.));
#10624 = PLANE('',#10625);
#10625 = AXIS2_PLACEMENT_3D('',#10626,#10627,#10628);
#10626 = CARTESIAN_POINT('',(-6.564755214563,-28.30384757729,-1.));
#10627 = DIRECTION('',(-0.5,-0.866025403784,0.));
#10628 = DIRECTION('',(-0.866025403784,0.5,0.));
#10629 = ADVANCED_FACE('',(#10630),#10641,.T.);
#10630 = FACE_BOUND('',#10631,.T.);
#10631 = EDGE_LOOP('',(#10632,#10633,#10639,#10640));
#10632 = ORIENTED_EDGE('',*,*,#2084,.F.);
#10633 = ORIENTED_EDGE('',*,*,#10634,.T.);
#10634 = EDGE_CURVE('',#2077,#5041,#10635,.T.);
#10635 = LINE('',#10636,#10637);
#10636 = CARTESIAN_POINT('',(-6.564755214563,-35.30384757729,-1.));
#10637 = VECTOR('',#10638,1.);
#10638 = DIRECTION('',(0.,0.,1.));
#10639 = ORIENTED_EDGE('',*,*,#5040,.F.);
#10640 = ORIENTED_EDGE('',*,*,#10612,.F.);
#10641 = PLANE('',#10642);
#10642 = AXIS2_PLACEMENT_3D('',#10643,#10644,#10645);
#10643 = CARTESIAN_POINT('',(-6.564755214563,-35.30384757729,-1.));
#10644 = DIRECTION('',(-1.,2.537652627715E-16,0.));
#10645 = DIRECTION('',(2.537652627715E-16,1.,0.));
#10646 = ADVANCED_FACE('',(#10647),#10658,.T.);
#10647 = FACE_BOUND('',#10648,.T.);
#10648 = EDGE_LOOP('',(#10649,#10650,#10651,#10652));
#10649 = ORIENTED_EDGE('',*,*,#2052,.F.);
#10650 = ORIENTED_EDGE('',*,*,#10619,.T.);
#10651 = ORIENTED_EDGE('',*,*,#5024,.F.);
#10652 = ORIENTED_EDGE('',*,*,#10653,.F.);
#10653 = EDGE_CURVE('',#2053,#5017,#10654,.T.);
#10654 = LINE('',#10655,#10656);
#10655 = CARTESIAN_POINT('',(-18.68911086754,-28.30384757729,-1.));
#10656 = VECTOR('',#10657,1.);
#10657 = DIRECTION('',(0.,0.,1.));
#10658 = PLANE('',#10659);
#10659 = AXIS2_PLACEMENT_3D('',#10660,#10661,#10662);
#10660 = CARTESIAN_POINT('',(-12.62693304105,-24.80384757729,-1.));
#10661 = DIRECTION('',(0.5,-0.866025403784,0.));
#10662 = DIRECTION('',(-0.866025403784,-0.5,0.));
#10663 = ADVANCED_FACE('',(#10664),#10675,.T.);
#10664 = FACE_BOUND('',#10665,.T.);
#10665 = EDGE_LOOP('',(#10666,#10667,#10673,#10674));
#10666 = ORIENTED_EDGE('',*,*,#2076,.F.);
#10667 = ORIENTED_EDGE('',*,*,#10668,.T.);
#10668 = EDGE_CURVE('',#2069,#5049,#10669,.T.);
#10669 = LINE('',#10670,#10671);
#10670 = CARTESIAN_POINT('',(-12.62693304105,-38.80384757729,-1.));
#10671 = VECTOR('',#10672,1.);
#10672 = DIRECTION('',(0.,0.,1.));
#10673 = ORIENTED_EDGE('',*,*,#5048,.F.);
#10674 = ORIENTED_EDGE('',*,*,#10634,.F.);
#10675 = PLANE('',#10676);
#10676 = AXIS2_PLACEMENT_3D('',#10677,#10678,#10679);
#10677 = CARTESIAN_POINT('',(-12.62693304105,-38.80384757729,-1.));
#10678 = DIRECTION('',(-0.5,0.866025403784,0.));
#10679 = DIRECTION('',(0.866025403784,0.5,0.));
#10680 = ADVANCED_FACE('',(#10681),#10692,.T.);
#10681 = FACE_BOUND('',#10682,.T.);
#10682 = EDGE_LOOP('',(#10683,#10684,#10685,#10686));
#10683 = ORIENTED_EDGE('',*,*,#2060,.F.);
#10684 = ORIENTED_EDGE('',*,*,#10653,.T.);
#10685 = ORIENTED_EDGE('',*,*,#5014,.F.);
#10686 = ORIENTED_EDGE('',*,*,#10687,.F.);
#10687 = EDGE_CURVE('',#2061,#5015,#10688,.T.);
#10688 = LINE('',#10689,#10690);
#10689 = CARTESIAN_POINT('',(-18.68911086754,-35.30384757729,-1.));
#10690 = VECTOR('',#10691,1.);
#10691 = DIRECTION('',(0.,0.,1.));
#10692 = PLANE('',#10693);
#10693 = AXIS2_PLACEMENT_3D('',#10694,#10695,#10696);
#10694 = CARTESIAN_POINT('',(-18.68911086754,-28.30384757729,-1.));
#10695 = DIRECTION('',(1.,0.,0.));
#10696 = DIRECTION('',(0.,-1.,0.));
#10697 = ADVANCED_FACE('',(#10698),#10704,.T.);
#10698 = FACE_BOUND('',#10699,.T.);
#10699 = EDGE_LOOP('',(#10700,#10701,#10702,#10703));
#10700 = ORIENTED_EDGE('',*,*,#2068,.F.);
#10701 = ORIENTED_EDGE('',*,*,#10687,.T.);
#10702 = ORIENTED_EDGE('',*,*,#5056,.F.);
#10703 = ORIENTED_EDGE('',*,*,#10668,.F.);
#10704 = PLANE('',#10705);
#10705 = AXIS2_PLACEMENT_3D('',#10706,#10707,#10708);
#10706 = CARTESIAN_POINT('',(-18.68911086754,-35.30384757729,-1.));
#10707 = DIRECTION('',(0.5,0.866025403784,0.));
#10708 = DIRECTION('',(0.866025403784,-0.5,0.));
#10709 = ADVANCED_FACE('',(#10710),#10726,.T.);
#10710 = FACE_BOUND('',#10711,.T.);
#10711 = EDGE_LOOP('',(#10712,#10713,#10719,#10720));
#10712 = ORIENTED_EDGE('',*,*,#2092,.F.);
#10713 = ORIENTED_EDGE('',*,*,#10714,.T.);
#10714 = EDGE_CURVE('',#2093,#5083,#10715,.T.);
#10715 = LINE('',#10716,#10717);
#10716 = CARTESIAN_POINT('',(0.997422611929,-15.20577136594,-1.));
#10717 = VECTOR('',#10718,1.);
#10718 = DIRECTION('',(0.,0.,1.));
#10719 = ORIENTED_EDGE('',*,*,#5082,.F.);
#10720 = ORIENTED_EDGE('',*,*,#10721,.F.);
#10721 = EDGE_CURVE('',#2095,#5075,#10722,.T.);
#10722 = LINE('',#10723,#10724);
#10723 = CARTESIAN_POINT('',(-5.064755214563,-11.70577136594,-1.));
#10724 = VECTOR('',#10725,1.);
#10725 = DIRECTION('',(0.,0.,1.));
#10726 = PLANE('',#10727);
#10727 = AXIS2_PLACEMENT_3D('',#10728,#10729,#10730);
#10728 = CARTESIAN_POINT('',(0.997422611929,-15.20577136594,-1.));
#10729 = DIRECTION('',(-0.5,-0.866025403784,0.));
#10730 = DIRECTION('',(-0.866025403784,0.5,0.));
#10731 = ADVANCED_FACE('',(#10732),#10743,.T.);
#10732 = FACE_BOUND('',#10733,.T.);
#10733 = EDGE_LOOP('',(#10734,#10735,#10741,#10742));
#10734 = ORIENTED_EDGE('',*,*,#2134,.F.);
#10735 = ORIENTED_EDGE('',*,*,#10736,.T.);
#10736 = EDGE_CURVE('',#2127,#5091,#10737,.T.);
#10737 = LINE('',#10738,#10739);
#10738 = CARTESIAN_POINT('',(0.997422611929,-22.20577136594,-1.));
#10739 = VECTOR('',#10740,1.);
#10740 = DIRECTION('',(0.,0.,1.));
#10741 = ORIENTED_EDGE('',*,*,#5090,.F.);
#10742 = ORIENTED_EDGE('',*,*,#10714,.F.);
#10743 = PLANE('',#10744);
#10744 = AXIS2_PLACEMENT_3D('',#10745,#10746,#10747);
#10745 = CARTESIAN_POINT('',(0.997422611929,-22.20577136594,-1.));
#10746 = DIRECTION('',(-1.,2.537652627715E-16,0.));
#10747 = DIRECTION('',(2.537652627715E-16,1.,0.));
#10748 = ADVANCED_FACE('',(#10749),#10760,.T.);
#10749 = FACE_BOUND('',#10750,.T.);
#10750 = EDGE_LOOP('',(#10751,#10752,#10753,#10754));
#10751 = ORIENTED_EDGE('',*,*,#2102,.F.);
#10752 = ORIENTED_EDGE('',*,*,#10721,.T.);
#10753 = ORIENTED_EDGE('',*,*,#5074,.F.);
#10754 = ORIENTED_EDGE('',*,*,#10755,.F.);
#10755 = EDGE_CURVE('',#2103,#5067,#10756,.T.);
#10756 = LINE('',#10757,#10758);
#10757 = CARTESIAN_POINT('',(-11.12693304105,-15.20577136594,-1.));
#10758 = VECTOR('',#10759,1.);
#10759 = DIRECTION('',(0.,0.,1.));
#10760 = PLANE('',#10761);
#10761 = AXIS2_PLACEMENT_3D('',#10762,#10763,#10764);
#10762 = CARTESIAN_POINT('',(-5.064755214563,-11.70577136594,-1.));
#10763 = DIRECTION('',(0.5,-0.866025403784,0.));
#10764 = DIRECTION('',(-0.866025403784,-0.5,0.));
#10765 = ADVANCED_FACE('',(#10766),#10777,.T.);
#10766 = FACE_BOUND('',#10767,.T.);
#10767 = EDGE_LOOP('',(#10768,#10769,#10775,#10776));
#10768 = ORIENTED_EDGE('',*,*,#2126,.F.);
#10769 = ORIENTED_EDGE('',*,*,#10770,.T.);
#10770 = EDGE_CURVE('',#2119,#5099,#10771,.T.);
#10771 = LINE('',#10772,#10773);
#10772 = CARTESIAN_POINT('',(-5.064755214563,-25.70577136594,-1.));
#10773 = VECTOR('',#10774,1.);
#10774 = DIRECTION('',(0.,0.,1.));
#10775 = ORIENTED_EDGE('',*,*,#5098,.F.);
#10776 = ORIENTED_EDGE('',*,*,#10736,.F.);
#10777 = PLANE('',#10778);
#10778 = AXIS2_PLACEMENT_3D('',#10779,#10780,#10781);
#10779 = CARTESIAN_POINT('',(-5.064755214563,-25.70577136594,-1.));
#10780 = DIRECTION('',(-0.5,0.866025403784,0.));
#10781 = DIRECTION('',(0.866025403784,0.5,0.));
#10782 = ADVANCED_FACE('',(#10783),#10794,.T.);
#10783 = FACE_BOUND('',#10784,.T.);
#10784 = EDGE_LOOP('',(#10785,#10786,#10787,#10788));
#10785 = ORIENTED_EDGE('',*,*,#2110,.F.);
#10786 = ORIENTED_EDGE('',*,*,#10755,.T.);
#10787 = ORIENTED_EDGE('',*,*,#5064,.F.);
#10788 = ORIENTED_EDGE('',*,*,#10789,.F.);
#10789 = EDGE_CURVE('',#2111,#5065,#10790,.T.);
#10790 = LINE('',#10791,#10792);
#10791 = CARTESIAN_POINT('',(-11.12693304105,-22.20577136594,-1.));
#10792 = VECTOR('',#10793,1.);
#10793 = DIRECTION('',(0.,0.,1.));
#10794 = PLANE('',#10795);
#10795 = AXIS2_PLACEMENT_3D('',#10796,#10797,#10798);
#10796 = CARTESIAN_POINT('',(-11.12693304105,-15.20577136594,-1.));
#10797 = DIRECTION('',(1.,0.,0.));
#10798 = DIRECTION('',(0.,-1.,0.));
#10799 = ADVANCED_FACE('',(#10800),#10806,.T.);
#10800 = FACE_BOUND('',#10801,.T.);
#10801 = EDGE_LOOP('',(#10802,#10803,#10804,#10805));
#10802 = ORIENTED_EDGE('',*,*,#2118,.F.);
#10803 = ORIENTED_EDGE('',*,*,#10789,.T.);
#10804 = ORIENTED_EDGE('',*,*,#5106,.F.);
#10805 = ORIENTED_EDGE('',*,*,#10770,.F.);
#10806 = PLANE('',#10807);
#10807 = AXIS2_PLACEMENT_3D('',#10808,#10809,#10810);
#10808 = CARTESIAN_POINT('',(-11.12693304105,-22.20577136594,-1.));
#10809 = DIRECTION('',(0.5,0.866025403784,0.));
#10810 = DIRECTION('',(0.866025403784,-0.5,0.));
#10811 = ADVANCED_FACE('',(#10812),#10828,.T.);
#10812 = FACE_BOUND('',#10813,.T.);
#10813 = EDGE_LOOP('',(#10814,#10815,#10821,#10822));
#10814 = ORIENTED_EDGE('',*,*,#2142,.F.);
#10815 = ORIENTED_EDGE('',*,*,#10816,.T.);
#10816 = EDGE_CURVE('',#2143,#4922,#10817,.T.);
#10817 = LINE('',#10818,#10819);
#10818 = CARTESIAN_POINT('',(-21.68911086754,-28.30384757729,-1.));
#10819 = VECTOR('',#10820,1.);
#10820 = DIRECTION('',(0.,0.,1.));
#10821 = ORIENTED_EDGE('',*,*,#4921,.F.);
#10822 = ORIENTED_EDGE('',*,*,#10823,.F.);
#10823 = EDGE_CURVE('',#2145,#4914,#10824,.T.);
#10824 = LINE('',#10825,#10826);
#10825 = CARTESIAN_POINT('',(-27.75128869403,-24.80384757729,-1.));
#10826 = VECTOR('',#10827,1.);
#10827 = DIRECTION('',(0.,0.,1.));
#10828 = PLANE('',#10829);
#10829 = AXIS2_PLACEMENT_3D('',#10830,#10831,#10832);
#10830 = CARTESIAN_POINT('',(-21.68911086754,-28.30384757729,-1.));
#10831 = DIRECTION('',(-0.5,-0.866025403784,0.));
#10832 = DIRECTION('',(-0.866025403784,0.5,0.));
#10833 = ADVANCED_FACE('',(#10834),#10845,.T.);
#10834 = FACE_BOUND('',#10835,.T.);
#10835 = EDGE_LOOP('',(#10836,#10837,#10843,#10844));
#10836 = ORIENTED_EDGE('',*,*,#2184,.F.);
#10837 = ORIENTED_EDGE('',*,*,#10838,.T.);
#10838 = EDGE_CURVE('',#2177,#4930,#10839,.T.);
#10839 = LINE('',#10840,#10841);
#10840 = CARTESIAN_POINT('',(-21.68911086754,-35.30384757729,-1.));
#10841 = VECTOR('',#10842,1.);
#10842 = DIRECTION('',(0.,0.,1.));
#10843 = ORIENTED_EDGE('',*,*,#4929,.F.);
#10844 = ORIENTED_EDGE('',*,*,#10816,.F.);
#10845 = PLANE('',#10846);
#10846 = AXIS2_PLACEMENT_3D('',#10847,#10848,#10849);
#10847 = CARTESIAN_POINT('',(-21.68911086754,-35.30384757729,-1.));
#10848 = DIRECTION('',(-1.,0.,0.));
#10849 = DIRECTION('',(0.,1.,0.));
#10850 = ADVANCED_FACE('',(#10851),#10862,.T.);
#10851 = FACE_BOUND('',#10852,.T.);
#10852 = EDGE_LOOP('',(#10853,#10854,#10855,#10856));
#10853 = ORIENTED_EDGE('',*,*,#2152,.F.);
#10854 = ORIENTED_EDGE('',*,*,#10823,.T.);
#10855 = ORIENTED_EDGE('',*,*,#4913,.F.);
#10856 = ORIENTED_EDGE('',*,*,#10857,.F.);
#10857 = EDGE_CURVE('',#2153,#4906,#10858,.T.);
#10858 = LINE('',#10859,#10860);
#10859 = CARTESIAN_POINT('',(-33.81346652052,-28.30384757729,-1.));
#10860 = VECTOR('',#10861,1.);
#10861 = DIRECTION('',(0.,0.,1.));
#10862 = PLANE('',#10863);
#10863 = AXIS2_PLACEMENT_3D('',#10864,#10865,#10866);
#10864 = CARTESIAN_POINT('',(-27.75128869403,-24.80384757729,-1.));
#10865 = DIRECTION('',(0.5,-0.866025403784,0.));
#10866 = DIRECTION('',(-0.866025403784,-0.5,0.));
#10867 = ADVANCED_FACE('',(#10868),#10879,.T.);
#10868 = FACE_BOUND('',#10869,.T.);
#10869 = EDGE_LOOP('',(#10870,#10871,#10877,#10878));
#10870 = ORIENTED_EDGE('',*,*,#2176,.F.);
#10871 = ORIENTED_EDGE('',*,*,#10872,.T.);
#10872 = EDGE_CURVE('',#2169,#4938,#10873,.T.);
#10873 = LINE('',#10874,#10875);
#10874 = CARTESIAN_POINT('',(-27.75128869403,-38.80384757729,-1.));
#10875 = VECTOR('',#10876,1.);
#10876 = DIRECTION('',(0.,0.,1.));
#10877 = ORIENTED_EDGE('',*,*,#4937,.F.);
#10878 = ORIENTED_EDGE('',*,*,#10838,.F.);
#10879 = PLANE('',#10880);
#10880 = AXIS2_PLACEMENT_3D('',#10881,#10882,#10883);
#10881 = CARTESIAN_POINT('',(-27.75128869403,-38.80384757729,-1.));
#10882 = DIRECTION('',(-0.5,0.866025403784,0.));
#10883 = DIRECTION('',(0.866025403784,0.5,0.));
#10884 = ADVANCED_FACE('',(#10885),#10896,.T.);
#10885 = FACE_BOUND('',#10886,.T.);
#10886 = EDGE_LOOP('',(#10887,#10888,#10889,#10890));
#10887 = ORIENTED_EDGE('',*,*,#2160,.F.);
#10888 = ORIENTED_EDGE('',*,*,#10857,.T.);
#10889 = ORIENTED_EDGE('',*,*,#4903,.F.);
#10890 = ORIENTED_EDGE('',*,*,#10891,.F.);
#10891 = EDGE_CURVE('',#2161,#4904,#10892,.T.);
#10892 = LINE('',#10893,#10894);
#10893 = CARTESIAN_POINT('',(-33.81346652052,-35.30384757729,-1.));
#10894 = VECTOR('',#10895,1.);
#10895 = DIRECTION('',(0.,0.,1.));
#10896 = PLANE('',#10897);
#10897 = AXIS2_PLACEMENT_3D('',#10898,#10899,#10900);
#10898 = CARTESIAN_POINT('',(-33.81346652052,-28.30384757729,-1.));
#10899 = DIRECTION('',(1.,0.,0.));
#10900 = DIRECTION('',(0.,-1.,0.));
#10901 = ADVANCED_FACE('',(#10902),#10908,.T.);
#10902 = FACE_BOUND('',#10903,.T.);
#10903 = EDGE_LOOP('',(#10904,#10905,#10906,#10907));
#10904 = ORIENTED_EDGE('',*,*,#2168,.F.);
#10905 = ORIENTED_EDGE('',*,*,#10891,.T.);
#10906 = ORIENTED_EDGE('',*,*,#4945,.F.);
#10907 = ORIENTED_EDGE('',*,*,#10872,.F.);
#10908 = PLANE('',#10909);
#10909 = AXIS2_PLACEMENT_3D('',#10910,#10911,#10912);
#10910 = CARTESIAN_POINT('',(-33.81346652052,-35.30384757729,-1.));
#10911 = DIRECTION('',(0.5,0.866025403784,0.));
#10912 = DIRECTION('',(0.866025403784,-0.5,0.));
#10913 = ADVANCED_FACE('',(#10914),#10925,.F.);
#10914 = FACE_BOUND('',#10915,.F.);
#10915 = EDGE_LOOP('',(#10916,#10917,#10923,#10924));
#10916 = ORIENTED_EDGE('',*,*,#5003,.F.);
#10917 = ORIENTED_EDGE('',*,*,#10918,.F.);
#10918 = EDGE_CURVE('',#2193,#5004,#10919,.T.);
#10919 = LINE('',#10920,#10921);
#10920 = CARTESIAN_POINT('',(-20.92741699797,-22.62741699797,-2.));
#10921 = VECTOR('',#10922,1.);
#10922 = DIRECTION('',(0.,0.,1.));
#10923 = ORIENTED_EDGE('',*,*,#2192,.T.);
#10924 = ORIENTED_EDGE('',*,*,#10918,.T.);
#10925 = CYLINDRICAL_SURFACE('',#10926,1.7);
#10926 = AXIS2_PLACEMENT_3D('',#10927,#10928,#10929);
#10927 = CARTESIAN_POINT('',(-22.62741699797,-22.62741699797,-2.));
#10928 = DIRECTION('',(0.,0.,1.));
#10929 = DIRECTION('',(1.,0.,0.));
#10930 = ADVANCED_FACE('',(#10931),#10947,.T.);
#10931 = FACE_BOUND('',#10932,.T.);
#10932 = EDGE_LOOP('',(#10933,#10934,#10940,#10941));
#10933 = ORIENTED_EDGE('',*,*,#2203,.F.);
#10934 = ORIENTED_EDGE('',*,*,#10935,.T.);
#10935 = EDGE_CURVE('',#2204,#4972,#10936,.T.);
#10936 = LINE('',#10937,#10938);
#10937 = CARTESIAN_POINT('',(-29.25128869403,-15.20577136594,-1.));
#10938 = VECTOR('',#10939,1.);
#10939 = DIRECTION('',(0.,0.,1.));
#10940 = ORIENTED_EDGE('',*,*,#4971,.F.);
#10941 = ORIENTED_EDGE('',*,*,#10942,.F.);
#10942 = EDGE_CURVE('',#2206,#4964,#10943,.T.);
#10943 = LINE('',#10944,#10945);
#10944 = CARTESIAN_POINT('',(-35.31346652052,-11.70577136594,-1.));
#10945 = VECTOR('',#10946,1.);
#10946 = DIRECTION('',(0.,0.,1.));
#10947 = PLANE('',#10948);
#10948 = AXIS2_PLACEMENT_3D('',#10949,#10950,#10951);
#10949 = CARTESIAN_POINT('',(-29.25128869403,-15.20577136594,-1.));
#10950 = DIRECTION('',(-0.5,-0.866025403784,0.));
#10951 = DIRECTION('',(-0.866025403784,0.5,0.));
#10952 = ADVANCED_FACE('',(#10953),#10964,.T.);
#10953 = FACE_BOUND('',#10954,.T.);
#10954 = EDGE_LOOP('',(#10955,#10956,#10962,#10963));
#10955 = ORIENTED_EDGE('',*,*,#2245,.F.);
#10956 = ORIENTED_EDGE('',*,*,#10957,.T.);
#10957 = EDGE_CURVE('',#2238,#4980,#10958,.T.);
#10958 = LINE('',#10959,#10960);
#10959 = CARTESIAN_POINT('',(-29.25128869403,-22.20577136594,-1.));
#10960 = VECTOR('',#10961,1.);
#10961 = DIRECTION('',(0.,0.,1.));
#10962 = ORIENTED_EDGE('',*,*,#4979,.F.);
#10963 = ORIENTED_EDGE('',*,*,#10935,.F.);
#10964 = PLANE('',#10965);
#10965 = AXIS2_PLACEMENT_3D('',#10966,#10967,#10968);
#10966 = CARTESIAN_POINT('',(-29.25128869403,-22.20577136594,-1.));
#10967 = DIRECTION('',(-1.,0.,0.));
#10968 = DIRECTION('',(0.,1.,0.));
#10969 = ADVANCED_FACE('',(#10970),#10981,.T.);
#10970 = FACE_BOUND('',#10971,.T.);
#10971 = EDGE_LOOP('',(#10972,#10973,#10974,#10975));
#10972 = ORIENTED_EDGE('',*,*,#2213,.F.);
#10973 = ORIENTED_EDGE('',*,*,#10942,.T.);
#10974 = ORIENTED_EDGE('',*,*,#4963,.F.);
#10975 = ORIENTED_EDGE('',*,*,#10976,.F.);
#10976 = EDGE_CURVE('',#2214,#4956,#10977,.T.);
#10977 = LINE('',#10978,#10979);
#10978 = CARTESIAN_POINT('',(-41.37564434701,-15.20577136594,-1.));
#10979 = VECTOR('',#10980,1.);
#10980 = DIRECTION('',(0.,0.,1.));
#10981 = PLANE('',#10982);
#10982 = AXIS2_PLACEMENT_3D('',#10983,#10984,#10985);
#10983 = CARTESIAN_POINT('',(-35.31346652052,-11.70577136594,-1.));
#10984 = DIRECTION('',(0.5,-0.866025403784,0.));
#10985 = DIRECTION('',(-0.866025403784,-0.5,0.));
#10986 = ADVANCED_FACE('',(#10987),#10998,.T.);
#10987 = FACE_BOUND('',#10988,.T.);
#10988 = EDGE_LOOP('',(#10989,#10990,#10996,#10997));
#10989 = ORIENTED_EDGE('',*,*,#2237,.F.);
#10990 = ORIENTED_EDGE('',*,*,#10991,.T.);
#10991 = EDGE_CURVE('',#2230,#4988,#10992,.T.);
#10992 = LINE('',#10993,#10994);
#10993 = CARTESIAN_POINT('',(-35.31346652052,-25.70577136594,-1.));
#10994 = VECTOR('',#10995,1.);
#10995 = DIRECTION('',(0.,0.,1.));
#10996 = ORIENTED_EDGE('',*,*,#4987,.F.);
#10997 = ORIENTED_EDGE('',*,*,#10957,.F.);
#10998 = PLANE('',#10999);
#10999 = AXIS2_PLACEMENT_3D('',#11000,#11001,#11002);
#11000 = CARTESIAN_POINT('',(-35.31346652052,-25.70577136594,-1.));
#11001 = DIRECTION('',(-0.5,0.866025403784,0.));
#11002 = DIRECTION('',(0.866025403784,0.5,0.));
#11003 = ADVANCED_FACE('',(#11004),#11015,.T.);
#11004 = FACE_BOUND('',#11005,.T.);
#11005 = EDGE_LOOP('',(#11006,#11007,#11008,#11009));
#11006 = ORIENTED_EDGE('',*,*,#2221,.F.);
#11007 = ORIENTED_EDGE('',*,*,#10976,.T.);
#11008 = ORIENTED_EDGE('',*,*,#4953,.F.);
#11009 = ORIENTED_EDGE('',*,*,#11010,.F.);
#11010 = EDGE_CURVE('',#2222,#4954,#11011,.T.);
#11011 = LINE('',#11012,#11013);
#11012 = CARTESIAN_POINT('',(-41.37564434701,-22.20577136594,-1.));
#11013 = VECTOR('',#11014,1.);
#11014 = DIRECTION('',(0.,0.,1.));
#11015 = PLANE('',#11016);
#11016 = AXIS2_PLACEMENT_3D('',#11017,#11018,#11019);
#11017 = CARTESIAN_POINT('',(-41.37564434701,-15.20577136594,-1.));
#11018 = DIRECTION('',(1.,0.,0.));
#11019 = DIRECTION('',(0.,-1.,0.));
#11020 = ADVANCED_FACE('',(#11021),#11027,.T.);
#11021 = FACE_BOUND('',#11022,.T.);
#11022 = EDGE_LOOP('',(#11023,#11024,#11025,#11026));
#11023 = ORIENTED_EDGE('',*,*,#2229,.F.);
#11024 = ORIENTED_EDGE('',*,*,#11010,.T.);
#11025 = ORIENTED_EDGE('',*,*,#4995,.F.);
#11026 = ORIENTED_EDGE('',*,*,#10991,.F.);
#11027 = PLANE('',#11028);
#11028 = AXIS2_PLACEMENT_3D('',#11029,#11030,#11031);
#11029 = CARTESIAN_POINT('',(-41.37564434701,-22.20577136594,-1.));
#11030 = DIRECTION('',(0.5,0.866025403784,0.));
#11031 = DIRECTION('',(0.866025403784,-0.5,0.));
#11032 = ADVANCED_FACE('',(#11033),#11049,.T.);
#11033 = FACE_BOUND('',#11034,.T.);
#11034 = EDGE_LOOP('',(#11035,#11036,#11042,#11043));
#11035 = ORIENTED_EDGE('',*,*,#2253,.F.);
#11036 = ORIENTED_EDGE('',*,*,#11037,.T.);
#11037 = EDGE_CURVE('',#2254,#5133,#11038,.T.);
#11038 = LINE('',#11039,#11040);
#11039 = CARTESIAN_POINT('',(-21.68911086754,-2.107695154587,-1.));
#11040 = VECTOR('',#11041,1.);
#11041 = DIRECTION('',(0.,0.,1.));
#11042 = ORIENTED_EDGE('',*,*,#5132,.F.);
#11043 = ORIENTED_EDGE('',*,*,#11044,.F.);
#11044 = EDGE_CURVE('',#2256,#5125,#11045,.T.);
#11045 = LINE('',#11046,#11047);
#11046 = CARTESIAN_POINT('',(-27.75128869403,1.392304845413,-1.));
#11047 = VECTOR('',#11048,1.);
#11048 = DIRECTION('',(0.,0.,1.));
#11049 = PLANE('',#11050);
#11050 = AXIS2_PLACEMENT_3D('',#11051,#11052,#11053);
#11051 = CARTESIAN_POINT('',(-21.68911086754,-2.107695154587,-1.));
#11052 = DIRECTION('',(-0.5,-0.866025403784,0.));
#11053 = DIRECTION('',(-0.866025403784,0.5,0.));
#11054 = ADVANCED_FACE('',(#11055),#11066,.T.);
#11055 = FACE_BOUND('',#11056,.T.);
#11056 = EDGE_LOOP('',(#11057,#11058,#11064,#11065));
#11057 = ORIENTED_EDGE('',*,*,#2295,.F.);
#11058 = ORIENTED_EDGE('',*,*,#11059,.T.);
#11059 = EDGE_CURVE('',#2288,#5141,#11060,.T.);
#11060 = LINE('',#11061,#11062);
#11061 = CARTESIAN_POINT('',(-21.68911086754,-9.107695154587,-1.));
#11062 = VECTOR('',#11063,1.);
#11063 = DIRECTION('',(0.,0.,1.));
#11064 = ORIENTED_EDGE('',*,*,#5140,.F.);
#11065 = ORIENTED_EDGE('',*,*,#11037,.F.);
#11066 = PLANE('',#11067);
#11067 = AXIS2_PLACEMENT_3D('',#11068,#11069,#11070);
#11068 = CARTESIAN_POINT('',(-21.68911086754,-9.107695154587,-1.));
#11069 = DIRECTION('',(-1.,0.,0.));
#11070 = DIRECTION('',(0.,1.,0.));
#11071 = ADVANCED_FACE('',(#11072),#11083,.T.);
#11072 = FACE_BOUND('',#11073,.T.);
#11073 = EDGE_LOOP('',(#11074,#11075,#11076,#11077));
#11074 = ORIENTED_EDGE('',*,*,#2263,.F.);
#11075 = ORIENTED_EDGE('',*,*,#11044,.T.);
#11076 = ORIENTED_EDGE('',*,*,#5124,.F.);
#11077 = ORIENTED_EDGE('',*,*,#11078,.F.);
#11078 = EDGE_CURVE('',#2264,#5117,#11079,.T.);
#11079 = LINE('',#11080,#11081);
#11080 = CARTESIAN_POINT('',(-33.81346652052,-2.107695154587,-1.));
#11081 = VECTOR('',#11082,1.);
#11082 = DIRECTION('',(0.,0.,1.));
#11083 = PLANE('',#11084);
#11084 = AXIS2_PLACEMENT_3D('',#11085,#11086,#11087);
#11085 = CARTESIAN_POINT('',(-27.75128869403,1.392304845413,-1.));
#11086 = DIRECTION('',(0.5,-0.866025403784,0.));
#11087 = DIRECTION('',(-0.866025403784,-0.5,0.));
#11088 = ADVANCED_FACE('',(#11089),#11100,.T.);
#11089 = FACE_BOUND('',#11090,.T.);
#11090 = EDGE_LOOP('',(#11091,#11092,#11098,#11099));
#11091 = ORIENTED_EDGE('',*,*,#2287,.F.);
#11092 = ORIENTED_EDGE('',*,*,#11093,.T.);
#11093 = EDGE_CURVE('',#2280,#5149,#11094,.T.);
#11094 = LINE('',#11095,#11096);
#11095 = CARTESIAN_POINT('',(-27.75128869403,-12.60769515458,-1.));
#11096 = VECTOR('',#11097,1.);
#11097 = DIRECTION('',(0.,0.,1.));
#11098 = ORIENTED_EDGE('',*,*,#5148,.F.);
#11099 = ORIENTED_EDGE('',*,*,#11059,.F.);
#11100 = PLANE('',#11101);
#11101 = AXIS2_PLACEMENT_3D('',#11102,#11103,#11104);
#11102 = CARTESIAN_POINT('',(-27.75128869403,-12.60769515458,-1.));
#11103 = DIRECTION('',(-0.5,0.866025403784,0.));
#11104 = DIRECTION('',(0.866025403784,0.5,0.));
#11105 = ADVANCED_FACE('',(#11106),#11117,.T.);
#11106 = FACE_BOUND('',#11107,.T.);
#11107 = EDGE_LOOP('',(#11108,#11109,#11110,#11111));
#11108 = ORIENTED_EDGE('',*,*,#2271,.F.);
#11109 = ORIENTED_EDGE('',*,*,#11078,.T.);
#11110 = ORIENTED_EDGE('',*,*,#5114,.F.);
#11111 = ORIENTED_EDGE('',*,*,#11112,.F.);
#11112 = EDGE_CURVE('',#2272,#5115,#11113,.T.);
#11113 = LINE('',#11114,#11115);
#11114 = CARTESIAN_POINT('',(-33.81346652052,-9.107695154587,-1.));
#11115 = VECTOR('',#11116,1.);
#11116 = DIRECTION('',(0.,0.,1.));
#11117 = PLANE('',#11118);
#11118 = AXIS2_PLACEMENT_3D('',#11119,#11120,#11121);
#11119 = CARTESIAN_POINT('',(-33.81346652052,-2.107695154587,-1.));
#11120 = DIRECTION('',(1.,0.,0.));
#11121 = DIRECTION('',(0.,-1.,0.));
#11122 = ADVANCED_FACE('',(#11123),#11129,.T.);
#11123 = FACE_BOUND('',#11124,.T.);
#11124 = EDGE_LOOP('',(#11125,#11126,#11127,#11128));
#11125 = ORIENTED_EDGE('',*,*,#2279,.F.);
#11126 = ORIENTED_EDGE('',*,*,#11112,.T.);
#11127 = ORIENTED_EDGE('',*,*,#5156,.F.);
#11128 = ORIENTED_EDGE('',*,*,#11093,.F.);
#11129 = PLANE('',#11130);
#11130 = AXIS2_PLACEMENT_3D('',#11131,#11132,#11133);
#11131 = CARTESIAN_POINT('',(-33.81346652052,-9.107695154587,-1.));
#11132 = DIRECTION('',(0.5,0.866025403784,0.));
#11133 = DIRECTION('',(0.866025403784,-0.5,0.));
#11134 = ADVANCED_FACE('',(#11135),#11151,.T.);
#11135 = FACE_BOUND('',#11136,.T.);
#11136 = EDGE_LOOP('',(#11137,#11138,#11144,#11145));
#11137 = ORIENTED_EDGE('',*,*,#2303,.F.);
#11138 = ORIENTED_EDGE('',*,*,#11139,.T.);
#11139 = EDGE_CURVE('',#2304,#4872,#11140,.T.);
#11140 = LINE('',#11141,#11142);
#11141 = CARTESIAN_POINT('',(-36.81346652052,-2.107695154587,-1.));
#11142 = VECTOR('',#11143,1.);
#11143 = DIRECTION('',(0.,0.,1.));
#11144 = ORIENTED_EDGE('',*,*,#4871,.F.);
#11145 = ORIENTED_EDGE('',*,*,#11146,.F.);
#11146 = EDGE_CURVE('',#2306,#4864,#11147,.T.);
#11147 = LINE('',#11148,#11149);
#11148 = CARTESIAN_POINT('',(-42.87564434701,1.392304845413,-1.));
#11149 = VECTOR('',#11150,1.);
#11150 = DIRECTION('',(0.,0.,1.));
#11151 = PLANE('',#11152);
#11152 = AXIS2_PLACEMENT_3D('',#11153,#11154,#11155);
#11153 = CARTESIAN_POINT('',(-36.81346652052,-2.107695154587,-1.));
#11154 = DIRECTION('',(-0.5,-0.866025403784,0.));
#11155 = DIRECTION('',(-0.866025403784,0.5,0.));
#11156 = ADVANCED_FACE('',(#11157),#11168,.T.);
#11157 = FACE_BOUND('',#11158,.T.);
#11158 = EDGE_LOOP('',(#11159,#11160,#11166,#11167));
#11159 = ORIENTED_EDGE('',*,*,#2345,.F.);
#11160 = ORIENTED_EDGE('',*,*,#11161,.T.);
#11161 = EDGE_CURVE('',#2338,#4880,#11162,.T.);
#11162 = LINE('',#11163,#11164);
#11163 = CARTESIAN_POINT('',(-36.81346652052,-9.107695154587,-1.));
#11164 = VECTOR('',#11165,1.);
#11165 = DIRECTION('',(0.,0.,1.));
#11166 = ORIENTED_EDGE('',*,*,#4879,.F.);
#11167 = ORIENTED_EDGE('',*,*,#11139,.F.);
#11168 = PLANE('',#11169);
#11169 = AXIS2_PLACEMENT_3D('',#11170,#11171,#11172);
#11170 = CARTESIAN_POINT('',(-36.81346652052,-9.107695154587,-1.));
#11171 = DIRECTION('',(-1.,1.015061051086E-15,0.));
#11172 = DIRECTION('',(1.015061051086E-15,1.,0.));
#11173 = ADVANCED_FACE('',(#11174),#11185,.T.);
#11174 = FACE_BOUND('',#11175,.T.);
#11175 = EDGE_LOOP('',(#11176,#11177,#11178,#11179));
#11176 = ORIENTED_EDGE('',*,*,#2313,.F.);
#11177 = ORIENTED_EDGE('',*,*,#11146,.T.);
#11178 = ORIENTED_EDGE('',*,*,#4863,.F.);
#11179 = ORIENTED_EDGE('',*,*,#11180,.F.);
#11180 = EDGE_CURVE('',#2314,#4856,#11181,.T.);
#11181 = LINE('',#11182,#11183);
#11182 = CARTESIAN_POINT('',(-48.9378221735,-2.107695154587,-1.));
#11183 = VECTOR('',#11184,1.);
#11184 = DIRECTION('',(0.,0.,1.));
#11185 = PLANE('',#11186);
#11186 = AXIS2_PLACEMENT_3D('',#11187,#11188,#11189);
#11187 = CARTESIAN_POINT('',(-42.87564434701,1.392304845413,-1.));
#11188 = DIRECTION('',(0.5,-0.866025403784,0.));
#11189 = DIRECTION('',(-0.866025403784,-0.5,0.));
#11190 = ADVANCED_FACE('',(#11191),#11202,.T.);
#11191 = FACE_BOUND('',#11192,.T.);
#11192 = EDGE_LOOP('',(#11193,#11194,#11200,#11201));
#11193 = ORIENTED_EDGE('',*,*,#2337,.F.);
#11194 = ORIENTED_EDGE('',*,*,#11195,.T.);
#11195 = EDGE_CURVE('',#2330,#4888,#11196,.T.);
#11196 = LINE('',#11197,#11198);
#11197 = CARTESIAN_POINT('',(-42.87564434701,-12.60769515458,-1.));
#11198 = VECTOR('',#11199,1.);
#11199 = DIRECTION('',(0.,0.,1.));
#11200 = ORIENTED_EDGE('',*,*,#4887,.F.);
#11201 = ORIENTED_EDGE('',*,*,#11161,.F.);
#11202 = PLANE('',#11203);
#11203 = AXIS2_PLACEMENT_3D('',#11204,#11205,#11206);
#11204 = CARTESIAN_POINT('',(-42.87564434701,-12.60769515458,-1.));
#11205 = DIRECTION('',(-0.5,0.866025403784,0.));
#11206 = DIRECTION('',(0.866025403784,0.5,0.));
#11207 = ADVANCED_FACE('',(#11208),#11219,.T.);
#11208 = FACE_BOUND('',#11209,.T.);
#11209 = EDGE_LOOP('',(#11210,#11211,#11212,#11213));
#11210 = ORIENTED_EDGE('',*,*,#2321,.F.);
#11211 = ORIENTED_EDGE('',*,*,#11180,.T.);
#11212 = ORIENTED_EDGE('',*,*,#4853,.F.);
#11213 = ORIENTED_EDGE('',*,*,#11214,.F.);
#11214 = EDGE_CURVE('',#2322,#4854,#11215,.T.);
#11215 = LINE('',#11216,#11217);
#11216 = CARTESIAN_POINT('',(-48.9378221735,-9.107695154587,-1.));
#11217 = VECTOR('',#11218,1.);
#11218 = DIRECTION('',(0.,0.,1.));
#11219 = PLANE('',#11220);
#11220 = AXIS2_PLACEMENT_3D('',#11221,#11222,#11223);
#11221 = CARTESIAN_POINT('',(-48.9378221735,-2.107695154587,-1.));
#11222 = DIRECTION('',(1.,0.,0.));
#11223 = DIRECTION('',(0.,-1.,0.));
#11224 = ADVANCED_FACE('',(#11225),#11231,.T.);
#11225 = FACE_BOUND('',#11226,.T.);
#11226 = EDGE_LOOP('',(#11227,#11228,#11229,#11230));
#11227 = ORIENTED_EDGE('',*,*,#2329,.F.);
#11228 = ORIENTED_EDGE('',*,*,#11214,.T.);
#11229 = ORIENTED_EDGE('',*,*,#4895,.F.);
#11230 = ORIENTED_EDGE('',*,*,#11195,.F.);
#11231 = PLANE('',#11232);
#11232 = AXIS2_PLACEMENT_3D('',#11233,#11234,#11235);
#11233 = CARTESIAN_POINT('',(-48.9378221735,-9.107695154587,-1.));
#11234 = DIRECTION('',(0.5,0.866025403784,0.));
#11235 = DIRECTION('',(0.866025403784,-0.5,0.));
#11236 = ADVANCED_FACE('',(#11237),#11248,.F.);
#11237 = FACE_BOUND('',#11238,.F.);
#11238 = EDGE_LOOP('',(#11239,#11240,#11246,#11247));
#11239 = ORIENTED_EDGE('',*,*,#4742,.F.);
#11240 = ORIENTED_EDGE('',*,*,#11241,.F.);
#11241 = EDGE_CURVE('',#2354,#4743,#11242,.T.);
#11242 = LINE('',#11243,#11244);
#11243 = CARTESIAN_POINT('',(-140.8431457505,-5.656854249492,-2.));
#11244 = VECTOR('',#11245,1.);
#11245 = DIRECTION('',(0.,0.,1.));
#11246 = ORIENTED_EDGE('',*,*,#2353,.T.);
#11247 = ORIENTED_EDGE('',*,*,#11241,.T.);
#11248 = CYLINDRICAL_SURFACE('',#11249,1.5);
#11249 = AXIS2_PLACEMENT_3D('',#11250,#11251,#11252);
#11250 = CARTESIAN_POINT('',(-142.3431457505,-5.656854249492,-2.));
#11251 = DIRECTION('',(0.,0.,1.));
#11252 = DIRECTION('',(1.,0.,0.));
#11253 = ADVANCED_FACE('',(#11254),#11265,.F.);
#11254 = FACE_BOUND('',#11255,.F.);
#11255 = EDGE_LOOP('',(#11256,#11257,#11263,#11264));
#11256 = ORIENTED_EDGE('',*,*,#4731,.F.);
#11257 = ORIENTED_EDGE('',*,*,#11258,.F.);
#11258 = EDGE_CURVE('',#2365,#4732,#11259,.T.);
#11259 = LINE('',#11260,#11261);
#11260 = CARTESIAN_POINT('',(-152.1568542494,-5.656854249492,-2.));
#11261 = VECTOR('',#11262,1.);
#11262 = DIRECTION('',(0.,0.,1.));
#11263 = ORIENTED_EDGE('',*,*,#2364,.T.);
#11264 = ORIENTED_EDGE('',*,*,#11258,.T.);
#11265 = CYLINDRICAL_SURFACE('',#11266,1.5);
#11266 = AXIS2_PLACEMENT_3D('',#11267,#11268,#11269);
#11267 = CARTESIAN_POINT('',(-153.6568542494,-5.656854249492,-2.));
#11268 = DIRECTION('',(0.,0.,1.));
#11269 = DIRECTION('',(1.,0.,0.));
#11270 = ADVANCED_FACE('',(#11271),#11282,.F.);
#11271 = FACE_BOUND('',#11272,.F.);
#11272 = EDGE_LOOP('',(#11273,#11274,#11280,#11281));
#11273 = ORIENTED_EDGE('',*,*,#6563,.F.);
#11274 = ORIENTED_EDGE('',*,*,#11275,.F.);
#11275 = EDGE_CURVE('',#2376,#6564,#11276,.T.);
#11276 = LINE('',#11277,#11278);
#11277 = CARTESIAN_POINT('',(152.,-9.797174393179E-16,-2.));
#11278 = VECTOR('',#11279,1.);
#11279 = DIRECTION('',(0.,0.,1.));
#11280 = ORIENTED_EDGE('',*,*,#2375,.T.);
#11281 = ORIENTED_EDGE('',*,*,#11275,.T.);
#11282 = CYLINDRICAL_SURFACE('',#11283,4.);
#11283 = AXIS2_PLACEMENT_3D('',#11284,#11285,#11286);
#11284 = CARTESIAN_POINT('',(148.,0.,-2.));
#11285 = DIRECTION('',(0.,0.,1.));
#11286 = DIRECTION('',(1.,0.,0.));
#11287 = ADVANCED_FACE('',(#11288),#11299,.F.);
#11288 = FACE_BOUND('',#11289,.F.);
#11289 = EDGE_LOOP('',(#11290,#11291,#11297,#11298));
#11290 = ORIENTED_EDGE('',*,*,#6574,.F.);
#11291 = ORIENTED_EDGE('',*,*,#11292,.F.);
#11292 = EDGE_CURVE('',#2387,#6575,#11293,.T.);
#11293 = LINE('',#11294,#11295);
#11294 = CARTESIAN_POINT('',(155.15685424949,5.656854249492,-2.));
#11295 = VECTOR('',#11296,1.);
#11296 = DIRECTION('',(0.,0.,1.));
#11297 = ORIENTED_EDGE('',*,*,#2386,.T.);
#11298 = ORIENTED_EDGE('',*,*,#11292,.T.);
#11299 = CYLINDRICAL_SURFACE('',#11300,1.5);
#11300 = AXIS2_PLACEMENT_3D('',#11301,#11302,#11303);
#11301 = CARTESIAN_POINT('',(153.65685424949,5.656854249492,-2.));
#11302 = DIRECTION('',(0.,0.,1.));
#11303 = DIRECTION('',(1.,0.,0.));
#11304 = ADVANCED_FACE('',(#11305),#11316,.F.);
#11305 = FACE_BOUND('',#11306,.F.);
#11306 = EDGE_LOOP('',(#11307,#11308,#11314,#11315));
#11307 = ORIENTED_EDGE('',*,*,#6552,.F.);
#11308 = ORIENTED_EDGE('',*,*,#11309,.F.);
#11309 = EDGE_CURVE('',#2398,#6553,#11310,.T.);
#11310 = LINE('',#11311,#11312);
#11311 = CARTESIAN_POINT('',(143.8431457505,5.656854249492,-2.));
#11312 = VECTOR('',#11313,1.);
#11313 = DIRECTION('',(0.,0.,1.));
#11314 = ORIENTED_EDGE('',*,*,#2397,.T.);
#11315 = ORIENTED_EDGE('',*,*,#11309,.T.);
#11316 = CYLINDRICAL_SURFACE('',#11317,1.5);
#11317 = AXIS2_PLACEMENT_3D('',#11318,#11319,#11320);
#11318 = CARTESIAN_POINT('',(142.3431457505,5.656854249492,-2.));
#11319 = DIRECTION('',(0.,0.,1.));
#11320 = DIRECTION('',(1.,0.,0.));
#11321 = ADVANCED_FACE('',(#11322),#11341,.F.);
#11322 = FACE_BOUND('',#11323,.F.);
#11323 = EDGE_LOOP('',(#11324,#11333,#11339,#11340));
#11324 = ORIENTED_EDGE('',*,*,#11325,.F.);
#11325 = EDGE_CURVE('',#11326,#11326,#11328,.T.);
#11326 = VERTEX_POINT('',#11327);
#11327 = CARTESIAN_POINT('',(110.982,-2.694222958124E-16,9.));
#11328 = CIRCLE('',#11329,1.1);
#11329 = AXIS2_PLACEMENT_3D('',#11330,#11331,#11332);
#11330 = CARTESIAN_POINT('',(109.882,0.,9.));
#11331 = DIRECTION('',(0.,0.,1.));
#11332 = DIRECTION('',(1.,0.,0.));
#11333 = ORIENTED_EDGE('',*,*,#11334,.F.);
#11334 = EDGE_CURVE('',#2409,#11326,#11335,.T.);
#11335 = LINE('',#11336,#11337);
#11336 = CARTESIAN_POINT('',(110.982,-2.694222958124E-16,-2.));
#11337 = VECTOR('',#11338,1.);
#11338 = DIRECTION('',(0.,0.,1.));
#11339 = ORIENTED_EDGE('',*,*,#2408,.T.);
#11340 = ORIENTED_EDGE('',*,*,#11334,.T.);
#11341 = CYLINDRICAL_SURFACE('',#11342,1.1);
#11342 = AXIS2_PLACEMENT_3D('',#11343,#11344,#11345);
#11343 = CARTESIAN_POINT('',(109.882,0.,-2.));
#11344 = DIRECTION('',(0.,0.,1.));
#11345 = DIRECTION('',(1.,0.,0.));
#11346 = ADVANCED_FACE('',(#11347),#11366,.F.);
#11347 = FACE_BOUND('',#11348,.F.);
#11348 = EDGE_LOOP('',(#11349,#11358,#11364,#11365));
#11349 = ORIENTED_EDGE('',*,*,#11350,.F.);
#11350 = EDGE_CURVE('',#11351,#11351,#11353,.T.);
#11351 = VERTEX_POINT('',#11352);
#11352 = CARTESIAN_POINT('',(98.982,-2.694222958124E-16,9.));
#11353 = CIRCLE('',#11354,1.1);
#11354 = AXIS2_PLACEMENT_3D('',#11355,#11356,#11357);
#11355 = CARTESIAN_POINT('',(97.882,0.,9.));
#11356 = DIRECTION('',(0.,0.,1.));
#11357 = DIRECTION('',(1.,0.,0.));
#11358 = ORIENTED_EDGE('',*,*,#11359,.F.);
#11359 = EDGE_CURVE('',#2420,#11351,#11360,.T.);
#11360 = LINE('',#11361,#11362);
#11361 = CARTESIAN_POINT('',(98.982,-2.694222958124E-16,-2.));
#11362 = VECTOR('',#11363,1.);
#11363 = DIRECTION('',(0.,0.,1.));
#11364 = ORIENTED_EDGE('',*,*,#2419,.T.);
#11365 = ORIENTED_EDGE('',*,*,#11359,.T.);
#11366 = CYLINDRICAL_SURFACE('',#11367,1.1);
#11367 = AXIS2_PLACEMENT_3D('',#11368,#11369,#11370);
#11368 = CARTESIAN_POINT('',(97.882,0.,-2.));
#11369 = DIRECTION('',(0.,0.,1.));
#11370 = DIRECTION('',(1.,0.,0.));
#11371 = ADVANCED_FACE('',(#11372),#11388,.T.);
#11372 = FACE_BOUND('',#11373,.T.);
#11373 = EDGE_LOOP('',(#11374,#11375,#11381,#11382));
#11374 = ORIENTED_EDGE('',*,*,#2430,.F.);
#11375 = ORIENTED_EDGE('',*,*,#11376,.T.);
#11376 = EDGE_CURVE('',#2431,#6401,#11377,.T.);
#11377 = LINE('',#11378,#11379);
#11378 = CARTESIAN_POINT('',(46.370489570875,10.990381056767,-1.));
#11379 = VECTOR('',#11380,1.);
#11380 = DIRECTION('',(0.,0.,1.));
#11381 = ORIENTED_EDGE('',*,*,#6400,.F.);
#11382 = ORIENTED_EDGE('',*,*,#11383,.F.);
#11383 = EDGE_CURVE('',#2433,#6393,#11384,.T.);
#11384 = LINE('',#11385,#11386);
#11385 = CARTESIAN_POINT('',(40.308311744384,14.490381056767,-1.));
#11386 = VECTOR('',#11387,1.);
#11387 = DIRECTION('',(0.,0.,1.));
#11388 = PLANE('',#11389);
#11389 = AXIS2_PLACEMENT_3D('',#11390,#11391,#11392);
#11390 = CARTESIAN_POINT('',(46.370489570875,10.990381056767,-1.));
#11391 = DIRECTION('',(-0.5,-0.866025403784,0.));
#11392 = DIRECTION('',(-0.866025403784,0.5,0.));
#11393 = ADVANCED_FACE('',(#11394),#11405,.T.);
#11394 = FACE_BOUND('',#11395,.T.);
#11395 = EDGE_LOOP('',(#11396,#11397,#11403,#11404));
#11396 = ORIENTED_EDGE('',*,*,#2472,.F.);
#11397 = ORIENTED_EDGE('',*,*,#11398,.T.);
#11398 = EDGE_CURVE('',#2465,#6409,#11399,.T.);
#11399 = LINE('',#11400,#11401);
#11400 = CARTESIAN_POINT('',(46.370489570875,3.990381056767,-1.));
#11401 = VECTOR('',#11402,1.);
#11402 = DIRECTION('',(0.,0.,1.));
#11403 = ORIENTED_EDGE('',*,*,#6408,.F.);
#11404 = ORIENTED_EDGE('',*,*,#11376,.F.);
#11405 = PLANE('',#11406);
#11406 = AXIS2_PLACEMENT_3D('',#11407,#11408,#11409);
#11407 = CARTESIAN_POINT('',(46.370489570875,3.990381056767,-1.));
#11408 = DIRECTION('',(-1.,1.015061051086E-15,0.));
#11409 = DIRECTION('',(1.015061051086E-15,1.,0.));
#11410 = ADVANCED_FACE('',(#11411),#11422,.T.);
#11411 = FACE_BOUND('',#11412,.T.);
#11412 = EDGE_LOOP('',(#11413,#11414,#11415,#11416));
#11413 = ORIENTED_EDGE('',*,*,#2440,.F.);
#11414 = ORIENTED_EDGE('',*,*,#11383,.T.);
#11415 = ORIENTED_EDGE('',*,*,#6392,.F.);
#11416 = ORIENTED_EDGE('',*,*,#11417,.F.);
#11417 = EDGE_CURVE('',#2441,#6385,#11418,.T.);
#11418 = LINE('',#11419,#11420);
#11419 = CARTESIAN_POINT('',(34.246133917893,10.990381056767,-1.));
#11420 = VECTOR('',#11421,1.);
#11421 = DIRECTION('',(0.,0.,1.));
#11422 = PLANE('',#11423);
#11423 = AXIS2_PLACEMENT_3D('',#11424,#11425,#11426);
#11424 = CARTESIAN_POINT('',(40.308311744384,14.490381056767,-1.));
#11425 = DIRECTION('',(0.5,-0.866025403784,0.));
#11426 = DIRECTION('',(-0.866025403784,-0.5,0.));
#11427 = ADVANCED_FACE('',(#11428),#11439,.T.);
#11428 = FACE_BOUND('',#11429,.T.);
#11429 = EDGE_LOOP('',(#11430,#11431,#11437,#11438));
#11430 = ORIENTED_EDGE('',*,*,#2464,.F.);
#11431 = ORIENTED_EDGE('',*,*,#11432,.T.);
#11432 = EDGE_CURVE('',#2457,#6417,#11433,.T.);
#11433 = LINE('',#11434,#11435);
#11434 = CARTESIAN_POINT('',(40.308311744384,0.490381056767,-1.));
#11435 = VECTOR('',#11436,1.);
#11436 = DIRECTION('',(0.,0.,1.));
#11437 = ORIENTED_EDGE('',*,*,#6416,.F.);
#11438 = ORIENTED_EDGE('',*,*,#11398,.F.);
#11439 = PLANE('',#11440);
#11440 = AXIS2_PLACEMENT_3D('',#11441,#11442,#11443);
#11441 = CARTESIAN_POINT('',(40.308311744384,0.490381056767,-1.));
#11442 = DIRECTION('',(-0.5,0.866025403784,0.));
#11443 = DIRECTION('',(0.866025403784,0.5,0.));
#11444 = ADVANCED_FACE('',(#11445),#11456,.T.);
#11445 = FACE_BOUND('',#11446,.T.);
#11446 = EDGE_LOOP('',(#11447,#11448,#11449,#11450));
#11447 = ORIENTED_EDGE('',*,*,#2448,.F.);
#11448 = ORIENTED_EDGE('',*,*,#11417,.T.);
#11449 = ORIENTED_EDGE('',*,*,#6382,.F.);
#11450 = ORIENTED_EDGE('',*,*,#11451,.F.);
#11451 = EDGE_CURVE('',#2449,#6383,#11452,.T.);
#11452 = LINE('',#11453,#11454);
#11453 = CARTESIAN_POINT('',(34.246133917893,3.990381056767,-1.));
#11454 = VECTOR('',#11455,1.);
#11455 = DIRECTION('',(0.,0.,1.));
#11456 = PLANE('',#11457);
#11457 = AXIS2_PLACEMENT_3D('',#11458,#11459,#11460);
#11458 = CARTESIAN_POINT('',(34.246133917893,10.990381056767,-1.));
#11459 = DIRECTION('',(1.,0.,0.));
#11460 = DIRECTION('',(0.,-1.,0.));
#11461 = ADVANCED_FACE('',(#11462),#11468,.T.);
#11462 = FACE_BOUND('',#11463,.T.);
#11463 = EDGE_LOOP('',(#11464,#11465,#11466,#11467));
#11464 = ORIENTED_EDGE('',*,*,#2456,.F.);
#11465 = ORIENTED_EDGE('',*,*,#11451,.T.);
#11466 = ORIENTED_EDGE('',*,*,#6424,.F.);
#11467 = ORIENTED_EDGE('',*,*,#11432,.F.);
#11468 = PLANE('',#11469);
#11469 = AXIS2_PLACEMENT_3D('',#11470,#11471,#11472);
#11470 = CARTESIAN_POINT('',(34.246133917893,3.990381056767,-1.));
#11471 = DIRECTION('',(0.5,0.866025403784,0.));
#11472 = DIRECTION('',(0.866025403784,-0.5,0.));
#11473 = ADVANCED_FACE('',(#11474),#11490,.T.);
#11474 = FACE_BOUND('',#11475,.T.);
#11475 = EDGE_LOOP('',(#11476,#11477,#11483,#11484));
#11476 = ORIENTED_EDGE('',*,*,#2480,.F.);
#11477 = ORIENTED_EDGE('',*,*,#11478,.T.);
#11478 = EDGE_CURVE('',#2481,#6140,#11479,.T.);
#11479 = LINE('',#11480,#11481);
#11480 = CARTESIAN_POINT('',(31.246133917893,10.990381056767,-1.));
#11481 = VECTOR('',#11482,1.);
#11482 = DIRECTION('',(0.,0.,1.));
#11483 = ORIENTED_EDGE('',*,*,#6139,.F.);
#11484 = ORIENTED_EDGE('',*,*,#11485,.F.);
#11485 = EDGE_CURVE('',#2483,#6132,#11486,.T.);
#11486 = LINE('',#11487,#11488);
#11487 = CARTESIAN_POINT('',(25.183956091402,14.490381056767,-1.));
#11488 = VECTOR('',#11489,1.);
#11489 = DIRECTION('',(0.,0.,1.));
#11490 = PLANE('',#11491);
#11491 = AXIS2_PLACEMENT_3D('',#11492,#11493,#11494);
#11492 = CARTESIAN_POINT('',(31.246133917893,10.990381056767,-1.));
#11493 = DIRECTION('',(-0.5,-0.866025403784,0.));
#11494 = DIRECTION('',(-0.866025403784,0.5,0.));
#11495 = ADVANCED_FACE('',(#11496),#11507,.T.);
#11496 = FACE_BOUND('',#11497,.T.);
#11497 = EDGE_LOOP('',(#11498,#11499,#11505,#11506));
#11498 = ORIENTED_EDGE('',*,*,#2522,.F.);
#11499 = ORIENTED_EDGE('',*,*,#11500,.T.);
#11500 = EDGE_CURVE('',#2515,#6148,#11501,.T.);
#11501 = LINE('',#11502,#11503);
#11502 = CARTESIAN_POINT('',(31.246133917893,3.990381056767,-1.));
#11503 = VECTOR('',#11504,1.);
#11504 = DIRECTION('',(0.,0.,1.));
#11505 = ORIENTED_EDGE('',*,*,#6147,.F.);
#11506 = ORIENTED_EDGE('',*,*,#11478,.F.);
#11507 = PLANE('',#11508);
#11508 = AXIS2_PLACEMENT_3D('',#11509,#11510,#11511);
#11509 = CARTESIAN_POINT('',(31.246133917893,3.990381056767,-1.));
#11510 = DIRECTION('',(-1.,0.,0.));
#11511 = DIRECTION('',(0.,1.,0.));
#11512 = ADVANCED_FACE('',(#11513),#11524,.T.);
#11513 = FACE_BOUND('',#11514,.T.);
#11514 = EDGE_LOOP('',(#11515,#11516,#11517,#11518));
#11515 = ORIENTED_EDGE('',*,*,#2490,.F.);
#11516 = ORIENTED_EDGE('',*,*,#11485,.T.);
#11517 = ORIENTED_EDGE('',*,*,#6131,.F.);
#11518 = ORIENTED_EDGE('',*,*,#11519,.F.);
#11519 = EDGE_CURVE('',#2491,#6124,#11520,.T.);
#11520 = LINE('',#11521,#11522);
#11521 = CARTESIAN_POINT('',(19.121778264911,10.990381056767,-1.));
#11522 = VECTOR('',#11523,1.);
#11523 = DIRECTION('',(0.,0.,1.));
#11524 = PLANE('',#11525);
#11525 = AXIS2_PLACEMENT_3D('',#11526,#11527,#11528);
#11526 = CARTESIAN_POINT('',(25.183956091402,14.490381056767,-1.));
#11527 = DIRECTION('',(0.5,-0.866025403784,0.));
#11528 = DIRECTION('',(-0.866025403784,-0.5,0.));
#11529 = ADVANCED_FACE('',(#11530),#11541,.T.);
#11530 = FACE_BOUND('',#11531,.T.);
#11531 = EDGE_LOOP('',(#11532,#11533,#11539,#11540));
#11532 = ORIENTED_EDGE('',*,*,#2514,.F.);
#11533 = ORIENTED_EDGE('',*,*,#11534,.T.);
#11534 = EDGE_CURVE('',#2507,#6156,#11535,.T.);
#11535 = LINE('',#11536,#11537);
#11536 = CARTESIAN_POINT('',(25.183956091402,0.490381056767,-1.));
#11537 = VECTOR('',#11538,1.);
#11538 = DIRECTION('',(0.,0.,1.));
#11539 = ORIENTED_EDGE('',*,*,#6155,.F.);
#11540 = ORIENTED_EDGE('',*,*,#11500,.F.);
#11541 = PLANE('',#11542);
#11542 = AXIS2_PLACEMENT_3D('',#11543,#11544,#11545);
#11543 = CARTESIAN_POINT('',(25.183956091402,0.490381056767,-1.));
#11544 = DIRECTION('',(-0.5,0.866025403784,0.));
#11545 = DIRECTION('',(0.866025403784,0.5,0.));
#11546 = ADVANCED_FACE('',(#11547),#11558,.T.);
#11547 = FACE_BOUND('',#11548,.T.);
#11548 = EDGE_LOOP('',(#11549,#11550,#11551,#11552));
#11549 = ORIENTED_EDGE('',*,*,#2498,.F.);
#11550 = ORIENTED_EDGE('',*,*,#11519,.T.);
#11551 = ORIENTED_EDGE('',*,*,#6121,.F.);
#11552 = ORIENTED_EDGE('',*,*,#11553,.F.);
#11553 = EDGE_CURVE('',#2499,#6122,#11554,.T.);
#11554 = LINE('',#11555,#11556);
#11555 = CARTESIAN_POINT('',(19.121778264911,3.990381056767,-1.));
#11556 = VECTOR('',#11557,1.);
#11557 = DIRECTION('',(0.,0.,1.));
#11558 = PLANE('',#11559);
#11559 = AXIS2_PLACEMENT_3D('',#11560,#11561,#11562);
#11560 = CARTESIAN_POINT('',(19.121778264911,10.990381056767,-1.));
#11561 = DIRECTION('',(1.,5.075305255429E-16,0.));
#11562 = DIRECTION('',(5.075305255429E-16,-1.,0.));
#11563 = ADVANCED_FACE('',(#11564),#11570,.T.);
#11564 = FACE_BOUND('',#11565,.T.);
#11565 = EDGE_LOOP('',(#11566,#11567,#11568,#11569));
#11566 = ORIENTED_EDGE('',*,*,#2506,.F.);
#11567 = ORIENTED_EDGE('',*,*,#11553,.T.);
#11568 = ORIENTED_EDGE('',*,*,#6163,.F.);
#11569 = ORIENTED_EDGE('',*,*,#11534,.F.);
#11570 = PLANE('',#11571);
#11571 = AXIS2_PLACEMENT_3D('',#11572,#11573,#11574);
#11572 = CARTESIAN_POINT('',(19.121778264911,3.990381056767,-1.));
#11573 = DIRECTION('',(0.5,0.866025403784,0.));
#11574 = DIRECTION('',(0.866025403784,-0.5,0.));
#11575 = ADVANCED_FACE('',(#11576),#11592,.T.);
#11576 = FACE_BOUND('',#11577,.T.);
#11577 = EDGE_LOOP('',(#11578,#11579,#11585,#11586));
#11578 = ORIENTED_EDGE('',*,*,#2530,.F.);
#11579 = ORIENTED_EDGE('',*,*,#11580,.T.);
#11580 = EDGE_CURVE('',#2531,#6301,#11581,.T.);
#11581 = LINE('',#11582,#11583);
#11582 = CARTESIAN_POINT('',(38.808311744384,24.08845726812,-1.));
#11583 = VECTOR('',#11584,1.);
#11584 = DIRECTION('',(0.,0.,1.));
#11585 = ORIENTED_EDGE('',*,*,#6300,.F.);
#11586 = ORIENTED_EDGE('',*,*,#11587,.F.);
#11587 = EDGE_CURVE('',#2533,#6293,#11588,.T.);
#11588 = LINE('',#11589,#11590);
#11589 = CARTESIAN_POINT('',(32.746133917893,27.58845726812,-1.));
#11590 = VECTOR('',#11591,1.);
#11591 = DIRECTION('',(0.,0.,1.));
#11592 = PLANE('',#11593);
#11593 = AXIS2_PLACEMENT_3D('',#11594,#11595,#11596);
#11594 = CARTESIAN_POINT('',(38.808311744384,24.08845726812,-1.));
#11595 = DIRECTION('',(-0.5,-0.866025403784,0.));
#11596 = DIRECTION('',(-0.866025403784,0.5,0.));
#11597 = ADVANCED_FACE('',(#11598),#11609,.T.);
#11598 = FACE_BOUND('',#11599,.T.);
#11599 = EDGE_LOOP('',(#11600,#11601,#11607,#11608));
#11600 = ORIENTED_EDGE('',*,*,#2572,.F.);
#11601 = ORIENTED_EDGE('',*,*,#11602,.T.);
#11602 = EDGE_CURVE('',#2565,#6309,#11603,.T.);
#11603 = LINE('',#11604,#11605);
#11604 = CARTESIAN_POINT('',(38.808311744384,17.08845726812,-1.));
#11605 = VECTOR('',#11606,1.);
#11606 = DIRECTION('',(0.,0.,1.));
#11607 = ORIENTED_EDGE('',*,*,#6308,.F.);
#11608 = ORIENTED_EDGE('',*,*,#11580,.F.);
#11609 = PLANE('',#11610);
#11610 = AXIS2_PLACEMENT_3D('',#11611,#11612,#11613);
#11611 = CARTESIAN_POINT('',(38.808311744384,17.08845726812,-1.));
#11612 = DIRECTION('',(-1.,1.015061051086E-15,0.));
#11613 = DIRECTION('',(1.015061051086E-15,1.,0.));
#11614 = ADVANCED_FACE('',(#11615),#11626,.T.);
#11615 = FACE_BOUND('',#11616,.T.);
#11616 = EDGE_LOOP('',(#11617,#11618,#11619,#11620));
#11617 = ORIENTED_EDGE('',*,*,#2540,.F.);
#11618 = ORIENTED_EDGE('',*,*,#11587,.T.);
#11619 = ORIENTED_EDGE('',*,*,#6292,.F.);
#11620 = ORIENTED_EDGE('',*,*,#11621,.F.);
#11621 = EDGE_CURVE('',#2541,#6285,#11622,.T.);
#11622 = LINE('',#11623,#11624);
#11623 = CARTESIAN_POINT('',(26.683956091402,24.08845726812,-1.));
#11624 = VECTOR('',#11625,1.);
#11625 = DIRECTION('',(0.,0.,1.));
#11626 = PLANE('',#11627);
#11627 = AXIS2_PLACEMENT_3D('',#11628,#11629,#11630);
#11628 = CARTESIAN_POINT('',(32.746133917893,27.58845726812,-1.));
#11629 = DIRECTION('',(0.5,-0.866025403784,0.));
#11630 = DIRECTION('',(-0.866025403784,-0.5,0.));
#11631 = ADVANCED_FACE('',(#11632),#11643,.T.);
#11632 = FACE_BOUND('',#11633,.T.);
#11633 = EDGE_LOOP('',(#11634,#11635,#11641,#11642));
#11634 = ORIENTED_EDGE('',*,*,#2564,.F.);
#11635 = ORIENTED_EDGE('',*,*,#11636,.T.);
#11636 = EDGE_CURVE('',#2557,#6317,#11637,.T.);
#11637 = LINE('',#11638,#11639);
#11638 = CARTESIAN_POINT('',(32.746133917893,13.58845726812,-1.));
#11639 = VECTOR('',#11640,1.);
#11640 = DIRECTION('',(0.,0.,1.));
#11641 = ORIENTED_EDGE('',*,*,#6316,.F.);
#11642 = ORIENTED_EDGE('',*,*,#11602,.F.);
#11643 = PLANE('',#11644);
#11644 = AXIS2_PLACEMENT_3D('',#11645,#11646,#11647);
#11645 = CARTESIAN_POINT('',(32.746133917893,13.58845726812,-1.));
#11646 = DIRECTION('',(-0.5,0.866025403784,0.));
#11647 = DIRECTION('',(0.866025403784,0.5,0.));
#11648 = ADVANCED_FACE('',(#11649),#11660,.T.);
#11649 = FACE_BOUND('',#11650,.T.);
#11650 = EDGE_LOOP('',(#11651,#11652,#11653,#11654));
#11651 = ORIENTED_EDGE('',*,*,#2548,.F.);
#11652 = ORIENTED_EDGE('',*,*,#11621,.T.);
#11653 = ORIENTED_EDGE('',*,*,#6282,.F.);
#11654 = ORIENTED_EDGE('',*,*,#11655,.F.);
#11655 = EDGE_CURVE('',#2549,#6283,#11656,.T.);
#11656 = LINE('',#11657,#11658);
#11657 = CARTESIAN_POINT('',(26.683956091402,17.08845726812,-1.));
#11658 = VECTOR('',#11659,1.);
#11659 = DIRECTION('',(0.,0.,1.));
#11660 = PLANE('',#11661);
#11661 = AXIS2_PLACEMENT_3D('',#11662,#11663,#11664);
#11662 = CARTESIAN_POINT('',(26.683956091402,24.08845726812,-1.));
#11663 = DIRECTION('',(1.,5.075305255429E-16,0.));
#11664 = DIRECTION('',(5.075305255429E-16,-1.,0.));
#11665 = ADVANCED_FACE('',(#11666),#11672,.T.);
#11666 = FACE_BOUND('',#11667,.T.);
#11667 = EDGE_LOOP('',(#11668,#11669,#11670,#11671));
#11668 = ORIENTED_EDGE('',*,*,#2556,.F.);
#11669 = ORIENTED_EDGE('',*,*,#11655,.T.);
#11670 = ORIENTED_EDGE('',*,*,#6324,.F.);
#11671 = ORIENTED_EDGE('',*,*,#11636,.F.);
#11672 = PLANE('',#11673);
#11673 = AXIS2_PLACEMENT_3D('',#11674,#11675,#11676);
#11674 = CARTESIAN_POINT('',(26.683956091402,17.08845726812,-1.));
#11675 = DIRECTION('',(0.5,0.866025403784,0.));
#11676 = DIRECTION('',(0.866025403784,-0.5,0.));
#11677 = ADVANCED_FACE('',(#11678),#11689,.F.);
#11678 = FACE_BOUND('',#11679,.F.);
#11679 = EDGE_LOOP('',(#11680,#11681,#11687,#11688));
#11680 = ORIENTED_EDGE('',*,*,#6271,.F.);
#11681 = ORIENTED_EDGE('',*,*,#11682,.F.);
#11682 = EDGE_CURVE('',#2581,#6272,#11683,.T.);
#11683 = LINE('',#11684,#11685);
#11684 = CARTESIAN_POINT('',(24.32741699797,22.62741699797,-2.));
#11685 = VECTOR('',#11686,1.);
#11686 = DIRECTION('',(0.,0.,1.));
#11687 = ORIENTED_EDGE('',*,*,#2580,.T.);
#11688 = ORIENTED_EDGE('',*,*,#11682,.T.);
#11689 = CYLINDRICAL_SURFACE('',#11690,1.7);
#11690 = AXIS2_PLACEMENT_3D('',#11691,#11692,#11693);
#11691 = CARTESIAN_POINT('',(22.62741699797,22.62741699797,-2.));
#11692 = DIRECTION('',(0.,0.,1.));
#11693 = DIRECTION('',(1.,0.,0.));
#11694 = ADVANCED_FACE('',(#11695),#11711,.T.);
#11695 = FACE_BOUND('',#11696,.T.);
#11696 = EDGE_LOOP('',(#11697,#11698,#11704,#11705));
#11697 = ORIENTED_EDGE('',*,*,#2591,.F.);
#11698 = ORIENTED_EDGE('',*,*,#11699,.T.);
#11699 = EDGE_CURVE('',#2592,#6351,#11700,.T.);
#11700 = LINE('',#11701,#11702);
#11701 = CARTESIAN_POINT('',(31.246133917893,37.186533479473,-1.));
#11702 = VECTOR('',#11703,1.);
#11703 = DIRECTION('',(0.,0.,1.));
#11704 = ORIENTED_EDGE('',*,*,#6350,.F.);
#11705 = ORIENTED_EDGE('',*,*,#11706,.F.);
#11706 = EDGE_CURVE('',#2594,#6343,#11707,.T.);
#11707 = LINE('',#11708,#11709);
#11708 = CARTESIAN_POINT('',(25.183956091402,40.686533479473,-1.));
#11709 = VECTOR('',#11710,1.);
#11710 = DIRECTION('',(0.,0.,1.));
#11711 = PLANE('',#11712);
#11712 = AXIS2_PLACEMENT_3D('',#11713,#11714,#11715);
#11713 = CARTESIAN_POINT('',(31.246133917893,37.186533479473,-1.));
#11714 = DIRECTION('',(-0.5,-0.866025403784,0.));
#11715 = DIRECTION('',(-0.866025403784,0.5,0.));
#11716 = ADVANCED_FACE('',(#11717),#11728,.T.);
#11717 = FACE_BOUND('',#11718,.T.);
#11718 = EDGE_LOOP('',(#11719,#11720,#11726,#11727));
#11719 = ORIENTED_EDGE('',*,*,#2633,.F.);
#11720 = ORIENTED_EDGE('',*,*,#11721,.T.);
#11721 = EDGE_CURVE('',#2626,#6359,#11722,.T.);
#11722 = LINE('',#11723,#11724);
#11723 = CARTESIAN_POINT('',(31.246133917893,30.186533479473,-1.));
#11724 = VECTOR('',#11725,1.);
#11725 = DIRECTION('',(0.,0.,1.));
#11726 = ORIENTED_EDGE('',*,*,#6358,.F.);
#11727 = ORIENTED_EDGE('',*,*,#11699,.F.);
#11728 = PLANE('',#11729);
#11729 = AXIS2_PLACEMENT_3D('',#11730,#11731,#11732);
#11730 = CARTESIAN_POINT('',(31.246133917893,30.186533479473,-1.));
#11731 = DIRECTION('',(-1.,0.,0.));
#11732 = DIRECTION('',(0.,1.,0.));
#11733 = ADVANCED_FACE('',(#11734),#11745,.T.);
#11734 = FACE_BOUND('',#11735,.T.);
#11735 = EDGE_LOOP('',(#11736,#11737,#11738,#11739));
#11736 = ORIENTED_EDGE('',*,*,#2601,.F.);
#11737 = ORIENTED_EDGE('',*,*,#11706,.T.);
#11738 = ORIENTED_EDGE('',*,*,#6342,.F.);
#11739 = ORIENTED_EDGE('',*,*,#11740,.F.);
#11740 = EDGE_CURVE('',#2602,#6335,#11741,.T.);
#11741 = LINE('',#11742,#11743);
#11742 = CARTESIAN_POINT('',(19.121778264911,37.186533479473,-1.));
#11743 = VECTOR('',#11744,1.);
#11744 = DIRECTION('',(0.,0.,1.));
#11745 = PLANE('',#11746);
#11746 = AXIS2_PLACEMENT_3D('',#11747,#11748,#11749);
#11747 = CARTESIAN_POINT('',(25.183956091402,40.686533479473,-1.));
#11748 = DIRECTION('',(0.5,-0.866025403784,0.));
#11749 = DIRECTION('',(-0.866025403784,-0.5,0.));
#11750 = ADVANCED_FACE('',(#11751),#11762,.T.);
#11751 = FACE_BOUND('',#11752,.T.);
#11752 = EDGE_LOOP('',(#11753,#11754,#11760,#11761));
#11753 = ORIENTED_EDGE('',*,*,#2625,.F.);
#11754 = ORIENTED_EDGE('',*,*,#11755,.T.);
#11755 = EDGE_CURVE('',#2618,#6367,#11756,.T.);
#11756 = LINE('',#11757,#11758);
#11757 = CARTESIAN_POINT('',(25.183956091402,26.686533479473,-1.));
#11758 = VECTOR('',#11759,1.);
#11759 = DIRECTION('',(0.,0.,1.));
#11760 = ORIENTED_EDGE('',*,*,#6366,.F.);
#11761 = ORIENTED_EDGE('',*,*,#11721,.F.);
#11762 = PLANE('',#11763);
#11763 = AXIS2_PLACEMENT_3D('',#11764,#11765,#11766);
#11764 = CARTESIAN_POINT('',(25.183956091402,26.686533479473,-1.));
#11765 = DIRECTION('',(-0.5,0.866025403784,0.));
#11766 = DIRECTION('',(0.866025403784,0.5,0.));
#11767 = ADVANCED_FACE('',(#11768),#11779,.T.);
#11768 = FACE_BOUND('',#11769,.T.);
#11769 = EDGE_LOOP('',(#11770,#11771,#11772,#11773));
#11770 = ORIENTED_EDGE('',*,*,#2609,.F.);
#11771 = ORIENTED_EDGE('',*,*,#11740,.T.);
#11772 = ORIENTED_EDGE('',*,*,#6332,.F.);
#11773 = ORIENTED_EDGE('',*,*,#11774,.F.);
#11774 = EDGE_CURVE('',#2610,#6333,#11775,.T.);
#11775 = LINE('',#11776,#11777);
#11776 = CARTESIAN_POINT('',(19.121778264911,30.186533479473,-1.));
#11777 = VECTOR('',#11778,1.);
#11778 = DIRECTION('',(0.,0.,1.));
#11779 = PLANE('',#11780);
#11780 = AXIS2_PLACEMENT_3D('',#11781,#11782,#11783);
#11781 = CARTESIAN_POINT('',(19.121778264911,37.186533479473,-1.));
#11782 = DIRECTION('',(1.,5.075305255429E-16,0.));
#11783 = DIRECTION('',(5.075305255429E-16,-1.,0.));
#11784 = ADVANCED_FACE('',(#11785),#11791,.T.);
#11785 = FACE_BOUND('',#11786,.T.);
#11786 = EDGE_LOOP('',(#11787,#11788,#11789,#11790));
#11787 = ORIENTED_EDGE('',*,*,#2617,.F.);
#11788 = ORIENTED_EDGE('',*,*,#11774,.T.);
#11789 = ORIENTED_EDGE('',*,*,#6374,.F.);
#11790 = ORIENTED_EDGE('',*,*,#11755,.F.);
#11791 = PLANE('',#11792);
#11792 = AXIS2_PLACEMENT_3D('',#11793,#11794,#11795);
#11793 = CARTESIAN_POINT('',(19.121778264911,30.186533479473,-1.));
#11794 = DIRECTION('',(0.5,0.866025403784,0.));
#11795 = DIRECTION('',(0.866025403784,-0.5,0.));
#11796 = ADVANCED_FACE('',(#11797),#11813,.T.);
#11797 = FACE_BOUND('',#11798,.T.);
#11798 = EDGE_LOOP('',(#11799,#11800,#11806,#11807));
#11799 = ORIENTED_EDGE('',*,*,#2641,.F.);
#11800 = ORIENTED_EDGE('',*,*,#11801,.T.);
#11801 = EDGE_CURVE('',#2642,#6190,#11802,.T.);
#11802 = LINE('',#11803,#11804);
#11803 = CARTESIAN_POINT('',(8.55960043842,24.08845726812,-1.));
#11804 = VECTOR('',#11805,1.);
#11805 = DIRECTION('',(0.,0.,1.));
#11806 = ORIENTED_EDGE('',*,*,#6189,.F.);
#11807 = ORIENTED_EDGE('',*,*,#11808,.F.);
#11808 = EDGE_CURVE('',#2644,#6182,#11809,.T.);
#11809 = LINE('',#11810,#11811);
#11810 = CARTESIAN_POINT('',(2.497422611929,27.58845726812,-1.));
#11811 = VECTOR('',#11812,1.);
#11812 = DIRECTION('',(0.,0.,1.));
#11813 = PLANE('',#11814);
#11814 = AXIS2_PLACEMENT_3D('',#11815,#11816,#11817);
#11815 = CARTESIAN_POINT('',(8.55960043842,24.08845726812,-1.));
#11816 = DIRECTION('',(-0.5,-0.866025403784,0.));
#11817 = DIRECTION('',(-0.866025403784,0.5,0.));
#11818 = ADVANCED_FACE('',(#11819),#11830,.T.);
#11819 = FACE_BOUND('',#11820,.T.);
#11820 = EDGE_LOOP('',(#11821,#11822,#11828,#11829));
#11821 = ORIENTED_EDGE('',*,*,#2683,.F.);
#11822 = ORIENTED_EDGE('',*,*,#11823,.T.);
#11823 = EDGE_CURVE('',#2676,#6198,#11824,.T.);
#11824 = LINE('',#11825,#11826);
#11825 = CARTESIAN_POINT('',(8.55960043842,17.08845726812,-1.));
#11826 = VECTOR('',#11827,1.);
#11827 = DIRECTION('',(0.,0.,1.));
#11828 = ORIENTED_EDGE('',*,*,#6197,.F.);
#11829 = ORIENTED_EDGE('',*,*,#11801,.F.);
#11830 = PLANE('',#11831);
#11831 = AXIS2_PLACEMENT_3D('',#11832,#11833,#11834);
#11832 = CARTESIAN_POINT('',(8.55960043842,17.08845726812,-1.));
#11833 = DIRECTION('',(-1.,0.,0.));
#11834 = DIRECTION('',(0.,1.,0.));
#11835 = ADVANCED_FACE('',(#11836),#11847,.T.);
#11836 = FACE_BOUND('',#11837,.T.);
#11837 = EDGE_LOOP('',(#11838,#11839,#11840,#11841));
#11838 = ORIENTED_EDGE('',*,*,#2651,.F.);
#11839 = ORIENTED_EDGE('',*,*,#11808,.T.);
#11840 = ORIENTED_EDGE('',*,*,#6181,.F.);
#11841 = ORIENTED_EDGE('',*,*,#11842,.F.);
#11842 = EDGE_CURVE('',#2652,#6174,#11843,.T.);
#11843 = LINE('',#11844,#11845);
#11844 = CARTESIAN_POINT('',(-3.564755214563,24.08845726812,-1.));
#11845 = VECTOR('',#11846,1.);
#11846 = DIRECTION('',(0.,0.,1.));
#11847 = PLANE('',#11848);
#11848 = AXIS2_PLACEMENT_3D('',#11849,#11850,#11851);
#11849 = CARTESIAN_POINT('',(2.497422611929,27.58845726812,-1.));
#11850 = DIRECTION('',(0.5,-0.866025403784,0.));
#11851 = DIRECTION('',(-0.866025403784,-0.5,0.));
#11852 = ADVANCED_FACE('',(#11853),#11864,.T.);
#11853 = FACE_BOUND('',#11854,.T.);
#11854 = EDGE_LOOP('',(#11855,#11856,#11862,#11863));
#11855 = ORIENTED_EDGE('',*,*,#2675,.F.);
#11856 = ORIENTED_EDGE('',*,*,#11857,.T.);
#11857 = EDGE_CURVE('',#2668,#6206,#11858,.T.);
#11858 = LINE('',#11859,#11860);
#11859 = CARTESIAN_POINT('',(2.497422611929,13.58845726812,-1.));
#11860 = VECTOR('',#11861,1.);
#11861 = DIRECTION('',(0.,0.,1.));
#11862 = ORIENTED_EDGE('',*,*,#6205,.F.);
#11863 = ORIENTED_EDGE('',*,*,#11823,.F.);
#11864 = PLANE('',#11865);
#11865 = AXIS2_PLACEMENT_3D('',#11866,#11867,#11868);
#11866 = CARTESIAN_POINT('',(2.497422611929,13.58845726812,-1.));
#11867 = DIRECTION('',(-0.5,0.866025403784,0.));
#11868 = DIRECTION('',(0.866025403784,0.5,0.));
#11869 = ADVANCED_FACE('',(#11870),#11881,.T.);
#11870 = FACE_BOUND('',#11871,.T.);
#11871 = EDGE_LOOP('',(#11872,#11873,#11874,#11875));
#11872 = ORIENTED_EDGE('',*,*,#2659,.F.);
#11873 = ORIENTED_EDGE('',*,*,#11842,.T.);
#11874 = ORIENTED_EDGE('',*,*,#6171,.F.);
#11875 = ORIENTED_EDGE('',*,*,#11876,.F.);
#11876 = EDGE_CURVE('',#2660,#6172,#11877,.T.);
#11877 = LINE('',#11878,#11879);
#11878 = CARTESIAN_POINT('',(-3.564755214563,17.08845726812,-1.));
#11879 = VECTOR('',#11880,1.);
#11880 = DIRECTION('',(0.,0.,1.));
#11881 = PLANE('',#11882);
#11882 = AXIS2_PLACEMENT_3D('',#11883,#11884,#11885);
#11883 = CARTESIAN_POINT('',(-3.564755214563,24.08845726812,-1.));
#11884 = DIRECTION('',(1.,1.268826313857E-16,0.));
#11885 = DIRECTION('',(1.268826313857E-16,-1.,0.));
#11886 = ADVANCED_FACE('',(#11887),#11893,.T.);
#11887 = FACE_BOUND('',#11888,.T.);
#11888 = EDGE_LOOP('',(#11889,#11890,#11891,#11892));
#11889 = ORIENTED_EDGE('',*,*,#2667,.F.);
#11890 = ORIENTED_EDGE('',*,*,#11876,.T.);
#11891 = ORIENTED_EDGE('',*,*,#6213,.F.);
#11892 = ORIENTED_EDGE('',*,*,#11857,.F.);
#11893 = PLANE('',#11894);
#11894 = AXIS2_PLACEMENT_3D('',#11895,#11896,#11897);
#11895 = CARTESIAN_POINT('',(-3.564755214563,17.08845726812,-1.));
#11896 = DIRECTION('',(0.5,0.866025403784,0.));
#11897 = DIRECTION('',(0.866025403784,-0.5,0.));
#11898 = ADVANCED_FACE('',(#11899),#11915,.T.);
#11899 = FACE_BOUND('',#11900,.T.);
#11900 = EDGE_LOOP('',(#11901,#11902,#11908,#11909));
#11901 = ORIENTED_EDGE('',*,*,#2691,.F.);
#11902 = ORIENTED_EDGE('',*,*,#11903,.T.);
#11903 = EDGE_CURVE('',#2692,#6240,#11904,.T.);
#11904 = LINE('',#11905,#11906);
#11905 = CARTESIAN_POINT('',(16.121778264911,37.186533479473,-1.));
#11906 = VECTOR('',#11907,1.);
#11907 = DIRECTION('',(0.,0.,1.));
#11908 = ORIENTED_EDGE('',*,*,#6239,.F.);
#11909 = ORIENTED_EDGE('',*,*,#11910,.F.);
#11910 = EDGE_CURVE('',#2694,#6232,#11911,.T.);
#11911 = LINE('',#11912,#11913);
#11912 = CARTESIAN_POINT('',(10.05960043842,40.686533479473,-1.));
#11913 = VECTOR('',#11914,1.);
#11914 = DIRECTION('',(0.,0.,1.));
#11915 = PLANE('',#11916);
#11916 = AXIS2_PLACEMENT_3D('',#11917,#11918,#11919);
#11917 = CARTESIAN_POINT('',(16.121778264911,37.186533479473,-1.));
#11918 = DIRECTION('',(-0.5,-0.866025403784,0.));
#11919 = DIRECTION('',(-0.866025403784,0.5,0.));
#11920 = ADVANCED_FACE('',(#11921),#11932,.T.);
#11921 = FACE_BOUND('',#11922,.T.);
#11922 = EDGE_LOOP('',(#11923,#11924,#11930,#11931));
#11923 = ORIENTED_EDGE('',*,*,#2733,.F.);
#11924 = ORIENTED_EDGE('',*,*,#11925,.T.);
#11925 = EDGE_CURVE('',#2726,#6248,#11926,.T.);
#11926 = LINE('',#11927,#11928);
#11927 = CARTESIAN_POINT('',(16.121778264911,30.186533479473,-1.));
#11928 = VECTOR('',#11929,1.);
#11929 = DIRECTION('',(0.,0.,1.));
#11930 = ORIENTED_EDGE('',*,*,#6247,.F.);
#11931 = ORIENTED_EDGE('',*,*,#11903,.F.);
#11932 = PLANE('',#11933);
#11933 = AXIS2_PLACEMENT_3D('',#11934,#11935,#11936);
#11934 = CARTESIAN_POINT('',(16.121778264911,30.186533479473,-1.));
#11935 = DIRECTION('',(-1.,0.,0.));
#11936 = DIRECTION('',(0.,1.,0.));
#11937 = ADVANCED_FACE('',(#11938),#11949,.T.);
#11938 = FACE_BOUND('',#11939,.T.);
#11939 = EDGE_LOOP('',(#11940,#11941,#11942,#11943));
#11940 = ORIENTED_EDGE('',*,*,#2701,.F.);
#11941 = ORIENTED_EDGE('',*,*,#11910,.T.);
#11942 = ORIENTED_EDGE('',*,*,#6231,.F.);
#11943 = ORIENTED_EDGE('',*,*,#11944,.F.);
#11944 = EDGE_CURVE('',#2702,#6224,#11945,.T.);
#11945 = LINE('',#11946,#11947);
#11946 = CARTESIAN_POINT('',(3.997422611929,37.186533479473,-1.));
#11947 = VECTOR('',#11948,1.);
#11948 = DIRECTION('',(0.,0.,1.));
#11949 = PLANE('',#11950);
#11950 = AXIS2_PLACEMENT_3D('',#11951,#11952,#11953);
#11951 = CARTESIAN_POINT('',(10.05960043842,40.686533479473,-1.));
#11952 = DIRECTION('',(0.5,-0.866025403784,0.));
#11953 = DIRECTION('',(-0.866025403784,-0.5,0.));
#11954 = ADVANCED_FACE('',(#11955),#11966,.T.);
#11955 = FACE_BOUND('',#11956,.T.);
#11956 = EDGE_LOOP('',(#11957,#11958,#11964,#11965));
#11957 = ORIENTED_EDGE('',*,*,#2725,.F.);
#11958 = ORIENTED_EDGE('',*,*,#11959,.T.);
#11959 = EDGE_CURVE('',#2718,#6256,#11960,.T.);
#11960 = LINE('',#11961,#11962);
#11961 = CARTESIAN_POINT('',(10.05960043842,26.686533479473,-1.));
#11962 = VECTOR('',#11963,1.);
#11963 = DIRECTION('',(0.,0.,1.));
#11964 = ORIENTED_EDGE('',*,*,#6255,.F.);
#11965 = ORIENTED_EDGE('',*,*,#11925,.F.);
#11966 = PLANE('',#11967);
#11967 = AXIS2_PLACEMENT_3D('',#11968,#11969,#11970);
#11968 = CARTESIAN_POINT('',(10.05960043842,26.686533479473,-1.));
#11969 = DIRECTION('',(-0.5,0.866025403784,0.));
#11970 = DIRECTION('',(0.866025403784,0.5,0.));
#11971 = ADVANCED_FACE('',(#11972),#11983,.T.);
#11972 = FACE_BOUND('',#11973,.T.);
#11973 = EDGE_LOOP('',(#11974,#11975,#11976,#11977));
#11974 = ORIENTED_EDGE('',*,*,#2709,.F.);
#11975 = ORIENTED_EDGE('',*,*,#11944,.T.);
#11976 = ORIENTED_EDGE('',*,*,#6221,.F.);
#11977 = ORIENTED_EDGE('',*,*,#11978,.F.);
#11978 = EDGE_CURVE('',#2710,#6222,#11979,.T.);
#11979 = LINE('',#11980,#11981);
#11980 = CARTESIAN_POINT('',(3.997422611929,30.186533479473,-1.));
#11981 = VECTOR('',#11982,1.);
#11982 = DIRECTION('',(0.,0.,1.));
#11983 = PLANE('',#11984);
#11984 = AXIS2_PLACEMENT_3D('',#11985,#11986,#11987);
#11985 = CARTESIAN_POINT('',(3.997422611929,37.186533479473,-1.));
#11986 = DIRECTION('',(1.,1.268826313857E-16,0.));
#11987 = DIRECTION('',(1.268826313857E-16,-1.,0.));
#11988 = ADVANCED_FACE('',(#11989),#11995,.T.);
#11989 = FACE_BOUND('',#11990,.T.);
#11990 = EDGE_LOOP('',(#11991,#11992,#11993,#11994));
#11991 = ORIENTED_EDGE('',*,*,#2717,.F.);
#11992 = ORIENTED_EDGE('',*,*,#11978,.T.);
#11993 = ORIENTED_EDGE('',*,*,#6263,.F.);
#11994 = ORIENTED_EDGE('',*,*,#11959,.F.);
#11995 = PLANE('',#11996);
#11996 = AXIS2_PLACEMENT_3D('',#11997,#11998,#11999);
#11997 = CARTESIAN_POINT('',(3.997422611929,30.186533479473,-1.));
#11998 = DIRECTION('',(0.5,0.866025403784,0.));
#11999 = DIRECTION('',(0.866025403784,-0.5,0.));
#12000 = ADVANCED_FACE('',(#12001),#12017,.T.);
#12001 = FACE_BOUND('',#12002,.T.);
#12002 = EDGE_LOOP('',(#12003,#12004,#12010,#12011));
#12003 = ORIENTED_EDGE('',*,*,#2741,.F.);
#12004 = ORIENTED_EDGE('',*,*,#12005,.T.);
#12005 = EDGE_CURVE('',#2742,#6451,#12006,.T.);
#12006 = LINE('',#12007,#12008);
#12007 = CARTESIAN_POINT('',(38.808311744384,50.284609690827,-1.));
#12008 = VECTOR('',#12009,1.);
#12009 = DIRECTION('',(0.,0.,1.));
#12010 = ORIENTED_EDGE('',*,*,#6450,.F.);
#12011 = ORIENTED_EDGE('',*,*,#12012,.F.);
#12012 = EDGE_CURVE('',#2744,#6443,#12013,.T.);
#12013 = LINE('',#12014,#12015);
#12014 = CARTESIAN_POINT('',(32.746133917893,53.784609690827,-1.));
#12015 = VECTOR('',#12016,1.);
#12016 = DIRECTION('',(0.,0.,1.));
#12017 = PLANE('',#12018);
#12018 = AXIS2_PLACEMENT_3D('',#12019,#12020,#12021);
#12019 = CARTESIAN_POINT('',(38.808311744384,50.284609690827,-1.));
#12020 = DIRECTION('',(-0.5,-0.866025403784,0.));
#12021 = DIRECTION('',(-0.866025403784,0.5,0.));
#12022 = ADVANCED_FACE('',(#12023),#12034,.T.);
#12023 = FACE_BOUND('',#12024,.T.);
#12024 = EDGE_LOOP('',(#12025,#12026,#12032,#12033));
#12025 = ORIENTED_EDGE('',*,*,#2783,.F.);
#12026 = ORIENTED_EDGE('',*,*,#12027,.T.);
#12027 = EDGE_CURVE('',#2776,#6459,#12028,.T.);
#12028 = LINE('',#12029,#12030);
#12029 = CARTESIAN_POINT('',(38.808311744384,43.284609690827,-1.));
#12030 = VECTOR('',#12031,1.);
#12031 = DIRECTION('',(0.,0.,1.));
#12032 = ORIENTED_EDGE('',*,*,#6458,.F.);
#12033 = ORIENTED_EDGE('',*,*,#12005,.F.);
#12034 = PLANE('',#12035);
#12035 = AXIS2_PLACEMENT_3D('',#12036,#12037,#12038);
#12036 = CARTESIAN_POINT('',(38.808311744384,43.284609690827,-1.));
#12037 = DIRECTION('',(-1.,1.015061051086E-15,0.));
#12038 = DIRECTION('',(1.015061051086E-15,1.,0.));
#12039 = ADVANCED_FACE('',(#12040),#12051,.T.);
#12040 = FACE_BOUND('',#12041,.T.);
#12041 = EDGE_LOOP('',(#12042,#12043,#12044,#12045));
#12042 = ORIENTED_EDGE('',*,*,#2751,.F.);
#12043 = ORIENTED_EDGE('',*,*,#12012,.T.);
#12044 = ORIENTED_EDGE('',*,*,#6442,.F.);
#12045 = ORIENTED_EDGE('',*,*,#12046,.F.);
#12046 = EDGE_CURVE('',#2752,#6435,#12047,.T.);
#12047 = LINE('',#12048,#12049);
#12048 = CARTESIAN_POINT('',(26.683956091402,50.284609690827,-1.));
#12049 = VECTOR('',#12050,1.);
#12050 = DIRECTION('',(0.,0.,1.));
#12051 = PLANE('',#12052);
#12052 = AXIS2_PLACEMENT_3D('',#12053,#12054,#12055);
#12053 = CARTESIAN_POINT('',(32.746133917893,53.784609690827,-1.));
#12054 = DIRECTION('',(0.5,-0.866025403784,0.));
#12055 = DIRECTION('',(-0.866025403784,-0.5,0.));
#12056 = ADVANCED_FACE('',(#12057),#12068,.T.);
#12057 = FACE_BOUND('',#12058,.T.);
#12058 = EDGE_LOOP('',(#12059,#12060,#12066,#12067));
#12059 = ORIENTED_EDGE('',*,*,#2775,.F.);
#12060 = ORIENTED_EDGE('',*,*,#12061,.T.);
#12061 = EDGE_CURVE('',#2768,#6467,#12062,.T.);
#12062 = LINE('',#12063,#12064);
#12063 = CARTESIAN_POINT('',(32.746133917893,39.784609690827,-1.));
#12064 = VECTOR('',#12065,1.);
#12065 = DIRECTION('',(0.,0.,1.));
#12066 = ORIENTED_EDGE('',*,*,#6466,.F.);
#12067 = ORIENTED_EDGE('',*,*,#12027,.F.);
#12068 = PLANE('',#12069);
#12069 = AXIS2_PLACEMENT_3D('',#12070,#12071,#12072);
#12070 = CARTESIAN_POINT('',(32.746133917893,39.784609690827,-1.));
#12071 = DIRECTION('',(-0.5,0.866025403784,0.));
#12072 = DIRECTION('',(0.866025403784,0.5,0.));
#12073 = ADVANCED_FACE('',(#12074),#12085,.T.);
#12074 = FACE_BOUND('',#12075,.T.);
#12075 = EDGE_LOOP('',(#12076,#12077,#12078,#12079));
#12076 = ORIENTED_EDGE('',*,*,#2759,.F.);
#12077 = ORIENTED_EDGE('',*,*,#12046,.T.);
#12078 = ORIENTED_EDGE('',*,*,#6432,.F.);
#12079 = ORIENTED_EDGE('',*,*,#12080,.F.);
#12080 = EDGE_CURVE('',#2760,#6433,#12081,.T.);
#12081 = LINE('',#12082,#12083);
#12082 = CARTESIAN_POINT('',(26.683956091402,43.284609690827,-1.));
#12083 = VECTOR('',#12084,1.);
#12084 = DIRECTION('',(0.,0.,1.));
#12085 = PLANE('',#12086);
#12086 = AXIS2_PLACEMENT_3D('',#12087,#12088,#12089);
#12087 = CARTESIAN_POINT('',(26.683956091402,50.284609690827,-1.));
#12088 = DIRECTION('',(1.,5.075305255429E-16,0.));
#12089 = DIRECTION('',(5.075305255429E-16,-1.,0.));
#12090 = ADVANCED_FACE('',(#12091),#12097,.T.);
#12091 = FACE_BOUND('',#12092,.T.);
#12092 = EDGE_LOOP('',(#12093,#12094,#12095,#12096));
#12093 = ORIENTED_EDGE('',*,*,#2767,.F.);
#12094 = ORIENTED_EDGE('',*,*,#12080,.T.);
#12095 = ORIENTED_EDGE('',*,*,#6474,.F.);
#12096 = ORIENTED_EDGE('',*,*,#12061,.F.);
#12097 = PLANE('',#12098);
#12098 = AXIS2_PLACEMENT_3D('',#12099,#12100,#12101);
#12099 = CARTESIAN_POINT('',(26.683956091402,43.284609690827,-1.));
#12100 = DIRECTION('',(0.5,0.866025403784,0.));
#12101 = DIRECTION('',(0.866025403784,-0.5,0.));
#12102 = ADVANCED_FACE('',(#12103),#12114,.F.);
#12103 = FACE_BOUND('',#12104,.F.);
#12104 = EDGE_LOOP('',(#12105,#12106,#12112,#12113));
#12105 = ORIENTED_EDGE('',*,*,#6618,.F.);
#12106 = ORIENTED_EDGE('',*,*,#12107,.F.);
#12107 = EDGE_CURVE('',#2792,#6619,#12108,.T.);
#12108 = LINE('',#12109,#12110);
#12109 = CARTESIAN_POINT('',(81.156854249492,122.5149055106,-2.));
#12110 = VECTOR('',#12111,1.);
#12111 = DIRECTION('',(0.,0.,1.));
#12112 = ORIENTED_EDGE('',*,*,#2791,.T.);
#12113 = ORIENTED_EDGE('',*,*,#12107,.T.);
#12114 = CYLINDRICAL_SURFACE('',#12115,1.5);
#12115 = AXIS2_PLACEMENT_3D('',#12116,#12117,#12118);
#12116 = CARTESIAN_POINT('',(79.656854249492,122.5149055106,-2.));
#12117 = DIRECTION('',(0.,0.,1.));
#12118 = DIRECTION('',(1.,0.,0.));
#12119 = ADVANCED_FACE('',(#12120),#12131,.F.);
#12120 = FACE_BOUND('',#12121,.F.);
#12121 = EDGE_LOOP('',(#12122,#12123,#12129,#12130));
#12122 = ORIENTED_EDGE('',*,*,#6629,.F.);
#12123 = ORIENTED_EDGE('',*,*,#12124,.F.);
#12124 = EDGE_CURVE('',#2803,#6630,#12125,.T.);
#12125 = LINE('',#12126,#12127);
#12126 = CARTESIAN_POINT('',(81.156854249492,133.82861400958,-2.));
#12127 = VECTOR('',#12128,1.);
#12128 = DIRECTION('',(0.,0.,1.));
#12129 = ORIENTED_EDGE('',*,*,#2802,.T.);
#12130 = ORIENTED_EDGE('',*,*,#12124,.T.);
#12131 = CYLINDRICAL_SURFACE('',#12132,1.5);
#12132 = AXIS2_PLACEMENT_3D('',#12133,#12134,#12135);
#12133 = CARTESIAN_POINT('',(79.656854249492,133.82861400958,-2.));
#12134 = DIRECTION('',(0.,0.,1.));
#12135 = DIRECTION('',(1.,0.,0.));
#12136 = ADVANCED_FACE('',(#12137),#12148,.F.);
#12137 = FACE_BOUND('',#12138,.F.);
#12138 = EDGE_LOOP('',(#12139,#12140,#12146,#12147));
#12139 = ORIENTED_EDGE('',*,*,#6585,.F.);
#12140 = ORIENTED_EDGE('',*,*,#12141,.F.);
#12141 = EDGE_CURVE('',#2814,#6586,#12142,.T.);
#12142 = LINE('',#12143,#12144);
#12143 = CARTESIAN_POINT('',(69.843145750508,122.5149055106,-2.));
#12144 = VECTOR('',#12145,1.);
#12145 = DIRECTION('',(0.,0.,1.));
#12146 = ORIENTED_EDGE('',*,*,#2813,.T.);
#12147 = ORIENTED_EDGE('',*,*,#12141,.T.);
#12148 = CYLINDRICAL_SURFACE('',#12149,1.5);
#12149 = AXIS2_PLACEMENT_3D('',#12150,#12151,#12152);
#12150 = CARTESIAN_POINT('',(68.343145750508,122.5149055106,-2.));
#12151 = DIRECTION('',(0.,0.,1.));
#12152 = DIRECTION('',(1.,0.,0.));
#12153 = ADVANCED_FACE('',(#12154),#12165,.F.);
#12154 = FACE_BOUND('',#12155,.F.);
#12155 = EDGE_LOOP('',(#12156,#12157,#12163,#12164));
#12156 = ORIENTED_EDGE('',*,*,#6596,.F.);
#12157 = ORIENTED_EDGE('',*,*,#12158,.F.);
#12158 = EDGE_CURVE('',#2825,#6597,#12159,.T.);
#12159 = LINE('',#12160,#12161);
#12160 = CARTESIAN_POINT('',(78.,128.17175976009,-2.));
#12161 = VECTOR('',#12162,1.);
#12162 = DIRECTION('',(0.,0.,1.));
#12163 = ORIENTED_EDGE('',*,*,#2824,.T.);
#12164 = ORIENTED_EDGE('',*,*,#12158,.T.);
#12165 = CYLINDRICAL_SURFACE('',#12166,4.);
#12166 = AXIS2_PLACEMENT_3D('',#12167,#12168,#12169);
#12167 = CARTESIAN_POINT('',(74.,128.17175976009,-2.));
#12168 = DIRECTION('',(0.,0.,1.));
#12169 = DIRECTION('',(1.,0.,0.));
#12170 = ADVANCED_FACE('',(#12171),#12182,.F.);
#12171 = FACE_BOUND('',#12172,.F.);
#12172 = EDGE_LOOP('',(#12173,#12174,#12180,#12181));
#12173 = ORIENTED_EDGE('',*,*,#6607,.F.);
#12174 = ORIENTED_EDGE('',*,*,#12175,.F.);
#12175 = EDGE_CURVE('',#2836,#6608,#12176,.T.);
#12176 = LINE('',#12177,#12178);
#12177 = CARTESIAN_POINT('',(69.843145750508,133.82861400958,-2.));
#12178 = VECTOR('',#12179,1.);
#12179 = DIRECTION('',(0.,0.,1.));
#12180 = ORIENTED_EDGE('',*,*,#2835,.T.);
#12181 = ORIENTED_EDGE('',*,*,#12175,.T.);
#12182 = CYLINDRICAL_SURFACE('',#12183,1.5);
#12183 = AXIS2_PLACEMENT_3D('',#12184,#12185,#12186);
#12184 = CARTESIAN_POINT('',(68.343145750508,133.82861400958,-2.));
#12185 = DIRECTION('',(0.,0.,1.));
#12186 = DIRECTION('',(1.,0.,0.));
#12187 = ADVANCED_FACE('',(#12188),#12204,.T.);
#12188 = FACE_BOUND('',#12189,.T.);
#12189 = EDGE_LOOP('',(#12190,#12191,#12197,#12198));
#12190 = ORIENTED_EDGE('',*,*,#2846,.F.);
#12191 = ORIENTED_EDGE('',*,*,#12192,.T.);
#12192 = EDGE_CURVE('',#2847,#5754,#12193,.T.);
#12193 = LINE('',#12194,#12195);
#12194 = CARTESIAN_POINT('',(-14.12693304105,10.990381056767,-1.));
#12195 = VECTOR('',#12196,1.);
#12196 = DIRECTION('',(0.,0.,1.));
#12197 = ORIENTED_EDGE('',*,*,#5753,.F.);
#12198 = ORIENTED_EDGE('',*,*,#12199,.F.);
#12199 = EDGE_CURVE('',#2849,#5746,#12200,.T.);
#12200 = LINE('',#12201,#12202);
#12201 = CARTESIAN_POINT('',(-20.18911086754,14.490381056767,-1.));
#12202 = VECTOR('',#12203,1.);
#12203 = DIRECTION('',(0.,0.,1.));
#12204 = PLANE('',#12205);
#12205 = AXIS2_PLACEMENT_3D('',#12206,#12207,#12208);
#12206 = CARTESIAN_POINT('',(-14.12693304105,10.990381056767,-1.));
#12207 = DIRECTION('',(-0.5,-0.866025403784,0.));
#12208 = DIRECTION('',(-0.866025403784,0.5,0.));
#12209 = ADVANCED_FACE('',(#12210),#12221,.T.);
#12210 = FACE_BOUND('',#12211,.T.);
#12211 = EDGE_LOOP('',(#12212,#12213,#12219,#12220));
#12212 = ORIENTED_EDGE('',*,*,#2888,.F.);
#12213 = ORIENTED_EDGE('',*,*,#12214,.T.);
#12214 = EDGE_CURVE('',#2881,#5762,#12215,.T.);
#12215 = LINE('',#12216,#12217);
#12216 = CARTESIAN_POINT('',(-14.12693304105,3.990381056767,-1.));
#12217 = VECTOR('',#12218,1.);
#12218 = DIRECTION('',(0.,0.,1.));
#12219 = ORIENTED_EDGE('',*,*,#5761,.F.);
#12220 = ORIENTED_EDGE('',*,*,#12192,.F.);
#12221 = PLANE('',#12222);
#12222 = AXIS2_PLACEMENT_3D('',#12223,#12224,#12225);
#12223 = CARTESIAN_POINT('',(-14.12693304105,3.990381056767,-1.));
#12224 = DIRECTION('',(-1.,0.,0.));
#12225 = DIRECTION('',(0.,1.,0.));
#12226 = ADVANCED_FACE('',(#12227),#12238,.T.);
#12227 = FACE_BOUND('',#12228,.T.);
#12228 = EDGE_LOOP('',(#12229,#12230,#12231,#12232));
#12229 = ORIENTED_EDGE('',*,*,#2856,.F.);
#12230 = ORIENTED_EDGE('',*,*,#12199,.T.);
#12231 = ORIENTED_EDGE('',*,*,#5745,.F.);
#12232 = ORIENTED_EDGE('',*,*,#12233,.F.);
#12233 = EDGE_CURVE('',#2857,#5738,#12234,.T.);
#12234 = LINE('',#12235,#12236);
#12235 = CARTESIAN_POINT('',(-26.25128869403,10.990381056767,-1.));
#12236 = VECTOR('',#12237,1.);
#12237 = DIRECTION('',(0.,0.,1.));
#12238 = PLANE('',#12239);
#12239 = AXIS2_PLACEMENT_3D('',#12240,#12241,#12242);
#12240 = CARTESIAN_POINT('',(-20.18911086754,14.490381056767,-1.));
#12241 = DIRECTION('',(0.5,-0.866025403784,0.));
#12242 = DIRECTION('',(-0.866025403784,-0.5,0.));
#12243 = ADVANCED_FACE('',(#12244),#12255,.T.);
#12244 = FACE_BOUND('',#12245,.T.);
#12245 = EDGE_LOOP('',(#12246,#12247,#12253,#12254));
#12246 = ORIENTED_EDGE('',*,*,#2880,.F.);
#12247 = ORIENTED_EDGE('',*,*,#12248,.T.);
#12248 = EDGE_CURVE('',#2873,#5770,#12249,.T.);
#12249 = LINE('',#12250,#12251);
#12250 = CARTESIAN_POINT('',(-20.18911086754,0.490381056767,-1.));
#12251 = VECTOR('',#12252,1.);
#12252 = DIRECTION('',(0.,0.,1.));
#12253 = ORIENTED_EDGE('',*,*,#5769,.F.);
#12254 = ORIENTED_EDGE('',*,*,#12214,.F.);
#12255 = PLANE('',#12256);
#12256 = AXIS2_PLACEMENT_3D('',#12257,#12258,#12259);
#12257 = CARTESIAN_POINT('',(-20.18911086754,0.490381056767,-1.));
#12258 = DIRECTION('',(-0.5,0.866025403784,0.));
#12259 = DIRECTION('',(0.866025403784,0.5,0.));
#12260 = ADVANCED_FACE('',(#12261),#12272,.T.);
#12261 = FACE_BOUND('',#12262,.T.);
#12262 = EDGE_LOOP('',(#12263,#12264,#12265,#12266));
#12263 = ORIENTED_EDGE('',*,*,#2864,.F.);
#12264 = ORIENTED_EDGE('',*,*,#12233,.T.);
#12265 = ORIENTED_EDGE('',*,*,#5735,.F.);
#12266 = ORIENTED_EDGE('',*,*,#12267,.F.);
#12267 = EDGE_CURVE('',#2865,#5736,#12268,.T.);
#12268 = LINE('',#12269,#12270);
#12269 = CARTESIAN_POINT('',(-26.25128869403,3.990381056767,-1.));
#12270 = VECTOR('',#12271,1.);
#12271 = DIRECTION('',(0.,0.,1.));
#12272 = PLANE('',#12273);
#12273 = AXIS2_PLACEMENT_3D('',#12274,#12275,#12276);
#12274 = CARTESIAN_POINT('',(-26.25128869403,10.990381056767,-1.));
#12275 = DIRECTION('',(1.,5.075305255429E-16,0.));
#12276 = DIRECTION('',(5.075305255429E-16,-1.,0.));
#12277 = ADVANCED_FACE('',(#12278),#12284,.T.);
#12278 = FACE_BOUND('',#12279,.T.);
#12279 = EDGE_LOOP('',(#12280,#12281,#12282,#12283));
#12280 = ORIENTED_EDGE('',*,*,#2872,.F.);
#12281 = ORIENTED_EDGE('',*,*,#12267,.T.);
#12282 = ORIENTED_EDGE('',*,*,#5777,.F.);
#12283 = ORIENTED_EDGE('',*,*,#12248,.F.);
#12284 = PLANE('',#12285);
#12285 = AXIS2_PLACEMENT_3D('',#12286,#12287,#12288);
#12286 = CARTESIAN_POINT('',(-26.25128869403,3.990381056767,-1.));
#12287 = DIRECTION('',(0.5,0.866025403784,0.));
#12288 = DIRECTION('',(0.866025403784,-0.5,0.));
#12289 = ADVANCED_FACE('',(#12290),#12306,.T.);
#12290 = FACE_BOUND('',#12291,.T.);
#12291 = EDGE_LOOP('',(#12292,#12293,#12299,#12300));
#12292 = ORIENTED_EDGE('',*,*,#2896,.F.);
#12293 = ORIENTED_EDGE('',*,*,#12294,.T.);
#12294 = EDGE_CURVE('',#2897,#5704,#12295,.T.);
#12295 = LINE('',#12296,#12297);
#12296 = CARTESIAN_POINT('',(-29.25128869403,10.990381056767,-1.));
#12297 = VECTOR('',#12298,1.);
#12298 = DIRECTION('',(0.,0.,1.));
#12299 = ORIENTED_EDGE('',*,*,#5703,.F.);
#12300 = ORIENTED_EDGE('',*,*,#12301,.F.);
#12301 = EDGE_CURVE('',#2899,#5696,#12302,.T.);
#12302 = LINE('',#12303,#12304);
#12303 = CARTESIAN_POINT('',(-35.31346652052,14.490381056767,-1.));
#12304 = VECTOR('',#12305,1.);
#12305 = DIRECTION('',(0.,0.,1.));
#12306 = PLANE('',#12307);
#12307 = AXIS2_PLACEMENT_3D('',#12308,#12309,#12310);
#12308 = CARTESIAN_POINT('',(-29.25128869403,10.990381056767,-1.));
#12309 = DIRECTION('',(-0.5,-0.866025403784,0.));
#12310 = DIRECTION('',(-0.866025403784,0.5,0.));
#12311 = ADVANCED_FACE('',(#12312),#12323,.T.);
#12312 = FACE_BOUND('',#12313,.T.);
#12313 = EDGE_LOOP('',(#12314,#12315,#12321,#12322));
#12314 = ORIENTED_EDGE('',*,*,#2938,.F.);
#12315 = ORIENTED_EDGE('',*,*,#12316,.T.);
#12316 = EDGE_CURVE('',#2931,#5712,#12317,.T.);
#12317 = LINE('',#12318,#12319);
#12318 = CARTESIAN_POINT('',(-29.25128869403,3.990381056767,-1.));
#12319 = VECTOR('',#12320,1.);
#12320 = DIRECTION('',(0.,0.,1.));
#12321 = ORIENTED_EDGE('',*,*,#5711,.F.);
#12322 = ORIENTED_EDGE('',*,*,#12294,.F.);
#12323 = PLANE('',#12324);
#12324 = AXIS2_PLACEMENT_3D('',#12325,#12326,#12327);
#12325 = CARTESIAN_POINT('',(-29.25128869403,3.990381056767,-1.));
#12326 = DIRECTION('',(-1.,0.,0.));
#12327 = DIRECTION('',(0.,1.,0.));
#12328 = ADVANCED_FACE('',(#12329),#12340,.T.);
#12329 = FACE_BOUND('',#12330,.T.);
#12330 = EDGE_LOOP('',(#12331,#12332,#12333,#12334));
#12331 = ORIENTED_EDGE('',*,*,#2906,.F.);
#12332 = ORIENTED_EDGE('',*,*,#12301,.T.);
#12333 = ORIENTED_EDGE('',*,*,#5695,.F.);
#12334 = ORIENTED_EDGE('',*,*,#12335,.F.);
#12335 = EDGE_CURVE('',#2907,#5688,#12336,.T.);
#12336 = LINE('',#12337,#12338);
#12337 = CARTESIAN_POINT('',(-41.37564434701,10.990381056767,-1.));
#12338 = VECTOR('',#12339,1.);
#12339 = DIRECTION('',(0.,0.,1.));
#12340 = PLANE('',#12341);
#12341 = AXIS2_PLACEMENT_3D('',#12342,#12343,#12344);
#12342 = CARTESIAN_POINT('',(-35.31346652052,14.490381056767,-1.));
#12343 = DIRECTION('',(0.5,-0.866025403784,0.));
#12344 = DIRECTION('',(-0.866025403784,-0.5,0.));
#12345 = ADVANCED_FACE('',(#12346),#12357,.T.);
#12346 = FACE_BOUND('',#12347,.T.);
#12347 = EDGE_LOOP('',(#12348,#12349,#12355,#12356));
#12348 = ORIENTED_EDGE('',*,*,#2930,.F.);
#12349 = ORIENTED_EDGE('',*,*,#12350,.T.);
#12350 = EDGE_CURVE('',#2923,#5720,#12351,.T.);
#12351 = LINE('',#12352,#12353);
#12352 = CARTESIAN_POINT('',(-35.31346652052,0.490381056767,-1.));
#12353 = VECTOR('',#12354,1.);
#12354 = DIRECTION('',(0.,0.,1.));
#12355 = ORIENTED_EDGE('',*,*,#5719,.F.);
#12356 = ORIENTED_EDGE('',*,*,#12316,.F.);
#12357 = PLANE('',#12358);
#12358 = AXIS2_PLACEMENT_3D('',#12359,#12360,#12361);
#12359 = CARTESIAN_POINT('',(-35.31346652052,0.490381056767,-1.));
#12360 = DIRECTION('',(-0.5,0.866025403784,0.));
#12361 = DIRECTION('',(0.866025403784,0.5,0.));
#12362 = ADVANCED_FACE('',(#12363),#12374,.T.);
#12363 = FACE_BOUND('',#12364,.T.);
#12364 = EDGE_LOOP('',(#12365,#12366,#12367,#12368));
#12365 = ORIENTED_EDGE('',*,*,#2914,.F.);
#12366 = ORIENTED_EDGE('',*,*,#12335,.T.);
#12367 = ORIENTED_EDGE('',*,*,#5685,.F.);
#12368 = ORIENTED_EDGE('',*,*,#12369,.F.);
#12369 = EDGE_CURVE('',#2915,#5686,#12370,.T.);
#12370 = LINE('',#12371,#12372);
#12371 = CARTESIAN_POINT('',(-41.37564434701,3.990381056767,-1.));
#12372 = VECTOR('',#12373,1.);
#12373 = DIRECTION('',(0.,0.,1.));
#12374 = PLANE('',#12375);
#12375 = AXIS2_PLACEMENT_3D('',#12376,#12377,#12378);
#12376 = CARTESIAN_POINT('',(-41.37564434701,10.990381056767,-1.));
#12377 = DIRECTION('',(1.,0.,0.));
#12378 = DIRECTION('',(0.,-1.,0.));
#12379 = ADVANCED_FACE('',(#12380),#12386,.T.);
#12380 = FACE_BOUND('',#12381,.T.);
#12381 = EDGE_LOOP('',(#12382,#12383,#12384,#12385));
#12382 = ORIENTED_EDGE('',*,*,#2922,.F.);
#12383 = ORIENTED_EDGE('',*,*,#12369,.T.);
#12384 = ORIENTED_EDGE('',*,*,#5727,.F.);
#12385 = ORIENTED_EDGE('',*,*,#12350,.F.);
#12386 = PLANE('',#12387);
#12387 = AXIS2_PLACEMENT_3D('',#12388,#12389,#12390);
#12388 = CARTESIAN_POINT('',(-41.37564434701,3.990381056767,-1.));
#12389 = DIRECTION('',(0.5,0.866025403784,0.));
#12390 = DIRECTION('',(0.866025403784,-0.5,0.));
#12391 = ADVANCED_FACE('',(#12392),#12408,.T.);
#12392 = FACE_BOUND('',#12393,.T.);
#12393 = EDGE_LOOP('',(#12394,#12395,#12401,#12402));
#12394 = ORIENTED_EDGE('',*,*,#2946,.F.);
#12395 = ORIENTED_EDGE('',*,*,#12396,.T.);
#12396 = EDGE_CURVE('',#2947,#5865,#12397,.T.);
#12397 = LINE('',#12398,#12399);
#12398 = CARTESIAN_POINT('',(-6.564755214563,24.08845726812,-1.));
#12399 = VECTOR('',#12400,1.);
#12400 = DIRECTION('',(0.,0.,1.));
#12401 = ORIENTED_EDGE('',*,*,#5864,.F.);
#12402 = ORIENTED_EDGE('',*,*,#12403,.F.);
#12403 = EDGE_CURVE('',#2949,#5857,#12404,.T.);
#12404 = LINE('',#12405,#12406);
#12405 = CARTESIAN_POINT('',(-12.62693304105,27.58845726812,-1.));
#12406 = VECTOR('',#12407,1.);
#12407 = DIRECTION('',(0.,0.,1.));
#12408 = PLANE('',#12409);
#12409 = AXIS2_PLACEMENT_3D('',#12410,#12411,#12412);
#12410 = CARTESIAN_POINT('',(-6.564755214563,24.08845726812,-1.));
#12411 = DIRECTION('',(-0.5,-0.866025403784,0.));
#12412 = DIRECTION('',(-0.866025403784,0.5,0.));
#12413 = ADVANCED_FACE('',(#12414),#12425,.T.);
#12414 = FACE_BOUND('',#12415,.T.);
#12415 = EDGE_LOOP('',(#12416,#12417,#12423,#12424));
#12416 = ORIENTED_EDGE('',*,*,#2988,.F.);
#12417 = ORIENTED_EDGE('',*,*,#12418,.T.);
#12418 = EDGE_CURVE('',#2981,#5873,#12419,.T.);
#12419 = LINE('',#12420,#12421);
#12420 = CARTESIAN_POINT('',(-6.564755214563,17.08845726812,-1.));
#12421 = VECTOR('',#12422,1.);
#12422 = DIRECTION('',(0.,0.,1.));
#12423 = ORIENTED_EDGE('',*,*,#5872,.F.);
#12424 = ORIENTED_EDGE('',*,*,#12396,.F.);
#12425 = PLANE('',#12426);
#12426 = AXIS2_PLACEMENT_3D('',#12427,#12428,#12429);
#12427 = CARTESIAN_POINT('',(-6.564755214563,17.08845726812,-1.));
#12428 = DIRECTION('',(-1.,2.537652627715E-16,0.));
#12429 = DIRECTION('',(2.537652627715E-16,1.,0.));
#12430 = ADVANCED_FACE('',(#12431),#12442,.T.);
#12431 = FACE_BOUND('',#12432,.T.);
#12432 = EDGE_LOOP('',(#12433,#12434,#12435,#12436));
#12433 = ORIENTED_EDGE('',*,*,#2956,.F.);
#12434 = ORIENTED_EDGE('',*,*,#12403,.T.);
#12435 = ORIENTED_EDGE('',*,*,#5856,.F.);
#12436 = ORIENTED_EDGE('',*,*,#12437,.F.);
#12437 = EDGE_CURVE('',#2957,#5849,#12438,.T.);
#12438 = LINE('',#12439,#12440);
#12439 = CARTESIAN_POINT('',(-18.68911086754,24.08845726812,-1.));
#12440 = VECTOR('',#12441,1.);
#12441 = DIRECTION('',(0.,0.,1.));
#12442 = PLANE('',#12443);
#12443 = AXIS2_PLACEMENT_3D('',#12444,#12445,#12446);
#12444 = CARTESIAN_POINT('',(-12.62693304105,27.58845726812,-1.));
#12445 = DIRECTION('',(0.5,-0.866025403784,0.));
#12446 = DIRECTION('',(-0.866025403784,-0.5,0.));
#12447 = ADVANCED_FACE('',(#12448),#12459,.T.);
#12448 = FACE_BOUND('',#12449,.T.);
#12449 = EDGE_LOOP('',(#12450,#12451,#12457,#12458));
#12450 = ORIENTED_EDGE('',*,*,#2980,.F.);
#12451 = ORIENTED_EDGE('',*,*,#12452,.T.);
#12452 = EDGE_CURVE('',#2973,#5881,#12453,.T.);
#12453 = LINE('',#12454,#12455);
#12454 = CARTESIAN_POINT('',(-12.62693304105,13.58845726812,-1.));
#12455 = VECTOR('',#12456,1.);
#12456 = DIRECTION('',(0.,0.,1.));
#12457 = ORIENTED_EDGE('',*,*,#5880,.F.);
#12458 = ORIENTED_EDGE('',*,*,#12418,.F.);
#12459 = PLANE('',#12460);
#12460 = AXIS2_PLACEMENT_3D('',#12461,#12462,#12463);
#12461 = CARTESIAN_POINT('',(-12.62693304105,13.58845726812,-1.));
#12462 = DIRECTION('',(-0.5,0.866025403784,0.));
#12463 = DIRECTION('',(0.866025403784,0.5,0.));
#12464 = ADVANCED_FACE('',(#12465),#12476,.T.);
#12465 = FACE_BOUND('',#12466,.T.);
#12466 = EDGE_LOOP('',(#12467,#12468,#12469,#12470));
#12467 = ORIENTED_EDGE('',*,*,#2964,.F.);
#12468 = ORIENTED_EDGE('',*,*,#12437,.T.);
#12469 = ORIENTED_EDGE('',*,*,#5846,.F.);
#12470 = ORIENTED_EDGE('',*,*,#12471,.F.);
#12471 = EDGE_CURVE('',#2965,#5847,#12472,.T.);
#12472 = LINE('',#12473,#12474);
#12473 = CARTESIAN_POINT('',(-18.68911086754,17.08845726812,-1.));
#12474 = VECTOR('',#12475,1.);
#12475 = DIRECTION('',(0.,0.,1.));
#12476 = PLANE('',#12477);
#12477 = AXIS2_PLACEMENT_3D('',#12478,#12479,#12480);
#12478 = CARTESIAN_POINT('',(-18.68911086754,24.08845726812,-1.));
#12479 = DIRECTION('',(1.,0.,0.));
#12480 = DIRECTION('',(0.,-1.,0.));
#12481 = ADVANCED_FACE('',(#12482),#12488,.T.);
#12482 = FACE_BOUND('',#12483,.T.);
#12483 = EDGE_LOOP('',(#12484,#12485,#12486,#12487));
#12484 = ORIENTED_EDGE('',*,*,#2972,.F.);
#12485 = ORIENTED_EDGE('',*,*,#12471,.T.);
#12486 = ORIENTED_EDGE('',*,*,#5888,.F.);
#12487 = ORIENTED_EDGE('',*,*,#12452,.F.);
#12488 = PLANE('',#12489);
#12489 = AXIS2_PLACEMENT_3D('',#12490,#12491,#12492);
#12490 = CARTESIAN_POINT('',(-18.68911086754,17.08845726812,-1.));
#12491 = DIRECTION('',(0.5,0.866025403784,0.));
#12492 = DIRECTION('',(0.866025403784,-0.5,0.));
#12493 = ADVANCED_FACE('',(#12494),#12510,.T.);
#12494 = FACE_BOUND('',#12495,.T.);
#12495 = EDGE_LOOP('',(#12496,#12497,#12503,#12504));
#12496 = ORIENTED_EDGE('',*,*,#2996,.F.);
#12497 = ORIENTED_EDGE('',*,*,#12498,.T.);
#12498 = EDGE_CURVE('',#2997,#5915,#12499,.T.);
#12499 = LINE('',#12500,#12501);
#12500 = CARTESIAN_POINT('',(0.997422611929,37.186533479473,-1.));
#12501 = VECTOR('',#12502,1.);
#12502 = DIRECTION('',(0.,0.,1.));
#12503 = ORIENTED_EDGE('',*,*,#5914,.F.);
#12504 = ORIENTED_EDGE('',*,*,#12505,.F.);
#12505 = EDGE_CURVE('',#2999,#5907,#12506,.T.);
#12506 = LINE('',#12507,#12508);
#12507 = CARTESIAN_POINT('',(-5.064755214563,40.686533479473,-1.));
#12508 = VECTOR('',#12509,1.);
#12509 = DIRECTION('',(0.,0.,1.));
#12510 = PLANE('',#12511);
#12511 = AXIS2_PLACEMENT_3D('',#12512,#12513,#12514);
#12512 = CARTESIAN_POINT('',(0.997422611929,37.186533479473,-1.));
#12513 = DIRECTION('',(-0.5,-0.866025403784,0.));
#12514 = DIRECTION('',(-0.866025403784,0.5,0.));
#12515 = ADVANCED_FACE('',(#12516),#12527,.T.);
#12516 = FACE_BOUND('',#12517,.T.);
#12517 = EDGE_LOOP('',(#12518,#12519,#12525,#12526));
#12518 = ORIENTED_EDGE('',*,*,#3038,.F.);
#12519 = ORIENTED_EDGE('',*,*,#12520,.T.);
#12520 = EDGE_CURVE('',#3031,#5923,#12521,.T.);
#12521 = LINE('',#12522,#12523);
#12522 = CARTESIAN_POINT('',(0.997422611929,30.186533479473,-1.));
#12523 = VECTOR('',#12524,1.);
#12524 = DIRECTION('',(0.,0.,1.));
#12525 = ORIENTED_EDGE('',*,*,#5922,.F.);
#12526 = ORIENTED_EDGE('',*,*,#12498,.F.);
#12527 = PLANE('',#12528);
#12528 = AXIS2_PLACEMENT_3D('',#12529,#12530,#12531);
#12529 = CARTESIAN_POINT('',(0.997422611929,30.186533479473,-1.));
#12530 = DIRECTION('',(-1.,2.537652627715E-16,0.));
#12531 = DIRECTION('',(2.537652627715E-16,1.,0.));
#12532 = ADVANCED_FACE('',(#12533),#12544,.T.);
#12533 = FACE_BOUND('',#12534,.T.);
#12534 = EDGE_LOOP('',(#12535,#12536,#12537,#12538));
#12535 = ORIENTED_EDGE('',*,*,#3006,.F.);
#12536 = ORIENTED_EDGE('',*,*,#12505,.T.);
#12537 = ORIENTED_EDGE('',*,*,#5906,.F.);
#12538 = ORIENTED_EDGE('',*,*,#12539,.F.);
#12539 = EDGE_CURVE('',#3007,#5899,#12540,.T.);
#12540 = LINE('',#12541,#12542);
#12541 = CARTESIAN_POINT('',(-11.12693304105,37.186533479473,-1.));
#12542 = VECTOR('',#12543,1.);
#12543 = DIRECTION('',(0.,0.,1.));
#12544 = PLANE('',#12545);
#12545 = AXIS2_PLACEMENT_3D('',#12546,#12547,#12548);
#12546 = CARTESIAN_POINT('',(-5.064755214563,40.686533479473,-1.));
#12547 = DIRECTION('',(0.5,-0.866025403784,0.));
#12548 = DIRECTION('',(-0.866025403784,-0.5,0.));
#12549 = ADVANCED_FACE('',(#12550),#12561,.T.);
#12550 = FACE_BOUND('',#12551,.T.);
#12551 = EDGE_LOOP('',(#12552,#12553,#12559,#12560));
#12552 = ORIENTED_EDGE('',*,*,#3030,.F.);
#12553 = ORIENTED_EDGE('',*,*,#12554,.T.);
#12554 = EDGE_CURVE('',#3023,#5931,#12555,.T.);
#12555 = LINE('',#12556,#12557);
#12556 = CARTESIAN_POINT('',(-5.064755214563,26.686533479473,-1.));
#12557 = VECTOR('',#12558,1.);
#12558 = DIRECTION('',(0.,0.,1.));
#12559 = ORIENTED_EDGE('',*,*,#5930,.F.);
#12560 = ORIENTED_EDGE('',*,*,#12520,.F.);
#12561 = PLANE('',#12562);
#12562 = AXIS2_PLACEMENT_3D('',#12563,#12564,#12565);
#12563 = CARTESIAN_POINT('',(-5.064755214563,26.686533479473,-1.));
#12564 = DIRECTION('',(-0.5,0.866025403784,0.));
#12565 = DIRECTION('',(0.866025403784,0.5,0.));
#12566 = ADVANCED_FACE('',(#12567),#12578,.T.);
#12567 = FACE_BOUND('',#12568,.T.);
#12568 = EDGE_LOOP('',(#12569,#12570,#12571,#12572));
#12569 = ORIENTED_EDGE('',*,*,#3014,.F.);
#12570 = ORIENTED_EDGE('',*,*,#12539,.T.);
#12571 = ORIENTED_EDGE('',*,*,#5896,.F.);
#12572 = ORIENTED_EDGE('',*,*,#12573,.F.);
#12573 = EDGE_CURVE('',#3015,#5897,#12574,.T.);
#12574 = LINE('',#12575,#12576);
#12575 = CARTESIAN_POINT('',(-11.12693304105,30.186533479473,-1.));
#12576 = VECTOR('',#12577,1.);
#12577 = DIRECTION('',(0.,0.,1.));
#12578 = PLANE('',#12579);
#12579 = AXIS2_PLACEMENT_3D('',#12580,#12581,#12582);
#12580 = CARTESIAN_POINT('',(-11.12693304105,37.186533479473,-1.));
#12581 = DIRECTION('',(1.,0.,0.));
#12582 = DIRECTION('',(0.,-1.,0.));
#12583 = ADVANCED_FACE('',(#12584),#12590,.T.);
#12584 = FACE_BOUND('',#12585,.T.);
#12585 = EDGE_LOOP('',(#12586,#12587,#12588,#12589));
#12586 = ORIENTED_EDGE('',*,*,#3022,.F.);
#12587 = ORIENTED_EDGE('',*,*,#12573,.T.);
#12588 = ORIENTED_EDGE('',*,*,#5938,.F.);
#12589 = ORIENTED_EDGE('',*,*,#12554,.F.);
#12590 = PLANE('',#12591);
#12591 = AXIS2_PLACEMENT_3D('',#12592,#12593,#12594);
#12592 = CARTESIAN_POINT('',(-11.12693304105,30.186533479473,-1.));
#12593 = DIRECTION('',(0.5,0.866025403784,0.));
#12594 = DIRECTION('',(0.866025403784,-0.5,0.));
#12595 = ADVANCED_FACE('',(#12596),#12607,.F.);
#12596 = FACE_BOUND('',#12597,.F.);
#12597 = EDGE_LOOP('',(#12598,#12599,#12605,#12606));
#12598 = ORIENTED_EDGE('',*,*,#5785,.F.);
#12599 = ORIENTED_EDGE('',*,*,#12600,.F.);
#12600 = EDGE_CURVE('',#3047,#5786,#12601,.T.);
#12601 = LINE('',#12602,#12603);
#12602 = CARTESIAN_POINT('',(-20.92741699797,22.62741699797,-2.));
#12603 = VECTOR('',#12604,1.);
#12604 = DIRECTION('',(0.,0.,1.));
#12605 = ORIENTED_EDGE('',*,*,#3046,.T.);
#12606 = ORIENTED_EDGE('',*,*,#12600,.T.);
#12607 = CYLINDRICAL_SURFACE('',#12608,1.7);
#12608 = AXIS2_PLACEMENT_3D('',#12609,#12610,#12611);
#12609 = CARTESIAN_POINT('',(-22.62741699797,22.62741699797,-2.));
#12610 = DIRECTION('',(0.,0.,1.));
#12611 = DIRECTION('',(1.,0.,0.));
#12612 = ADVANCED_FACE('',(#12613),#12629,.T.);
#12613 = FACE_BOUND('',#12614,.T.);
#12614 = EDGE_LOOP('',(#12615,#12616,#12622,#12623));
#12615 = ORIENTED_EDGE('',*,*,#3057,.F.);
#12616 = ORIENTED_EDGE('',*,*,#12617,.T.);
#12617 = EDGE_CURVE('',#3058,#5815,#12618,.T.);
#12618 = LINE('',#12619,#12620);
#12619 = CARTESIAN_POINT('',(-14.12693304105,37.186533479473,-1.));
#12620 = VECTOR('',#12621,1.);
#12621 = DIRECTION('',(0.,0.,1.));
#12622 = ORIENTED_EDGE('',*,*,#5814,.F.);
#12623 = ORIENTED_EDGE('',*,*,#12624,.F.);
#12624 = EDGE_CURVE('',#3060,#5807,#12625,.T.);
#12625 = LINE('',#12626,#12627);
#12626 = CARTESIAN_POINT('',(-20.18911086754,40.686533479473,-1.));
#12627 = VECTOR('',#12628,1.);
#12628 = DIRECTION('',(0.,0.,1.));
#12629 = PLANE('',#12630);
#12630 = AXIS2_PLACEMENT_3D('',#12631,#12632,#12633);
#12631 = CARTESIAN_POINT('',(-14.12693304105,37.186533479473,-1.));
#12632 = DIRECTION('',(-0.5,-0.866025403784,0.));
#12633 = DIRECTION('',(-0.866025403784,0.5,0.));
#12634 = ADVANCED_FACE('',(#12635),#12646,.T.);
#12635 = FACE_BOUND('',#12636,.T.);
#12636 = EDGE_LOOP('',(#12637,#12638,#12644,#12645));
#12637 = ORIENTED_EDGE('',*,*,#3099,.F.);
#12638 = ORIENTED_EDGE('',*,*,#12639,.T.);
#12639 = EDGE_CURVE('',#3092,#5823,#12640,.T.);
#12640 = LINE('',#12641,#12642);
#12641 = CARTESIAN_POINT('',(-14.12693304105,30.186533479473,-1.));
#12642 = VECTOR('',#12643,1.);
#12643 = DIRECTION('',(0.,0.,1.));
#12644 = ORIENTED_EDGE('',*,*,#5822,.F.);
#12645 = ORIENTED_EDGE('',*,*,#12617,.F.);
#12646 = PLANE('',#12647);
#12647 = AXIS2_PLACEMENT_3D('',#12648,#12649,#12650);
#12648 = CARTESIAN_POINT('',(-14.12693304105,30.186533479473,-1.));
#12649 = DIRECTION('',(-1.,0.,0.));
#12650 = DIRECTION('',(0.,1.,0.));
#12651 = ADVANCED_FACE('',(#12652),#12663,.T.);
#12652 = FACE_BOUND('',#12653,.T.);
#12653 = EDGE_LOOP('',(#12654,#12655,#12656,#12657));
#12654 = ORIENTED_EDGE('',*,*,#3067,.F.);
#12655 = ORIENTED_EDGE('',*,*,#12624,.T.);
#12656 = ORIENTED_EDGE('',*,*,#5806,.F.);
#12657 = ORIENTED_EDGE('',*,*,#12658,.F.);
#12658 = EDGE_CURVE('',#3068,#5799,#12659,.T.);
#12659 = LINE('',#12660,#12661);
#12660 = CARTESIAN_POINT('',(-26.25128869403,37.186533479473,-1.));
#12661 = VECTOR('',#12662,1.);
#12662 = DIRECTION('',(0.,0.,1.));
#12663 = PLANE('',#12664);
#12664 = AXIS2_PLACEMENT_3D('',#12665,#12666,#12667);
#12665 = CARTESIAN_POINT('',(-20.18911086754,40.686533479473,-1.));
#12666 = DIRECTION('',(0.5,-0.866025403784,0.));
#12667 = DIRECTION('',(-0.866025403784,-0.5,0.));
#12668 = ADVANCED_FACE('',(#12669),#12680,.T.);
#12669 = FACE_BOUND('',#12670,.T.);
#12670 = EDGE_LOOP('',(#12671,#12672,#12678,#12679));
#12671 = ORIENTED_EDGE('',*,*,#3091,.F.);
#12672 = ORIENTED_EDGE('',*,*,#12673,.T.);
#12673 = EDGE_CURVE('',#3084,#5831,#12674,.T.);
#12674 = LINE('',#12675,#12676);
#12675 = CARTESIAN_POINT('',(-20.18911086754,26.686533479473,-1.));
#12676 = VECTOR('',#12677,1.);
#12677 = DIRECTION('',(0.,0.,1.));
#12678 = ORIENTED_EDGE('',*,*,#5830,.F.);
#12679 = ORIENTED_EDGE('',*,*,#12639,.F.);
#12680 = PLANE('',#12681);
#12681 = AXIS2_PLACEMENT_3D('',#12682,#12683,#12684);
#12682 = CARTESIAN_POINT('',(-20.18911086754,26.686533479473,-1.));
#12683 = DIRECTION('',(-0.5,0.866025403784,0.));
#12684 = DIRECTION('',(0.866025403784,0.5,0.));
#12685 = ADVANCED_FACE('',(#12686),#12697,.T.);
#12686 = FACE_BOUND('',#12687,.T.);
#12687 = EDGE_LOOP('',(#12688,#12689,#12690,#12691));
#12688 = ORIENTED_EDGE('',*,*,#3075,.F.);
#12689 = ORIENTED_EDGE('',*,*,#12658,.T.);
#12690 = ORIENTED_EDGE('',*,*,#5796,.F.);
#12691 = ORIENTED_EDGE('',*,*,#12692,.F.);
#12692 = EDGE_CURVE('',#3076,#5797,#12693,.T.);
#12693 = LINE('',#12694,#12695);
#12694 = CARTESIAN_POINT('',(-26.25128869403,30.186533479473,-1.));
#12695 = VECTOR('',#12696,1.);
#12696 = DIRECTION('',(0.,0.,1.));
#12697 = PLANE('',#12698);
#12698 = AXIS2_PLACEMENT_3D('',#12699,#12700,#12701);
#12699 = CARTESIAN_POINT('',(-26.25128869403,37.186533479473,-1.));
#12700 = DIRECTION('',(1.,5.075305255429E-16,0.));
#12701 = DIRECTION('',(5.075305255429E-16,-1.,0.));
#12702 = ADVANCED_FACE('',(#12703),#12709,.T.);
#12703 = FACE_BOUND('',#12704,.T.);
#12704 = EDGE_LOOP('',(#12705,#12706,#12707,#12708));
#12705 = ORIENTED_EDGE('',*,*,#3083,.F.);
#12706 = ORIENTED_EDGE('',*,*,#12692,.T.);
#12707 = ORIENTED_EDGE('',*,*,#5838,.F.);
#12708 = ORIENTED_EDGE('',*,*,#12673,.F.);
#12709 = PLANE('',#12710);
#12710 = AXIS2_PLACEMENT_3D('',#12711,#12712,#12713);
#12711 = CARTESIAN_POINT('',(-26.25128869403,30.186533479473,-1.));
#12712 = DIRECTION('',(0.5,0.866025403784,0.));
#12713 = DIRECTION('',(0.866025403784,-0.5,0.));
#12714 = ADVANCED_FACE('',(#12715),#12731,.T.);
#12715 = FACE_BOUND('',#12716,.T.);
#12716 = EDGE_LOOP('',(#12717,#12718,#12724,#12725));
#12717 = ORIENTED_EDGE('',*,*,#3107,.F.);
#12718 = ORIENTED_EDGE('',*,*,#12719,.T.);
#12719 = EDGE_CURVE('',#3108,#5965,#12720,.T.);
#12720 = LINE('',#12721,#12722);
#12721 = CARTESIAN_POINT('',(-21.68911086754,50.284609690827,-1.));
#12722 = VECTOR('',#12723,1.);
#12723 = DIRECTION('',(0.,0.,1.));
#12724 = ORIENTED_EDGE('',*,*,#5964,.F.);
#12725 = ORIENTED_EDGE('',*,*,#12726,.F.);
#12726 = EDGE_CURVE('',#3110,#5957,#12727,.T.);
#12727 = LINE('',#12728,#12729);
#12728 = CARTESIAN_POINT('',(-27.75128869403,53.784609690827,-1.));
#12729 = VECTOR('',#12730,1.);
#12730 = DIRECTION('',(0.,0.,1.));
#12731 = PLANE('',#12732);
#12732 = AXIS2_PLACEMENT_3D('',#12733,#12734,#12735);
#12733 = CARTESIAN_POINT('',(-21.68911086754,50.284609690827,-1.));
#12734 = DIRECTION('',(-0.5,-0.866025403784,0.));
#12735 = DIRECTION('',(-0.866025403784,0.5,0.));
#12736 = ADVANCED_FACE('',(#12737),#12748,.T.);
#12737 = FACE_BOUND('',#12738,.T.);
#12738 = EDGE_LOOP('',(#12739,#12740,#12746,#12747));
#12739 = ORIENTED_EDGE('',*,*,#3149,.F.);
#12740 = ORIENTED_EDGE('',*,*,#12741,.T.);
#12741 = EDGE_CURVE('',#3142,#5973,#12742,.T.);
#12742 = LINE('',#12743,#12744);
#12743 = CARTESIAN_POINT('',(-21.68911086754,43.284609690827,-1.));
#12744 = VECTOR('',#12745,1.);
#12745 = DIRECTION('',(0.,0.,1.));
#12746 = ORIENTED_EDGE('',*,*,#5972,.F.);
#12747 = ORIENTED_EDGE('',*,*,#12719,.F.);
#12748 = PLANE('',#12749);
#12749 = AXIS2_PLACEMENT_3D('',#12750,#12751,#12752);
#12750 = CARTESIAN_POINT('',(-21.68911086754,43.284609690827,-1.));
#12751 = DIRECTION('',(-1.,0.,0.));
#12752 = DIRECTION('',(0.,1.,0.));
#12753 = ADVANCED_FACE('',(#12754),#12765,.T.);
#12754 = FACE_BOUND('',#12755,.T.);
#12755 = EDGE_LOOP('',(#12756,#12757,#12758,#12759));
#12756 = ORIENTED_EDGE('',*,*,#3117,.F.);
#12757 = ORIENTED_EDGE('',*,*,#12726,.T.);
#12758 = ORIENTED_EDGE('',*,*,#5956,.F.);
#12759 = ORIENTED_EDGE('',*,*,#12760,.F.);
#12760 = EDGE_CURVE('',#3118,#5949,#12761,.T.);
#12761 = LINE('',#12762,#12763);
#12762 = CARTESIAN_POINT('',(-33.81346652052,50.284609690827,-1.));
#12763 = VECTOR('',#12764,1.);
#12764 = DIRECTION('',(0.,0.,1.));
#12765 = PLANE('',#12766);
#12766 = AXIS2_PLACEMENT_3D('',#12767,#12768,#12769);
#12767 = CARTESIAN_POINT('',(-27.75128869403,53.784609690827,-1.));
#12768 = DIRECTION('',(0.5,-0.866025403784,0.));
#12769 = DIRECTION('',(-0.866025403784,-0.5,0.));
#12770 = ADVANCED_FACE('',(#12771),#12782,.T.);
#12771 = FACE_BOUND('',#12772,.T.);
#12772 = EDGE_LOOP('',(#12773,#12774,#12780,#12781));
#12773 = ORIENTED_EDGE('',*,*,#3141,.F.);
#12774 = ORIENTED_EDGE('',*,*,#12775,.T.);
#12775 = EDGE_CURVE('',#3134,#5981,#12776,.T.);
#12776 = LINE('',#12777,#12778);
#12777 = CARTESIAN_POINT('',(-27.75128869403,39.784609690827,-1.));
#12778 = VECTOR('',#12779,1.);
#12779 = DIRECTION('',(0.,0.,1.));
#12780 = ORIENTED_EDGE('',*,*,#5980,.F.);
#12781 = ORIENTED_EDGE('',*,*,#12741,.F.);
#12782 = PLANE('',#12783);
#12783 = AXIS2_PLACEMENT_3D('',#12784,#12785,#12786);
#12784 = CARTESIAN_POINT('',(-27.75128869403,39.784609690827,-1.));
#12785 = DIRECTION('',(-0.5,0.866025403784,0.));
#12786 = DIRECTION('',(0.866025403784,0.5,0.));
#12787 = ADVANCED_FACE('',(#12788),#12799,.T.);
#12788 = FACE_BOUND('',#12789,.T.);
#12789 = EDGE_LOOP('',(#12790,#12791,#12792,#12793));
#12790 = ORIENTED_EDGE('',*,*,#3125,.F.);
#12791 = ORIENTED_EDGE('',*,*,#12760,.T.);
#12792 = ORIENTED_EDGE('',*,*,#5946,.F.);
#12793 = ORIENTED_EDGE('',*,*,#12794,.F.);
#12794 = EDGE_CURVE('',#3126,#5947,#12795,.T.);
#12795 = LINE('',#12796,#12797);
#12796 = CARTESIAN_POINT('',(-33.81346652052,43.284609690827,-1.));
#12797 = VECTOR('',#12798,1.);
#12798 = DIRECTION('',(0.,0.,1.));
#12799 = PLANE('',#12800);
#12800 = AXIS2_PLACEMENT_3D('',#12801,#12802,#12803);
#12801 = CARTESIAN_POINT('',(-33.81346652052,50.284609690827,-1.));
#12802 = DIRECTION('',(1.,0.,0.));
#12803 = DIRECTION('',(0.,-1.,0.));
#12804 = ADVANCED_FACE('',(#12805),#12811,.T.);
#12805 = FACE_BOUND('',#12806,.T.);
#12806 = EDGE_LOOP('',(#12807,#12808,#12809,#12810));
#12807 = ORIENTED_EDGE('',*,*,#3133,.F.);
#12808 = ORIENTED_EDGE('',*,*,#12794,.T.);
#12809 = ORIENTED_EDGE('',*,*,#5988,.F.);
#12810 = ORIENTED_EDGE('',*,*,#12775,.F.);
#12811 = PLANE('',#12812);
#12812 = AXIS2_PLACEMENT_3D('',#12813,#12814,#12815);
#12813 = CARTESIAN_POINT('',(-33.81346652052,43.284609690827,-1.));
#12814 = DIRECTION('',(0.5,0.866025403784,0.));
#12815 = DIRECTION('',(0.866025403784,-0.5,0.));
#12816 = ADVANCED_FACE('',(#12817),#12828,.F.);
#12817 = FACE_BOUND('',#12818,.F.);
#12818 = EDGE_LOOP('',(#12819,#12820,#12826,#12827));
#12819 = ORIENTED_EDGE('',*,*,#5674,.F.);
#12820 = ORIENTED_EDGE('',*,*,#12821,.F.);
#12821 = EDGE_CURVE('',#3158,#5675,#12822,.T.);
#12822 = LINE('',#12823,#12824);
#12823 = CARTESIAN_POINT('',(-140.8431457505,5.656854249492,-2.));
#12824 = VECTOR('',#12825,1.);
#12825 = DIRECTION('',(0.,0.,1.));
#12826 = ORIENTED_EDGE('',*,*,#3157,.T.);
#12827 = ORIENTED_EDGE('',*,*,#12821,.T.);
#12828 = CYLINDRICAL_SURFACE('',#12829,1.5);
#12829 = AXIS2_PLACEMENT_3D('',#12830,#12831,#12832);
#12830 = CARTESIAN_POINT('',(-142.3431457505,5.656854249492,-2.));
#12831 = DIRECTION('',(0.,0.,1.));
#12832 = DIRECTION('',(1.,0.,0.));
#12833 = ADVANCED_FACE('',(#12834),#12845,.F.);
#12834 = FACE_BOUND('',#12835,.F.);
#12835 = EDGE_LOOP('',(#12836,#12837,#12843,#12844));
#12836 = ORIENTED_EDGE('',*,*,#5652,.F.);
#12837 = ORIENTED_EDGE('',*,*,#12838,.F.);
#12838 = EDGE_CURVE('',#3169,#5653,#12839,.T.);
#12839 = LINE('',#12840,#12841);
#12840 = CARTESIAN_POINT('',(-144.,1.714505518806E-14,-2.));
#12841 = VECTOR('',#12842,1.);
#12842 = DIRECTION('',(0.,0.,1.));
#12843 = ORIENTED_EDGE('',*,*,#3168,.T.);
#12844 = ORIENTED_EDGE('',*,*,#12838,.T.);
#12845 = CYLINDRICAL_SURFACE('',#12846,4.);
#12846 = AXIS2_PLACEMENT_3D('',#12847,#12848,#12849);
#12847 = CARTESIAN_POINT('',(-148.,1.812477262738E-14,-2.));
#12848 = DIRECTION('',(0.,0.,1.));
#12849 = DIRECTION('',(1.,0.,0.));
#12850 = ADVANCED_FACE('',(#12851),#12862,.F.);
#12851 = FACE_BOUND('',#12852,.F.);
#12852 = EDGE_LOOP('',(#12853,#12854,#12860,#12861));
#12853 = ORIENTED_EDGE('',*,*,#5663,.F.);
#12854 = ORIENTED_EDGE('',*,*,#12855,.F.);
#12855 = EDGE_CURVE('',#3180,#5664,#12856,.T.);
#12856 = LINE('',#12857,#12858);
#12857 = CARTESIAN_POINT('',(-152.1568542494,5.656854249492,-2.));
#12858 = VECTOR('',#12859,1.);
#12859 = DIRECTION('',(0.,0.,1.));
#12860 = ORIENTED_EDGE('',*,*,#3179,.T.);
#12861 = ORIENTED_EDGE('',*,*,#12855,.T.);
#12862 = CYLINDRICAL_SURFACE('',#12863,1.5);
#12863 = AXIS2_PLACEMENT_3D('',#12864,#12865,#12866);
#12864 = CARTESIAN_POINT('',(-153.6568542494,5.656854249492,-2.));
#12865 = DIRECTION('',(0.,0.,1.));
#12866 = DIRECTION('',(1.,0.,0.));
#12867 = ADVANCED_FACE('',(#12868),#12887,.F.);
#12868 = FACE_BOUND('',#12869,.F.);
#12869 = EDGE_LOOP('',(#12870,#12879,#12885,#12886));
#12870 = ORIENTED_EDGE('',*,*,#12871,.F.);
#12871 = EDGE_CURVE('',#12872,#12872,#12874,.T.);
#12872 = VERTEX_POINT('',#12873);
#12873 = CARTESIAN_POINT('',(-47.841,84.768298573228,9.));
#12874 = CIRCLE('',#12875,1.1);
#12875 = AXIS2_PLACEMENT_3D('',#12876,#12877,#12878);
#12876 = CARTESIAN_POINT('',(-48.941,84.768298573228,9.));
#12877 = DIRECTION('',(0.,0.,1.));
#12878 = DIRECTION('',(1.,0.,0.));
#12879 = ORIENTED_EDGE('',*,*,#12880,.F.);
#12880 = EDGE_CURVE('',#3191,#12872,#12881,.T.);
#12881 = LINE('',#12882,#12883);
#12882 = CARTESIAN_POINT('',(-47.841,84.768298573228,-2.));
#12883 = VECTOR('',#12884,1.);
#12884 = DIRECTION('',(0.,0.,1.));
#12885 = ORIENTED_EDGE('',*,*,#3190,.T.);
#12886 = ORIENTED_EDGE('',*,*,#12880,.T.);
#12887 = CYLINDRICAL_SURFACE('',#12888,1.1);
#12888 = AXIS2_PLACEMENT_3D('',#12889,#12890,#12891);
#12889 = CARTESIAN_POINT('',(-48.941,84.768298573228,-2.));
#12890 = DIRECTION('',(0.,0.,1.));
#12891 = DIRECTION('',(1.,0.,0.));
#12892 = ADVANCED_FACE('',(#12893),#12912,.F.);
#12893 = FACE_BOUND('',#12894,.F.);
#12894 = EDGE_LOOP('',(#12895,#12904,#12910,#12911));
#12895 = ORIENTED_EDGE('',*,*,#12896,.F.);
#12896 = EDGE_CURVE('',#12897,#12897,#12899,.T.);
#12897 = VERTEX_POINT('',#12898);
#12898 = CARTESIAN_POINT('',(-53.841,95.160603418642,9.));
#12899 = CIRCLE('',#12900,1.1);
#12900 = AXIS2_PLACEMENT_3D('',#12901,#12902,#12903);
#12901 = CARTESIAN_POINT('',(-54.941,95.160603418642,9.));
#12902 = DIRECTION('',(0.,0.,1.));
#12903 = DIRECTION('',(1.,0.,0.));
#12904 = ORIENTED_EDGE('',*,*,#12905,.F.);
#12905 = EDGE_CURVE('',#3202,#12897,#12906,.T.);
#12906 = LINE('',#12907,#12908);
#12907 = CARTESIAN_POINT('',(-53.841,95.160603418642,-2.));
#12908 = VECTOR('',#12909,1.);
#12909 = DIRECTION('',(0.,0.,1.));
#12910 = ORIENTED_EDGE('',*,*,#3201,.T.);
#12911 = ORIENTED_EDGE('',*,*,#12905,.T.);
#12912 = CYLINDRICAL_SURFACE('',#12913,1.1);
#12913 = AXIS2_PLACEMENT_3D('',#12914,#12915,#12916);
#12914 = CARTESIAN_POINT('',(-54.941,95.160603418642,-2.));
#12915 = DIRECTION('',(0.,0.,1.));
#12916 = DIRECTION('',(1.,0.,0.));
#12917 = ADVANCED_FACE('',(#12918),#12929,.F.);
#12918 = FACE_BOUND('',#12919,.F.);
#12919 = EDGE_LOOP('',(#12920,#12921,#12927,#12928));
#12920 = ORIENTED_EDGE('',*,*,#6088,.F.);
#12921 = ORIENTED_EDGE('',*,*,#12922,.F.);
#12922 = EDGE_CURVE('',#3213,#6089,#12923,.T.);
#12923 = LINE('',#12924,#12925);
#12924 = CARTESIAN_POINT('',(-66.8431457505,122.5149055106,-2.));
#12925 = VECTOR('',#12926,1.);
#12926 = DIRECTION('',(0.,0.,1.));
#12927 = ORIENTED_EDGE('',*,*,#3212,.T.);
#12928 = ORIENTED_EDGE('',*,*,#12922,.T.);
#12929 = CYLINDRICAL_SURFACE('',#12930,1.5);
#12930 = AXIS2_PLACEMENT_3D('',#12931,#12932,#12933);
#12931 = CARTESIAN_POINT('',(-68.3431457505,122.5149055106,-2.));
#12932 = DIRECTION('',(0.,0.,1.));
#12933 = DIRECTION('',(1.,0.,0.));
#12934 = ADVANCED_FACE('',(#12935),#12946,.F.);
#12935 = FACE_BOUND('',#12936,.F.);
#12936 = EDGE_LOOP('',(#12937,#12938,#12944,#12945));
#12937 = ORIENTED_EDGE('',*,*,#6099,.F.);
#12938 = ORIENTED_EDGE('',*,*,#12939,.F.);
#12939 = EDGE_CURVE('',#3224,#6100,#12940,.T.);
#12940 = LINE('',#12941,#12942);
#12941 = CARTESIAN_POINT('',(-70.,128.17175976009,-2.));
#12942 = VECTOR('',#12943,1.);
#12943 = DIRECTION('',(0.,0.,1.));
#12944 = ORIENTED_EDGE('',*,*,#3223,.T.);
#12945 = ORIENTED_EDGE('',*,*,#12939,.T.);
#12946 = CYLINDRICAL_SURFACE('',#12947,4.);
#12947 = AXIS2_PLACEMENT_3D('',#12948,#12949,#12950);
#12948 = CARTESIAN_POINT('',(-74.,128.17175976009,-2.));
#12949 = DIRECTION('',(0.,0.,1.));
#12950 = DIRECTION('',(1.,0.,0.));
#12951 = ADVANCED_FACE('',(#12952),#12963,.F.);
#12952 = FACE_BOUND('',#12953,.F.);
#12953 = EDGE_LOOP('',(#12954,#12955,#12961,#12962));
#12954 = ORIENTED_EDGE('',*,*,#6110,.F.);
#12955 = ORIENTED_EDGE('',*,*,#12956,.F.);
#12956 = EDGE_CURVE('',#3235,#6111,#12957,.T.);
#12957 = LINE('',#12958,#12959);
#12958 = CARTESIAN_POINT('',(-66.8431457505,133.82861400958,-2.));
#12959 = VECTOR('',#12960,1.);
#12960 = DIRECTION('',(0.,0.,1.));
#12961 = ORIENTED_EDGE('',*,*,#3234,.T.);
#12962 = ORIENTED_EDGE('',*,*,#12956,.T.);
#12963 = CYLINDRICAL_SURFACE('',#12964,1.5);
#12964 = AXIS2_PLACEMENT_3D('',#12965,#12966,#12967);
#12965 = CARTESIAN_POINT('',(-68.3431457505,133.82861400958,-2.));
#12966 = DIRECTION('',(0.,0.,1.));
#12967 = DIRECTION('',(1.,0.,0.));
#12968 = ADVANCED_FACE('',(#12969),#12980,.F.);
#12969 = FACE_BOUND('',#12970,.F.);
#12970 = EDGE_LOOP('',(#12971,#12972,#12978,#12979));
#12971 = ORIENTED_EDGE('',*,*,#5996,.F.);
#12972 = ORIENTED_EDGE('',*,*,#12973,.F.);
#12973 = EDGE_CURVE('',#3246,#5997,#12974,.T.);
#12974 = LINE('',#12975,#12976);
#12975 = CARTESIAN_POINT('',(-78.15685424949,122.5149055106,-2.));
#12976 = VECTOR('',#12977,1.);
#12977 = DIRECTION('',(0.,0.,1.));
#12978 = ORIENTED_EDGE('',*,*,#3245,.T.);
#12979 = ORIENTED_EDGE('',*,*,#12973,.T.);
#12980 = CYLINDRICAL_SURFACE('',#12981,1.5);
#12981 = AXIS2_PLACEMENT_3D('',#12982,#12983,#12984);
#12982 = CARTESIAN_POINT('',(-79.65685424949,122.5149055106,-2.));
#12983 = DIRECTION('',(0.,0.,1.));
#12984 = DIRECTION('',(1.,0.,0.));
#12985 = ADVANCED_FACE('',(#12986),#12997,.F.);
#12986 = FACE_BOUND('',#12987,.F.);
#12987 = EDGE_LOOP('',(#12988,#12989,#12995,#12996));
#12988 = ORIENTED_EDGE('',*,*,#6007,.F.);
#12989 = ORIENTED_EDGE('',*,*,#12990,.F.);
#12990 = EDGE_CURVE('',#3257,#6008,#12991,.T.);
#12991 = LINE('',#12992,#12993);
#12992 = CARTESIAN_POINT('',(-78.15685424949,133.82861400958,-2.));
#12993 = VECTOR('',#12994,1.);
#12994 = DIRECTION('',(0.,0.,1.));
#12995 = ORIENTED_EDGE('',*,*,#3256,.T.);
#12996 = ORIENTED_EDGE('',*,*,#12990,.T.);
#12997 = CYLINDRICAL_SURFACE('',#12998,1.5);
#12998 = AXIS2_PLACEMENT_3D('',#12999,#13000,#13001);
#12999 = CARTESIAN_POINT('',(-79.65685424949,133.82861400958,-2.));
#13000 = DIRECTION('',(0.,0.,1.));
#13001 = DIRECTION('',(1.,0.,0.));
#13002 = ADVANCED_FACE('',(#13003),#13028,.F.);
#13003 = FACE_BOUND('',#13004,.F.);
#13004 = EDGE_LOOP('',(#13005,#13006,#13014,#13022));
#13005 = ORIENTED_EDGE('',*,*,#4661,.F.);
#13006 = ORIENTED_EDGE('',*,*,#13007,.T.);
#13007 = EDGE_CURVE('',#4662,#13008,#13010,.T.);
#13008 = VERTEX_POINT('',#13009);
#13009 = CARTESIAN_POINT('',(-58.10125403784,-80.63432397701,9.));
#13010 = LINE('',#13011,#13012);
#13011 = CARTESIAN_POINT('',(-58.10125403784,-80.63432397701,6.));
#13012 = VECTOR('',#13013,1.);
#13013 = DIRECTION('',(0.,0.,1.));
#13014 = ORIENTED_EDGE('',*,*,#13015,.T.);
#13015 = EDGE_CURVE('',#13008,#13016,#13018,.T.);
#13016 = VERTEX_POINT('',#13017);
#13017 = CARTESIAN_POINT('',(-63.10125403784,-89.29457801485,9.));
#13018 = LINE('',#13019,#13020);
#13019 = CARTESIAN_POINT('',(-56.85125403784,-78.46926046755,9.));
#13020 = VECTOR('',#13021,1.);
#13021 = DIRECTION('',(-0.5,-0.866025403784,0.));
#13022 = ORIENTED_EDGE('',*,*,#13023,.F.);
#13023 = EDGE_CURVE('',#4664,#13016,#13024,.T.);
#13024 = LINE('',#13025,#13026);
#13025 = CARTESIAN_POINT('',(-63.10125403784,-89.29457801485,6.));
#13026 = VECTOR('',#13027,1.);
#13027 = DIRECTION('',(0.,0.,1.));
#13028 = PLANE('',#13029);
#13029 = AXIS2_PLACEMENT_3D('',#13030,#13031,#13032);
#13030 = CARTESIAN_POINT('',(-56.85125403784,-78.46926046755,6.));
#13031 = DIRECTION('',(0.866025403784,-0.5,0.));
#13032 = DIRECTION('',(-0.5,-0.866025403784,0.));
#13033 = ADVANCED_FACE('',(#13034),#13053,.T.);
#13034 = FACE_BOUND('',#13035,.F.);
#13035 = EDGE_LOOP('',(#13036,#13037,#13045,#13052));
#13036 = ORIENTED_EDGE('',*,*,#4671,.T.);
#13037 = ORIENTED_EDGE('',*,*,#13038,.T.);
#13038 = EDGE_CURVE('',#4672,#13039,#13041,.T.);
#13039 = VERTEX_POINT('',#13040);
#13040 = CARTESIAN_POINT('',(-54.68619052838,-79.71926046755,9.));
#13041 = LINE('',#13042,#13043);
#13042 = CARTESIAN_POINT('',(-54.68619052838,-79.71926046755,6.));
#13043 = VECTOR('',#13044,1.);
#13044 = DIRECTION('',(0.,0.,1.));
#13045 = ORIENTED_EDGE('',*,*,#13046,.F.);
#13046 = EDGE_CURVE('',#13008,#13039,#13047,.T.);
#13047 = CIRCLE('',#13048,2.5);
#13048 = AXIS2_PLACEMENT_3D('',#13049,#13050,#13051);
#13049 = CARTESIAN_POINT('',(-55.93619052838,-81.88432397701,9.));
#13050 = DIRECTION('',(-0.,-0.,-1.));
#13051 = DIRECTION('',(0.,-1.,0.));
#13052 = ORIENTED_EDGE('',*,*,#13007,.F.);
#13053 = CYLINDRICAL_SURFACE('',#13054,2.5);
#13054 = AXIS2_PLACEMENT_3D('',#13055,#13056,#13057);
#13055 = CARTESIAN_POINT('',(-55.93619052838,-81.88432397701,6.));
#13056 = DIRECTION('',(0.,0.,1.));
#13057 = DIRECTION('',(-0.866025403784,0.5,0.));
#13058 = ADVANCED_FACE('',(#13059),#13078,.T.);
#13059 = FACE_BOUND('',#13060,.T.);
#13060 = EDGE_LOOP('',(#13061,#13062,#13070,#13077));
#13061 = ORIENTED_EDGE('',*,*,#4722,.T.);
#13062 = ORIENTED_EDGE('',*,*,#13063,.T.);
#13063 = EDGE_CURVE('',#4715,#13064,#13066,.T.);
#13064 = VERTEX_POINT('',#13065);
#13065 = CARTESIAN_POINT('',(-62.18619052838,-92.70964152431,9.));
#13066 = LINE('',#13067,#13068);
#13067 = CARTESIAN_POINT('',(-62.18619052838,-92.70964152431,6.));
#13068 = VECTOR('',#13069,1.);
#13069 = DIRECTION('',(0.,0.,1.));
#13070 = ORIENTED_EDGE('',*,*,#13071,.F.);
#13071 = EDGE_CURVE('',#13016,#13064,#13072,.T.);
#13072 = CIRCLE('',#13073,2.5);
#13073 = AXIS2_PLACEMENT_3D('',#13074,#13075,#13076);
#13074 = CARTESIAN_POINT('',(-60.93619052838,-90.54457801485,9.));
#13075 = DIRECTION('',(-0.,0.,1.));
#13076 = DIRECTION('',(0.,-1.,0.));
#13077 = ORIENTED_EDGE('',*,*,#13023,.F.);
#13078 = CYLINDRICAL_SURFACE('',#13079,2.5);
#13079 = AXIS2_PLACEMENT_3D('',#13080,#13081,#13082);
#13080 = CARTESIAN_POINT('',(-60.93619052838,-90.54457801485,6.));
#13081 = DIRECTION('',(0.,0.,1.));
#13082 = DIRECTION('',(-0.866025403784,0.5,0.));
#13083 = ADVANCED_FACE('',(#13084),#13102,.F.);
#13084 = FACE_BOUND('',#13085,.F.);
#13085 = EDGE_LOOP('',(#13086,#13087,#13095,#13101));
#13086 = ORIENTED_EDGE('',*,*,#4680,.F.);
#13087 = ORIENTED_EDGE('',*,*,#13088,.T.);
#13088 = EDGE_CURVE('',#4681,#13089,#13091,.T.);
#13089 = VERTEX_POINT('',#13090);
#13090 = CARTESIAN_POINT('',(-41.69580947161,-87.21926046755,9.));
#13091 = LINE('',#13092,#13093);
#13092 = CARTESIAN_POINT('',(-41.69580947161,-87.21926046755,6.));
#13093 = VECTOR('',#13094,1.);
#13094 = DIRECTION('',(0.,0.,1.));
#13095 = ORIENTED_EDGE('',*,*,#13096,.T.);
#13096 = EDGE_CURVE('',#13089,#13039,#13097,.T.);
#13097 = LINE('',#13098,#13099);
#13098 = CARTESIAN_POINT('',(-39.53074596215,-88.46926046755,9.));
#13099 = VECTOR('',#13100,1.);
#13100 = DIRECTION('',(-0.866025403784,0.5,0.));
#13101 = ORIENTED_EDGE('',*,*,#13038,.F.);
#13102 = PLANE('',#13103);
#13103 = AXIS2_PLACEMENT_3D('',#13104,#13105,#13106);
#13104 = CARTESIAN_POINT('',(-39.53074596215,-88.46926046755,6.));
#13105 = DIRECTION('',(-0.5,-0.866025403784,0.));
#13106 = DIRECTION('',(-0.866025403784,0.5,0.));
#13107 = ADVANCED_FACE('',(#13108),#13126,.F.);
#13108 = FACE_BOUND('',#13109,.F.);
#13109 = EDGE_LOOP('',(#13110,#13111,#13112,#13120));
#13110 = ORIENTED_EDGE('',*,*,#4714,.F.);
#13111 = ORIENTED_EDGE('',*,*,#13063,.T.);
#13112 = ORIENTED_EDGE('',*,*,#13113,.T.);
#13113 = EDGE_CURVE('',#13064,#13114,#13116,.T.);
#13114 = VERTEX_POINT('',#13115);
#13115 = CARTESIAN_POINT('',(-49.19580947161,-100.2096415243,9.));
#13116 = LINE('',#13117,#13118);
#13117 = CARTESIAN_POINT('',(-64.35125403784,-91.45964152431,9.));
#13118 = VECTOR('',#13119,1.);
#13119 = DIRECTION('',(0.866025403784,-0.5,0.));
#13120 = ORIENTED_EDGE('',*,*,#13121,.F.);
#13121 = EDGE_CURVE('',#4706,#13114,#13122,.T.);
#13122 = LINE('',#13123,#13124);
#13123 = CARTESIAN_POINT('',(-49.19580947161,-100.2096415243,6.));
#13124 = VECTOR('',#13125,1.);
#13125 = DIRECTION('',(0.,0.,1.));
#13126 = PLANE('',#13127);
#13127 = AXIS2_PLACEMENT_3D('',#13128,#13129,#13130);
#13128 = CARTESIAN_POINT('',(-64.35125403784,-91.45964152431,6.));
#13129 = DIRECTION('',(0.5,0.866025403784,0.));
#13130 = DIRECTION('',(0.866025403784,-0.5,0.));
#13131 = ADVANCED_FACE('',(#13132),#13151,.T.);
#13132 = FACE_BOUND('',#13133,.T.);
#13133 = EDGE_LOOP('',(#13134,#13135,#13136,#13145));
#13134 = ORIENTED_EDGE('',*,*,#4688,.T.);
#13135 = ORIENTED_EDGE('',*,*,#13088,.T.);
#13136 = ORIENTED_EDGE('',*,*,#13137,.F.);
#13137 = EDGE_CURVE('',#13138,#13089,#13140,.T.);
#13138 = VERTEX_POINT('',#13139);
#13139 = CARTESIAN_POINT('',(-40.78074596215,-90.63432397701,9.));
#13140 = CIRCLE('',#13141,2.5);
#13141 = AXIS2_PLACEMENT_3D('',#13142,#13143,#13144);
#13142 = CARTESIAN_POINT('',(-42.94580947161,-89.38432397701,9.));
#13143 = DIRECTION('',(-0.,0.,1.));
#13144 = DIRECTION('',(0.,-1.,0.));
#13145 = ORIENTED_EDGE('',*,*,#13146,.F.);
#13146 = EDGE_CURVE('',#4689,#13138,#13147,.T.);
#13147 = LINE('',#13148,#13149);
#13148 = CARTESIAN_POINT('',(-40.78074596215,-90.63432397701,6.));
#13149 = VECTOR('',#13150,1.);
#13150 = DIRECTION('',(0.,0.,1.));
#13151 = CYLINDRICAL_SURFACE('',#13152,2.5);
#13152 = AXIS2_PLACEMENT_3D('',#13153,#13154,#13155);
#13153 = CARTESIAN_POINT('',(-42.94580947161,-89.38432397701,6.));
#13154 = DIRECTION('',(0.,0.,1.));
#13155 = DIRECTION('',(0.866025403784,-0.5,0.));
#13156 = ADVANCED_FACE('',(#13157),#13176,.T.);
#13157 = FACE_BOUND('',#13158,.T.);
#13158 = EDGE_LOOP('',(#13159,#13160,#13168,#13175));
#13159 = ORIENTED_EDGE('',*,*,#4705,.T.);
#13160 = ORIENTED_EDGE('',*,*,#13161,.T.);
#13161 = EDGE_CURVE('',#4698,#13162,#13164,.T.);
#13162 = VERTEX_POINT('',#13163);
#13163 = CARTESIAN_POINT('',(-45.78074596215,-99.29457801485,9.));
#13164 = LINE('',#13165,#13166);
#13165 = CARTESIAN_POINT('',(-45.78074596215,-99.29457801485,6.));
#13166 = VECTOR('',#13167,1.);
#13167 = DIRECTION('',(0.,0.,1.));
#13168 = ORIENTED_EDGE('',*,*,#13169,.F.);
#13169 = EDGE_CURVE('',#13114,#13162,#13170,.T.);
#13170 = CIRCLE('',#13171,2.5);
#13171 = AXIS2_PLACEMENT_3D('',#13172,#13173,#13174);
#13172 = CARTESIAN_POINT('',(-47.94580947161,-98.04457801485,9.));
#13173 = DIRECTION('',(-0.,0.,1.));
#13174 = DIRECTION('',(0.,-1.,0.));
#13175 = ORIENTED_EDGE('',*,*,#13121,.F.);
#13176 = CYLINDRICAL_SURFACE('',#13177,2.5);
#13177 = AXIS2_PLACEMENT_3D('',#13178,#13179,#13180);
#13178 = CARTESIAN_POINT('',(-47.94580947161,-98.04457801485,6.));
#13179 = DIRECTION('',(0.,0.,1.));
#13180 = DIRECTION('',(-0.5,-0.866025403784,0.));
#13181 = ADVANCED_FACE('',(#13182),#13193,.F.);
#13182 = FACE_BOUND('',#13183,.F.);
#13183 = EDGE_LOOP('',(#13184,#13185,#13186,#13192));
#13184 = ORIENTED_EDGE('',*,*,#4697,.F.);
#13185 = ORIENTED_EDGE('',*,*,#13161,.T.);
#13186 = ORIENTED_EDGE('',*,*,#13187,.T.);
#13187 = EDGE_CURVE('',#13162,#13138,#13188,.T.);
#13188 = LINE('',#13189,#13190);
#13189 = CARTESIAN_POINT('',(-47.03074596215,-101.4596415243,9.));
#13190 = VECTOR('',#13191,1.);
#13191 = DIRECTION('',(0.5,0.866025403784,0.));
#13192 = ORIENTED_EDGE('',*,*,#13146,.F.);
#13193 = PLANE('',#13194);
#13194 = AXIS2_PLACEMENT_3D('',#13195,#13196,#13197);
#13195 = CARTESIAN_POINT('',(-47.03074596215,-101.4596415243,6.));
#13196 = DIRECTION('',(-0.866025403784,0.5,0.));
#13197 = DIRECTION('',(0.5,0.866025403784,0.));
#13198 = ADVANCED_FACE('',(#13199),#13224,.F.);
#13199 = FACE_BOUND('',#13200,.F.);
#13200 = EDGE_LOOP('',(#13201,#13202,#13210,#13218));
#13201 = ORIENTED_EDGE('',*,*,#6018,.F.);
#13202 = ORIENTED_EDGE('',*,*,#13203,.T.);
#13203 = EDGE_CURVE('',#6019,#13204,#13206,.T.);
#13204 = VERTEX_POINT('',#13205);
#13205 = CARTESIAN_POINT('',(-40.78074596215,90.634323977013,9.));
#13206 = LINE('',#13207,#13208);
#13207 = CARTESIAN_POINT('',(-40.78074596215,90.634323977013,6.));
#13208 = VECTOR('',#13209,1.);
#13209 = DIRECTION('',(0.,0.,1.));
#13210 = ORIENTED_EDGE('',*,*,#13211,.T.);
#13211 = EDGE_CURVE('',#13204,#13212,#13214,.T.);
#13212 = VERTEX_POINT('',#13213);
#13213 = CARTESIAN_POINT('',(-45.78074596215,99.294578014857,9.));
#13214 = LINE('',#13215,#13216);
#13215 = CARTESIAN_POINT('',(-39.53074596215,88.469260467552,9.));
#13216 = VECTOR('',#13217,1.);
#13217 = DIRECTION('',(-0.5,0.866025403784,0.));
#13218 = ORIENTED_EDGE('',*,*,#13219,.F.);
#13219 = EDGE_CURVE('',#6021,#13212,#13220,.T.);
#13220 = LINE('',#13221,#13222);
#13221 = CARTESIAN_POINT('',(-45.78074596215,99.294578014857,6.));
#13222 = VECTOR('',#13223,1.);
#13223 = DIRECTION('',(0.,0.,1.));
#13224 = PLANE('',#13225);
#13225 = AXIS2_PLACEMENT_3D('',#13226,#13227,#13228);
#13226 = CARTESIAN_POINT('',(-39.53074596215,88.469260467552,6.));
#13227 = DIRECTION('',(-0.866025403784,-0.5,0.));
#13228 = DIRECTION('',(-0.5,0.866025403784,0.));
#13229 = ADVANCED_FACE('',(#13230),#13249,.T.);
#13230 = FACE_BOUND('',#13231,.F.);
#13231 = EDGE_LOOP('',(#13232,#13233,#13241,#13248));
#13232 = ORIENTED_EDGE('',*,*,#6028,.T.);
#13233 = ORIENTED_EDGE('',*,*,#13234,.T.);
#13234 = EDGE_CURVE('',#6029,#13235,#13237,.T.);
#13235 = VERTEX_POINT('',#13236);
#13236 = CARTESIAN_POINT('',(-41.69580947161,87.219260467552,9.));
#13237 = LINE('',#13238,#13239);
#13238 = CARTESIAN_POINT('',(-41.69580947161,87.219260467552,6.));
#13239 = VECTOR('',#13240,1.);
#13240 = DIRECTION('',(0.,0.,1.));
#13241 = ORIENTED_EDGE('',*,*,#13242,.F.);
#13242 = EDGE_CURVE('',#13204,#13235,#13243,.T.);
#13243 = CIRCLE('',#13244,2.5);
#13244 = AXIS2_PLACEMENT_3D('',#13245,#13246,#13247);
#13245 = CARTESIAN_POINT('',(-42.94580947161,89.384323977013,9.));
#13246 = DIRECTION('',(-0.,-0.,-1.));
#13247 = DIRECTION('',(0.,-1.,0.));
#13248 = ORIENTED_EDGE('',*,*,#13203,.F.);
#13249 = CYLINDRICAL_SURFACE('',#13250,2.5);
#13250 = AXIS2_PLACEMENT_3D('',#13251,#13252,#13253);
#13251 = CARTESIAN_POINT('',(-42.94580947161,89.384323977013,6.));
#13252 = DIRECTION('',(0.,0.,1.));
#13253 = DIRECTION('',(0.866025403784,0.5,0.));
#13254 = ADVANCED_FACE('',(#13255),#13274,.T.);
#13255 = FACE_BOUND('',#13256,.T.);
#13256 = EDGE_LOOP('',(#13257,#13258,#13266,#13273));
#13257 = ORIENTED_EDGE('',*,*,#6079,.T.);
#13258 = ORIENTED_EDGE('',*,*,#13259,.T.);
#13259 = EDGE_CURVE('',#6072,#13260,#13262,.T.);
#13260 = VERTEX_POINT('',#13261);
#13261 = CARTESIAN_POINT('',(-49.19580947161,100.20964152431,9.));
#13262 = LINE('',#13263,#13264);
#13263 = CARTESIAN_POINT('',(-49.19580947161,100.20964152431,6.));
#13264 = VECTOR('',#13265,1.);
#13265 = DIRECTION('',(0.,0.,1.));
#13266 = ORIENTED_EDGE('',*,*,#13267,.F.);
#13267 = EDGE_CURVE('',#13212,#13260,#13268,.T.);
#13268 = CIRCLE('',#13269,2.5);
#13269 = AXIS2_PLACEMENT_3D('',#13270,#13271,#13272);
#13270 = CARTESIAN_POINT('',(-47.94580947161,98.044578014857,9.));
#13271 = DIRECTION('',(-0.,0.,1.));
#13272 = DIRECTION('',(0.,-1.,0.));
#13273 = ORIENTED_EDGE('',*,*,#13219,.F.);
#13274 = CYLINDRICAL_SURFACE('',#13275,2.5);
#13275 = AXIS2_PLACEMENT_3D('',#13276,#13277,#13278);
#13276 = CARTESIAN_POINT('',(-47.94580947161,98.044578014857,6.));
#13277 = DIRECTION('',(0.,0.,1.));
#13278 = DIRECTION('',(0.866025403784,0.5,0.));
#13279 = ADVANCED_FACE('',(#13280),#13298,.F.);
#13280 = FACE_BOUND('',#13281,.F.);
#13281 = EDGE_LOOP('',(#13282,#13283,#13291,#13297));
#13282 = ORIENTED_EDGE('',*,*,#6037,.F.);
#13283 = ORIENTED_EDGE('',*,*,#13284,.T.);
#13284 = EDGE_CURVE('',#6038,#13285,#13287,.T.);
#13285 = VERTEX_POINT('',#13286);
#13286 = CARTESIAN_POINT('',(-54.68619052838,79.719260467552,9.));
#13287 = LINE('',#13288,#13289);
#13288 = CARTESIAN_POINT('',(-54.68619052838,79.719260467552,6.));
#13289 = VECTOR('',#13290,1.);
#13290 = DIRECTION('',(0.,0.,1.));
#13291 = ORIENTED_EDGE('',*,*,#13292,.T.);
#13292 = EDGE_CURVE('',#13285,#13235,#13293,.T.);
#13293 = LINE('',#13294,#13295);
#13294 = CARTESIAN_POINT('',(-56.85125403784,78.469260467552,9.));
#13295 = VECTOR('',#13296,1.);
#13296 = DIRECTION('',(0.866025403784,0.5,0.));
#13297 = ORIENTED_EDGE('',*,*,#13234,.F.);
#13298 = PLANE('',#13299);
#13299 = AXIS2_PLACEMENT_3D('',#13300,#13301,#13302);
#13300 = CARTESIAN_POINT('',(-56.85125403784,78.469260467552,6.));
#13301 = DIRECTION('',(-0.5,0.866025403784,0.));
#13302 = DIRECTION('',(0.866025403784,0.5,0.));
#13303 = ADVANCED_FACE('',(#13304),#13322,.F.);
#13304 = FACE_BOUND('',#13305,.F.);
#13305 = EDGE_LOOP('',(#13306,#13307,#13308,#13316));
#13306 = ORIENTED_EDGE('',*,*,#6071,.F.);
#13307 = ORIENTED_EDGE('',*,*,#13259,.T.);
#13308 = ORIENTED_EDGE('',*,*,#13309,.T.);
#13309 = EDGE_CURVE('',#13260,#13310,#13312,.T.);
#13310 = VERTEX_POINT('',#13311);
#13311 = CARTESIAN_POINT('',(-62.18619052838,92.709641524318,9.));
#13312 = LINE('',#13313,#13314);
#13313 = CARTESIAN_POINT('',(-47.03074596215,101.45964152431,9.));
#13314 = VECTOR('',#13315,1.);
#13315 = DIRECTION('',(-0.866025403784,-0.5,0.));
#13316 = ORIENTED_EDGE('',*,*,#13317,.F.);
#13317 = EDGE_CURVE('',#6063,#13310,#13318,.T.);
#13318 = LINE('',#13319,#13320);
#13319 = CARTESIAN_POINT('',(-62.18619052838,92.709641524318,6.));
#13320 = VECTOR('',#13321,1.);
#13321 = DIRECTION('',(0.,0.,1.));
#13322 = PLANE('',#13323);
#13323 = AXIS2_PLACEMENT_3D('',#13324,#13325,#13326);
#13324 = CARTESIAN_POINT('',(-47.03074596215,101.45964152431,6.));
#13325 = DIRECTION('',(0.5,-0.866025403784,0.));
#13326 = DIRECTION('',(-0.866025403784,-0.5,0.));
#13327 = ADVANCED_FACE('',(#13328),#13347,.T.);
#13328 = FACE_BOUND('',#13329,.T.);
#13329 = EDGE_LOOP('',(#13330,#13331,#13332,#13341));
#13330 = ORIENTED_EDGE('',*,*,#6045,.T.);
#13331 = ORIENTED_EDGE('',*,*,#13284,.T.);
#13332 = ORIENTED_EDGE('',*,*,#13333,.F.);
#13333 = EDGE_CURVE('',#13334,#13285,#13336,.T.);
#13334 = VERTEX_POINT('',#13335);
#13335 = CARTESIAN_POINT('',(-58.10125403784,80.634323977013,9.));
#13336 = CIRCLE('',#13337,2.5);
#13337 = AXIS2_PLACEMENT_3D('',#13338,#13339,#13340);
#13338 = CARTESIAN_POINT('',(-55.93619052838,81.884323977013,9.));
#13339 = DIRECTION('',(-0.,0.,1.));
#13340 = DIRECTION('',(0.,-1.,0.));
#13341 = ORIENTED_EDGE('',*,*,#13342,.F.);
#13342 = EDGE_CURVE('',#6046,#13334,#13343,.T.);
#13343 = LINE('',#13344,#13345);
#13344 = CARTESIAN_POINT('',(-58.10125403784,80.634323977013,6.));
#13345 = VECTOR('',#13346,1.);
#13346 = DIRECTION('',(0.,0.,1.));
#13347 = CYLINDRICAL_SURFACE('',#13348,2.5);
#13348 = AXIS2_PLACEMENT_3D('',#13349,#13350,#13351);
#13349 = CARTESIAN_POINT('',(-55.93619052838,81.884323977013,6.));
#13350 = DIRECTION('',(0.,0.,1.));
#13351 = DIRECTION('',(-0.866025403784,-0.5,0.));
#13352 = ADVANCED_FACE('',(#13353),#13372,.T.);
#13353 = FACE_BOUND('',#13354,.T.);
#13354 = EDGE_LOOP('',(#13355,#13356,#13364,#13371));
#13355 = ORIENTED_EDGE('',*,*,#6062,.T.);
#13356 = ORIENTED_EDGE('',*,*,#13357,.T.);
#13357 = EDGE_CURVE('',#6055,#13358,#13360,.T.);
#13358 = VERTEX_POINT('',#13359);
#13359 = CARTESIAN_POINT('',(-63.10125403784,89.294578014857,9.));
#13360 = LINE('',#13361,#13362);
#13361 = CARTESIAN_POINT('',(-63.10125403784,89.294578014857,6.));
#13362 = VECTOR('',#13363,1.);
#13363 = DIRECTION('',(0.,0.,1.));
#13364 = ORIENTED_EDGE('',*,*,#13365,.F.);
#13365 = EDGE_CURVE('',#13310,#13358,#13366,.T.);
#13366 = CIRCLE('',#13367,2.5);
#13367 = AXIS2_PLACEMENT_3D('',#13368,#13369,#13370);
#13368 = CARTESIAN_POINT('',(-60.93619052838,90.544578014857,9.));
#13369 = DIRECTION('',(-0.,0.,1.));
#13370 = DIRECTION('',(0.,-1.,0.));
#13371 = ORIENTED_EDGE('',*,*,#13317,.F.);
#13372 = CYLINDRICAL_SURFACE('',#13373,2.5);
#13373 = AXIS2_PLACEMENT_3D('',#13374,#13375,#13376);
#13374 = CARTESIAN_POINT('',(-60.93619052838,90.544578014857,6.));
#13375 = DIRECTION('',(0.,0.,1.));
#13376 = DIRECTION('',(-0.5,0.866025403784,0.));
#13377 = ADVANCED_FACE('',(#13378),#13389,.F.);
#13378 = FACE_BOUND('',#13379,.F.);
#13379 = EDGE_LOOP('',(#13380,#13381,#13382,#13388));
#13380 = ORIENTED_EDGE('',*,*,#6054,.F.);
#13381 = ORIENTED_EDGE('',*,*,#13357,.T.);
#13382 = ORIENTED_EDGE('',*,*,#13383,.T.);
#13383 = EDGE_CURVE('',#13358,#13334,#13384,.T.);
#13384 = LINE('',#13385,#13386);
#13385 = CARTESIAN_POINT('',(-64.35125403784,91.459641524318,9.));
#13386 = VECTOR('',#13387,1.);
#13387 = DIRECTION('',(0.5,-0.866025403784,0.));
#13388 = ORIENTED_EDGE('',*,*,#13342,.F.);
#13389 = PLANE('',#13390);
#13390 = AXIS2_PLACEMENT_3D('',#13391,#13392,#13393);
#13391 = CARTESIAN_POINT('',(-64.35125403784,91.459641524318,6.));
#13392 = DIRECTION('',(0.866025403784,0.5,0.));
#13393 = DIRECTION('',(0.5,-0.866025403784,0.));
#13394 = ADVANCED_FACE('',(#13395),#13420,.F.);
#13395 = FACE_BOUND('',#13396,.F.);
#13396 = EDGE_LOOP('',(#13397,#13398,#13406,#13414));
#13397 = ORIENTED_EDGE('',*,*,#6482,.F.);
#13398 = ORIENTED_EDGE('',*,*,#13399,.T.);
#13399 = EDGE_CURVE('',#6483,#13400,#13402,.T.);
#13400 = VERTEX_POINT('',#13401);
#13401 = CARTESIAN_POINT('',(98.882,-10.,9.));
#13402 = LINE('',#13403,#13404);
#13403 = CARTESIAN_POINT('',(98.882,-10.,6.));
#13404 = VECTOR('',#13405,1.);
#13405 = DIRECTION('',(0.,0.,1.));
#13406 = ORIENTED_EDGE('',*,*,#13407,.T.);
#13407 = EDGE_CURVE('',#13400,#13408,#13410,.T.);
#13408 = VERTEX_POINT('',#13409);
#13409 = CARTESIAN_POINT('',(108.882,-10.,9.));
#13410 = LINE('',#13411,#13412);
#13411 = CARTESIAN_POINT('',(96.382,-10.,9.));
#13412 = VECTOR('',#13413,1.);
#13413 = DIRECTION('',(1.,0.,0.));
#13414 = ORIENTED_EDGE('',*,*,#13415,.F.);
#13415 = EDGE_CURVE('',#6485,#13408,#13416,.T.);
#13416 = LINE('',#13417,#13418);
#13417 = CARTESIAN_POINT('',(108.882,-10.,6.));
#13418 = VECTOR('',#13419,1.);
#13419 = DIRECTION('',(0.,0.,1.));
#13420 = PLANE('',#13421);
#13421 = AXIS2_PLACEMENT_3D('',#13422,#13423,#13424);
#13422 = CARTESIAN_POINT('',(96.382,-10.,6.));
#13423 = DIRECTION('',(0.,1.,0.));
#13424 = DIRECTION('',(1.,0.,0.));
#13425 = ADVANCED_FACE('',(#13426),#13445,.T.);
#13426 = FACE_BOUND('',#13427,.F.);
#13427 = EDGE_LOOP('',(#13428,#13429,#13437,#13444));
#13428 = ORIENTED_EDGE('',*,*,#6492,.T.);
#13429 = ORIENTED_EDGE('',*,*,#13430,.T.);
#13430 = EDGE_CURVE('',#6493,#13431,#13433,.T.);
#13431 = VERTEX_POINT('',#13432);
#13432 = CARTESIAN_POINT('',(96.382,-7.5,9.));
#13433 = LINE('',#13434,#13435);
#13434 = CARTESIAN_POINT('',(96.382,-7.5,6.));
#13435 = VECTOR('',#13436,1.);
#13436 = DIRECTION('',(0.,0.,1.));
#13437 = ORIENTED_EDGE('',*,*,#13438,.F.);
#13438 = EDGE_CURVE('',#13400,#13431,#13439,.T.);
#13439 = CIRCLE('',#13440,2.5);
#13440 = AXIS2_PLACEMENT_3D('',#13441,#13442,#13443);
#13441 = CARTESIAN_POINT('',(98.882,-7.5,9.));
#13442 = DIRECTION('',(-0.,-0.,-1.));
#13443 = DIRECTION('',(0.,-1.,0.));
#13444 = ORIENTED_EDGE('',*,*,#13399,.F.);
#13445 = CYLINDRICAL_SURFACE('',#13446,2.5);
#13446 = AXIS2_PLACEMENT_3D('',#13447,#13448,#13449);
#13447 = CARTESIAN_POINT('',(98.882,-7.5,6.));
#13448 = DIRECTION('',(0.,0.,1.));
#13449 = DIRECTION('',(0.,-1.,0.));
#13450 = ADVANCED_FACE('',(#13451),#13470,.T.);
#13451 = FACE_BOUND('',#13452,.T.);
#13452 = EDGE_LOOP('',(#13453,#13454,#13462,#13469));
#13453 = ORIENTED_EDGE('',*,*,#6543,.T.);
#13454 = ORIENTED_EDGE('',*,*,#13455,.T.);
#13455 = EDGE_CURVE('',#6536,#13456,#13458,.T.);
#13456 = VERTEX_POINT('',#13457);
#13457 = CARTESIAN_POINT('',(111.382,-7.5,9.));
#13458 = LINE('',#13459,#13460);
#13459 = CARTESIAN_POINT('',(111.382,-7.5,6.));
#13460 = VECTOR('',#13461,1.);
#13461 = DIRECTION('',(0.,0.,1.));
#13462 = ORIENTED_EDGE('',*,*,#13463,.F.);
#13463 = EDGE_CURVE('',#13408,#13456,#13464,.T.);
#13464 = CIRCLE('',#13465,2.5);
#13465 = AXIS2_PLACEMENT_3D('',#13466,#13467,#13468);
#13466 = CARTESIAN_POINT('',(108.882,-7.5,9.));
#13467 = DIRECTION('',(-0.,0.,1.));
#13468 = DIRECTION('',(0.,-1.,0.));
#13469 = ORIENTED_EDGE('',*,*,#13415,.F.);
#13470 = CYLINDRICAL_SURFACE('',#13471,2.5);
#13471 = AXIS2_PLACEMENT_3D('',#13472,#13473,#13474);
#13472 = CARTESIAN_POINT('',(108.882,-7.5,6.));
#13473 = DIRECTION('',(0.,0.,1.));
#13474 = DIRECTION('',(0.,-1.,0.));
#13475 = ADVANCED_FACE('',(#13476),#13494,.F.);
#13476 = FACE_BOUND('',#13477,.F.);
#13477 = EDGE_LOOP('',(#13478,#13479,#13487,#13493));
#13478 = ORIENTED_EDGE('',*,*,#6501,.F.);
#13479 = ORIENTED_EDGE('',*,*,#13480,.T.);
#13480 = EDGE_CURVE('',#6502,#13481,#13483,.T.);
#13481 = VERTEX_POINT('',#13482);
#13482 = CARTESIAN_POINT('',(96.382,7.5,9.));
#13483 = LINE('',#13484,#13485);
#13484 = CARTESIAN_POINT('',(96.382,7.5,6.));
#13485 = VECTOR('',#13486,1.);
#13486 = DIRECTION('',(0.,0.,1.));
#13487 = ORIENTED_EDGE('',*,*,#13488,.T.);
#13488 = EDGE_CURVE('',#13481,#13431,#13489,.T.);
#13489 = LINE('',#13490,#13491);
#13490 = CARTESIAN_POINT('',(96.382,10.,9.));
#13491 = VECTOR('',#13492,1.);
#13492 = DIRECTION('',(0.,-1.,0.));
#13493 = ORIENTED_EDGE('',*,*,#13430,.F.);
#13494 = PLANE('',#13495);
#13495 = AXIS2_PLACEMENT_3D('',#13496,#13497,#13498);
#13496 = CARTESIAN_POINT('',(96.382,10.,6.));
#13497 = DIRECTION('',(1.,0.,0.));
#13498 = DIRECTION('',(0.,-1.,0.));
#13499 = ADVANCED_FACE('',(#13500),#13518,.F.);
#13500 = FACE_BOUND('',#13501,.F.);
#13501 = EDGE_LOOP('',(#13502,#13503,#13504,#13512));
#13502 = ORIENTED_EDGE('',*,*,#6535,.F.);
#13503 = ORIENTED_EDGE('',*,*,#13455,.T.);
#13504 = ORIENTED_EDGE('',*,*,#13505,.T.);
#13505 = EDGE_CURVE('',#13456,#13506,#13508,.T.);
#13506 = VERTEX_POINT('',#13507);
#13507 = CARTESIAN_POINT('',(111.382,7.5,9.));
#13508 = LINE('',#13509,#13510);
#13509 = CARTESIAN_POINT('',(111.382,-10.,9.));
#13510 = VECTOR('',#13511,1.);
#13511 = DIRECTION('',(0.,1.,0.));
#13512 = ORIENTED_EDGE('',*,*,#13513,.F.);
#13513 = EDGE_CURVE('',#6527,#13506,#13514,.T.);
#13514 = LINE('',#13515,#13516);
#13515 = CARTESIAN_POINT('',(111.382,7.5,6.));
#13516 = VECTOR('',#13517,1.);
#13517 = DIRECTION('',(0.,0.,1.));
#13518 = PLANE('',#13519);
#13519 = AXIS2_PLACEMENT_3D('',#13520,#13521,#13522);
#13520 = CARTESIAN_POINT('',(111.382,-10.,6.));
#13521 = DIRECTION('',(-1.,0.,0.));
#13522 = DIRECTION('',(0.,1.,0.));
#13523 = ADVANCED_FACE('',(#13524),#13543,.T.);
#13524 = FACE_BOUND('',#13525,.T.);
#13525 = EDGE_LOOP('',(#13526,#13527,#13528,#13537));
#13526 = ORIENTED_EDGE('',*,*,#6509,.T.);
#13527 = ORIENTED_EDGE('',*,*,#13480,.T.);
#13528 = ORIENTED_EDGE('',*,*,#13529,.F.);
#13529 = EDGE_CURVE('',#13530,#13481,#13532,.T.);
#13530 = VERTEX_POINT('',#13531);
#13531 = CARTESIAN_POINT('',(98.882,10.,9.));
#13532 = CIRCLE('',#13533,2.5);
#13533 = AXIS2_PLACEMENT_3D('',#13534,#13535,#13536);
#13534 = CARTESIAN_POINT('',(98.882,7.5,9.));
#13535 = DIRECTION('',(-0.,0.,1.));
#13536 = DIRECTION('',(0.,-1.,0.));
#13537 = ORIENTED_EDGE('',*,*,#13538,.F.);
#13538 = EDGE_CURVE('',#6510,#13530,#13539,.T.);
#13539 = LINE('',#13540,#13541);
#13540 = CARTESIAN_POINT('',(98.882,10.,6.));
#13541 = VECTOR('',#13542,1.);
#13542 = DIRECTION('',(0.,0.,1.));
#13543 = CYLINDRICAL_SURFACE('',#13544,2.5);
#13544 = AXIS2_PLACEMENT_3D('',#13545,#13546,#13547);
#13545 = CARTESIAN_POINT('',(98.882,7.5,6.));
#13546 = DIRECTION('',(0.,0.,1.));
#13547 = DIRECTION('',(0.,1.,0.));
#13548 = ADVANCED_FACE('',(#13549),#13568,.T.);
#13549 = FACE_BOUND('',#13550,.T.);
#13550 = EDGE_LOOP('',(#13551,#13552,#13560,#13567));
#13551 = ORIENTED_EDGE('',*,*,#6526,.T.);
#13552 = ORIENTED_EDGE('',*,*,#13553,.T.);
#13553 = EDGE_CURVE('',#6519,#13554,#13556,.T.);
#13554 = VERTEX_POINT('',#13555);
#13555 = CARTESIAN_POINT('',(108.882,10.,9.));
#13556 = LINE('',#13557,#13558);
#13557 = CARTESIAN_POINT('',(108.882,10.,6.));
#13558 = VECTOR('',#13559,1.);
#13559 = DIRECTION('',(0.,0.,1.));
#13560 = ORIENTED_EDGE('',*,*,#13561,.F.);
#13561 = EDGE_CURVE('',#13506,#13554,#13562,.T.);
#13562 = CIRCLE('',#13563,2.5);
#13563 = AXIS2_PLACEMENT_3D('',#13564,#13565,#13566);
#13564 = CARTESIAN_POINT('',(108.882,7.5,9.));
#13565 = DIRECTION('',(-0.,0.,1.));
#13566 = DIRECTION('',(0.,-1.,0.));
#13567 = ORIENTED_EDGE('',*,*,#13513,.F.);
#13568 = CYLINDRICAL_SURFACE('',#13569,2.5);
#13569 = AXIS2_PLACEMENT_3D('',#13570,#13571,#13572);
#13570 = CARTESIAN_POINT('',(108.882,7.5,6.));
#13571 = DIRECTION('',(0.,0.,1.));
#13572 = DIRECTION('',(1.,0.,0.));
#13573 = ADVANCED_FACE('',(#13574),#13585,.F.);
#13574 = FACE_BOUND('',#13575,.F.);
#13575 = EDGE_LOOP('',(#13576,#13577,#13578,#13584));
#13576 = ORIENTED_EDGE('',*,*,#6518,.F.);
#13577 = ORIENTED_EDGE('',*,*,#13553,.T.);
#13578 = ORIENTED_EDGE('',*,*,#13579,.T.);
#13579 = EDGE_CURVE('',#13554,#13530,#13580,.T.);
#13580 = LINE('',#13581,#13582);
#13581 = CARTESIAN_POINT('',(111.382,10.,9.));
#13582 = VECTOR('',#13583,1.);
#13583 = DIRECTION('',(-1.,0.,0.));
#13584 = ORIENTED_EDGE('',*,*,#13538,.F.);
#13585 = PLANE('',#13586);
#13586 = AXIS2_PLACEMENT_3D('',#13587,#13588,#13589);
#13587 = CARTESIAN_POINT('',(111.382,10.,6.));
#13588 = DIRECTION('',(0.,-1.,0.));
#13589 = DIRECTION('',(-1.,0.,0.));
#13590 = ADVANCED_FACE('',(#13591,#13601,#13604),#13607,.T.);
#13591 = FACE_BOUND('',#13592,.T.);
#13592 = EDGE_LOOP('',(#13593,#13594,#13595,#13596,#13597,#13598,#13599,
    #13600));
#13593 = ORIENTED_EDGE('',*,*,#13015,.T.);
#13594 = ORIENTED_EDGE('',*,*,#13071,.T.);
#13595 = ORIENTED_EDGE('',*,*,#13113,.T.);
#13596 = ORIENTED_EDGE('',*,*,#13169,.T.);
#13597 = ORIENTED_EDGE('',*,*,#13187,.T.);
#13598 = ORIENTED_EDGE('',*,*,#13137,.T.);
#13599 = ORIENTED_EDGE('',*,*,#13096,.T.);
#13600 = ORIENTED_EDGE('',*,*,#13046,.F.);
#13601 = FACE_BOUND('',#13602,.T.);
#13602 = EDGE_LOOP('',(#13603));
#13603 = ORIENTED_EDGE('',*,*,#10323,.F.);
#13604 = FACE_BOUND('',#13605,.T.);
#13605 = EDGE_LOOP('',(#13606));
#13606 = ORIENTED_EDGE('',*,*,#10348,.F.);
#13607 = PLANE('',#13608);
#13608 = AXIS2_PLACEMENT_3D('',#13609,#13610,#13611);
#13609 = CARTESIAN_POINT('',(-51.941,-89.96445099593,9.));
#13610 = DIRECTION('',(0.,0.,1.));
#13611 = DIRECTION('',(1.,0.,0.));
#13612 = ADVANCED_FACE('',(#13613,#13623,#13626),#13629,.T.);
#13613 = FACE_BOUND('',#13614,.T.);
#13614 = EDGE_LOOP('',(#13615,#13616,#13617,#13618,#13619,#13620,#13621,
    #13622));
#13615 = ORIENTED_EDGE('',*,*,#13407,.T.);
#13616 = ORIENTED_EDGE('',*,*,#13463,.T.);
#13617 = ORIENTED_EDGE('',*,*,#13505,.T.);
#13618 = ORIENTED_EDGE('',*,*,#13561,.T.);
#13619 = ORIENTED_EDGE('',*,*,#13579,.T.);
#13620 = ORIENTED_EDGE('',*,*,#13529,.T.);
#13621 = ORIENTED_EDGE('',*,*,#13488,.T.);
#13622 = ORIENTED_EDGE('',*,*,#13438,.F.);
#13623 = FACE_BOUND('',#13624,.T.);
#13624 = EDGE_LOOP('',(#13625));
#13625 = ORIENTED_EDGE('',*,*,#11350,.F.);
#13626 = FACE_BOUND('',#13627,.T.);
#13627 = EDGE_LOOP('',(#13628));
#13628 = ORIENTED_EDGE('',*,*,#11325,.F.);
#13629 = PLANE('',#13630);
#13630 = AXIS2_PLACEMENT_3D('',#13631,#13632,#13633);
#13631 = CARTESIAN_POINT('',(103.882,0.,9.));
#13632 = DIRECTION('',(0.,0.,1.));
#13633 = DIRECTION('',(1.,0.,0.));
#13634 = ADVANCED_FACE('',(#13635,#13645,#13648),#13651,.T.);
#13635 = FACE_BOUND('',#13636,.T.);
#13636 = EDGE_LOOP('',(#13637,#13638,#13639,#13640,#13641,#13642,#13643,
    #13644));
#13637 = ORIENTED_EDGE('',*,*,#13211,.T.);
#13638 = ORIENTED_EDGE('',*,*,#13267,.T.);
#13639 = ORIENTED_EDGE('',*,*,#13309,.T.);
#13640 = ORIENTED_EDGE('',*,*,#13365,.T.);
#13641 = ORIENTED_EDGE('',*,*,#13383,.T.);
#13642 = ORIENTED_EDGE('',*,*,#13333,.T.);
#13643 = ORIENTED_EDGE('',*,*,#13292,.T.);
#13644 = ORIENTED_EDGE('',*,*,#13242,.F.);
#13645 = FACE_BOUND('',#13646,.T.);
#13646 = EDGE_LOOP('',(#13647));
#13647 = ORIENTED_EDGE('',*,*,#12871,.F.);
#13648 = FACE_BOUND('',#13649,.T.);
#13649 = EDGE_LOOP('',(#13650));
#13650 = ORIENTED_EDGE('',*,*,#12896,.F.);
#13651 = PLANE('',#13652);
#13652 = AXIS2_PLACEMENT_3D('',#13653,#13654,#13655);
#13653 = CARTESIAN_POINT('',(-51.941,89.964450995935,9.));
#13654 = DIRECTION('',(0.,0.,1.));
#13655 = DIRECTION('',(1.,0.,0.));
#13656 = ( GEOMETRIC_REPRESENTATION_CONTEXT(3) 
GLOBAL_UNCERTAINTY_ASSIGNED_CONTEXT((#13660)) 
GLOBAL_UNIT_ASSIGNED_CONTEXT((#13657,#13658,#13659)) 
REPRESENTATION_CONTEXT('Context #1',
  '3D Context with UNIT and UNCERTAINTY') );
#13657 = ( LENGTH_UNIT() NAMED_UNIT(*) SI_UNIT(.MILLI.,.METRE.) );
#13658 = ( NAMED_UNIT(*) PLANE_ANGLE_UNIT() SI_UNIT($,.RADIAN.) );
#13659 = ( NAMED_UNIT(*) SI_UNIT($,.STERADIAN.) SOLID_ANGLE_UNIT() );
#13660 = UNCERTAINTY_MEASURE_WITH_UNIT(LENGTH_MEASURE(2.E-07),#13657,
  'distance_accuracy_value','confusion accuracy');
#13661 = PRODUCT_RELATED_PRODUCT_CATEGORY('part',$,(#7));
ENDSEC;
END-ISO-10303-21;
